dataset_name,subject_id,session_id,trial_id,sensor_id,activity
PHYTMO,A02,1,1,Lshin,GAT0
PHYTMO,A02,1,1,Lshin,HAAR0
PHYTMO,A02,1,1,Lshin,GAT0
PHYTMO,A02,1,1,Lshin,HAAR0
PHYTMO,A02,1,1,Lshin,GAT0
PHYTMO,A02,1,1,Lshin,HAAR0
PHYTMO,A02,1,1,Lshin,GAT0
PHYTMO,A02,1,1,Lshin,HAAR0
PHYTMO,A02,1,1,Lshin,GAT0
PHYTMO,A02,1,1,Lshin,HAAR0
PHYTMO,A02,1,1,Lshin,GAT0
PHYTMO,A02,1,1,Lshin,HAAR0
PHYTMO,A02,1,1,Lshin,GAT0
PHYTMO,A02,1,1,Lshin,GAT0
PHYTMO,A02,1,1,Lshin,GAT0
PHYTMO,A02,1,1,Lshin,HAAR0
PHYTMO,A02,1,1,Lshin,HAAR0
PHYTMO,A02,1,1,Lshin,GAT0
PHYTMO,A02,1,1,Lshin,GAT0
PHYTMO,A02,1,1,Lshin,HAAR0
PHYTMO,A02,1,1,Lshin,HAAR0
PHYTMO,A02,1,1,Lshin,GAT0
PHYTMO,A02,1,1,Lshin,GAT0
PHYTMO,A02,1,1,Lshin,HAAR0
PHYTMO,A02,1,1,Lshin,HAAR0
PHYTMO,A02,1,1,Lshin,GAT0
PHYTMO,A02,1,1,Lshin,GAT0
PHYTMO,A02,1,1,Lshin,HAAR0
PHYTMO,A02,1,1,Lshin,HAAR0
PHYTMO,A02,1,1,Lshin,GAT0
PHYTMO,A02,1,1,Lshin,GAT0
PHYTMO,A02,1,1,Lshin,HAAR0
PHYTMO,A02,1,1,Lshin,HAAR0
PHYTMO,A02,1,1,Lshin,GAT0
PHYTMO,A02,1,1,Lshin,GAT0
PHYTMO,A02,1,1,Lshin,HAAR0
PHYTMO,A02,1,1,Lshin,HAAR0
PHYTMO,A02,1,1,Lshin,KFEL0
PHYTMO,A02,1,1,Lshin,GAT0
PHYTMO,A02,1,1,Lshin,GAT0
PHYTMO,A02,1,1,Lshin,HAAR0
PHYTMO,A02,1,1,Lshin,KFEL0
PHYTMO,A02,1,1,Lshin,GAT0
PHYTMO,A02,1,1,Lshin,GAT0
PHYTMO,A02,1,1,Lshin,HAAR0
PHYTMO,A02,1,1,Lshin,HAAR0
PHYTMO,A02,1,1,Lshin,KFEL0
PHYTMO,A02,1,1,Lshin,GAT0
PHYTMO,A02,1,1,Lshin,GAT0
PHYTMO,A02,1,1,Lshin,KFEL0
PHYTMO,A02,1,1,Lshin,HAAR0
PHYTMO,A02,1,1,Lshin,HAAR0
PHYTMO,A02,1,1,Lshin,GAT0
PHYTMO,A02,1,1,Lshin,GAT0
PHYTMO,A02,1,1,Lshin,KFEL0
PHYTMO,A02,1,1,Lshin,HAAR0
PHYTMO,A02,1,1,Lshin,HAAR0
PHYTMO,A02,1,1,Lshin,GAT0
PHYTMO,A02,1,1,Lshin,GAT0
PHYTMO,A02,1,1,Lshin,KFEL0
PHYTMO,A02,1,1,Lshin,HAAR0
PHYTMO,A02,1,1,Lshin,HAAR0
PHYTMO,A02,1,1,Lshin,GAT0
PHYTMO,A02,1,1,Lshin,GAT0
PHYTMO,A02,1,1,Lshin,KFEL0
PHYTMO,A02,1,1,Lshin,HAAR0
PHYTMO,A02,1,1,Lshin,HAAR0
PHYTMO,A02,1,1,Lshin,GAT0
PHYTMO,A02,1,1,Lshin,GAT0
PHYTMO,A02,1,1,Lshin,HAAR0
PHYTMO,A02,1,1,Lshin,HAAR0
PHYTMO,A02,1,1,Lshin,KFEL0
PHYTMO,A02,1,1,Lshin,GAT0
PHYTMO,A02,1,1,Lshin,GAT0
PHYTMO,A02,1,1,Lshin,KFEL0
PHYTMO,A02,1,1,Lshin,HAAR0
PHYTMO,A02,1,1,Lshin,HAAR0
PHYTMO,A02,1,1,Lshin,GAT0
PHYTMO,A02,1,1,Lshin,GAT0
PHYTMO,A02,1,1,Lshin,HAAR0
PHYTMO,A02,1,1,Lshin,HAAR0
PHYTMO,A02,1,1,Lshin,KFEL0
PHYTMO,A02,1,1,Lshin,GAT0
PHYTMO,A02,1,1,Lshin,GAT0
PHYTMO,A02,1,1,Lshin,HAAR0
PHYTMO,A02,1,1,Lshin,HAAR0
PHYTMO,A02,1,1,Lshin,KFEL0
PHYTMO,A02,1,1,Lshin,GAT0
PHYTMO,A02,1,1,Lshin,GAT0
PHYTMO,A02,1,1,Lshin,KFEL0
PHYTMO,A02,1,1,Lshin,HAAR0
PHYTMO,A02,1,1,Lshin,HAAR0
PHYTMO,A02,1,1,Lshin,GAT0
PHYTMO,A02,1,1,Lshin,GAT0
PHYTMO,A02,1,1,Lshin,HAAR0
PHYTMO,A02,1,1,Lshin,HAAR0
PHYTMO,A02,1,1,Lshin,KFEL0
PHYTMO,A02,1,1,Lshin,GAT0
PHYTMO,A02,1,1,Lshin,GAT0
PHYTMO,A02,1,1,Lshin,KFEL0
PHYTMO,A02,1,1,Lshin,HAAR0
PHYTMO,A02,1,1,Lshin,HAAR0
PHYTMO,A02,1,1,Lshin,GAT0
PHYTMO,A02,1,1,Lshin,GAT0
PHYTMO,A02,1,1,Lshin,HAAR0
PHYTMO,A02,1,1,Lshin,HAAR0
PHYTMO,A02,1,1,Lshin,KFEL0
PHYTMO,A02,1,1,Lshin,GAT0
PHYTMO,A02,1,1,Lshin,GAT0
PHYTMO,A02,1,1,Lshin,HAAR0
PHYTMO,A02,1,1,Lshin,HAAR0
PHYTMO,A02,1,1,Lshin,KFEL0
PHYTMO,A02,1,1,Lshin,GAT0
PHYTMO,A02,1,1,Lshin,GAT0
PHYTMO,A02,1,1,Lshin,KFEL0
PHYTMO,A02,1,1,Lshin,HAAR0
PHYTMO,A02,1,1,Lshin,HAAR0
PHYTMO,A02,1,1,Lshin,GAT0
PHYTMO,A02,1,1,Lshin,GAT0
PHYTMO,A02,1,1,Lshin,KFEL0
PHYTMO,A02,1,1,Lshin,KFEL0
PHYTMO,A02,1,1,Lshin,GAT0
PHYTMO,A02,1,1,Lshin,GAT0
PHYTMO,A02,1,1,Lshin,KFEL0
PHYTMO,A02,1,1,Lshin,KFEL0
PHYTMO,A02,1,1,Lshin,GAT0
PHYTMO,A02,1,1,Lshin,SQT0
PHYTMO,A02,1,1,Lshin,KFEL0
PHYTMO,A02,1,1,Lshin,KFEL0
PHYTMO,A02,1,1,Lshin,SQT0
PHYTMO,A02,1,1,Lshin,KFEL0
PHYTMO,A02,1,1,Lshin,SQT0
PHYTMO,A02,1,1,Lshin,KFEL0
PHYTMO,A02,1,1,Lshin,SQT0
PHYTMO,A02,1,1,Lshin,KFEL0
PHYTMO,A02,1,1,Lshin,KFEL0
PHYTMO,A02,1,1,Lshin,SQT0
PHYTMO,A02,1,1,Lshin,KFEL0
PHYTMO,A02,1,1,Lshin,SQT0
PHYTMO,A02,1,1,Lshin,KFEL0
PHYTMO,A02,1,1,Lshin,SQT0
PHYTMO,A02,1,1,Lshin,KFEL0
PHYTMO,A02,1,1,Lshin,SQT0
PHYTMO,A02,1,1,Lshin,KFEL0
PHYTMO,A02,1,1,Lshin,SQT0
PHYTMO,A02,1,1,Lshin,KFEL0
PHYTMO,A02,1,1,Lshin,SQT0
PHYTMO,A02,1,1,Lshin,KFEL0
PHYTMO,A02,1,1,Lshin,KFEL0
PHYTMO,A02,1,1,Lshin,KFEL0
PHYTMO,A02,1,1,Lshin,KFEL0
PHYTMO,A02,1,1,Lshin,KFEL0
PHYTMO,A02,1,1,Lshin,KFEL0
PHYTMO,A02,1,1,Lshin,KFEL0
PHYTMO,A02,1,1,Lshin,KFEL0
PHYTMO,A02,1,1,Lshin,KFEL0
PHYTMO,A02,1,1,Lshin,KFEL0
PHYTMO,A02,1,1,Lshin,KFEL0
PHYTMO,A02,1,1,Lshin,KFEL0
PHYTMO,A02,1,1,Lshin,KFEL0
PHYTMO,A02,1,1,Lshin,KFEL0
PHYTMO,A02,1,1,Lshin,KFEL0
PHYTMO,A02,1,1,Lshin,KFEL0
PHYTMO,A02,1,1,Lshin,KFEL0
PHYTMO,A02,1,1,Lshin,HAAR1
PHYTMO,A02,1,1,Lshin,HAAR1
PHYTMO,A02,1,1,Lshin,HAAR1
PHYTMO,A02,1,1,Lshin,HAAR1
PHYTMO,A02,1,1,Lshin,HAAR1
PHYTMO,A02,1,1,Lshin,HAAR1
PHYTMO,A02,1,1,Lshin,GIS
PHYTMO,A02,1,1,Lshin,GIS
PHYTMO,A02,1,1,Lshin,GIS
PHYTMO,A02,1,1,Lshin,GIS
PHYTMO,A02,1,1,Lshin,GIS
PHYTMO,A02,1,1,Lshin,GIS
PHYTMO,A02,1,1,Lshin,GIS
PHYTMO,A02,1,1,Lshin,GIS
PHYTMO,A02,1,1,Lshin,GIS
PHYTMO,A02,1,1,Lshin,GIS
PHYTMO,A02,1,1,Lshin,GIS
PHYTMO,A02,1,1,Lshin,GIS
PHYTMO,A02,1,1,Lshin,GIS
PHYTMO,A02,1,1,Lshin,GIS
PHYTMO,A02,1,1,Lshin,HAAR1
PHYTMO,A02,1,1,Lshin,SQT1
PHYTMO,A02,1,1,Lshin,GIS
PHYTMO,A02,1,1,Lshin,HAAR1
PHYTMO,A02,1,1,Lshin,SQT1
PHYTMO,A02,1,1,Lshin,GIS
PHYTMO,A02,1,1,Lshin,HAAR1
PHYTMO,A02,1,1,Lshin,SQT1
PHYTMO,A02,1,1,Lshin,GIS
PHYTMO,A02,1,1,Lshin,HAAR1
PHYTMO,A02,1,1,Lshin,SQT1
PHYTMO,A02,1,1,Lshin,GIS
PHYTMO,A02,1,1,Lshin,HAAR1
PHYTMO,A02,1,1,Lshin,SQT1
PHYTMO,A02,1,1,Lshin,GIS
PHYTMO,A02,1,1,Lshin,HAAR1
PHYTMO,A02,1,1,Lshin,SQT1
PHYTMO,A02,1,1,Lshin,GIS
PHYTMO,A02,1,1,Lshin,HAAR1
PHYTMO,A02,1,1,Lshin,SQT1
PHYTMO,A02,1,1,Lshin,GIS
PHYTMO,A02,1,1,Lshin,HAAR1
PHYTMO,A02,1,1,Lshin,SQT1
PHYTMO,A02,1,1,Lshin,GIS
PHYTMO,A02,1,1,Lshin,HAAR1
PHYTMO,A02,1,1,Lshin,SQT1
PHYTMO,A02,1,1,Lshin,GIS
PHYTMO,A02,1,1,Lshin,HAAR1
PHYTMO,A02,1,1,Lshin,HAAR1
PHYTMO,A02,1,1,Lshin,GIS
PHYTMO,A02,1,1,Lshin,GIS
PHYTMO,A02,1,1,Lshin,KFEL1
PHYTMO,A02,1,1,Lshin,HAAR1
PHYTMO,A02,1,1,Lshin,GIS
PHYTMO,A02,1,1,Lshin,GIS
PHYTMO,A02,1,1,Lshin,HAAR1
PHYTMO,A02,1,1,Lshin,HAAR1
PHYTMO,A02,1,1,Lshin,GIS
PHYTMO,A02,1,1,Lshin,GIS
PHYTMO,A02,1,1,Lshin,KFEL1
PHYTMO,A02,1,1,Lshin,HAAR1
PHYTMO,A02,1,1,Lshin,GIS
PHYTMO,A02,1,1,Lshin,GIS
PHYTMO,A02,1,1,Lshin,KFEL1
PHYTMO,A02,1,1,Lshin,HAAR1
PHYTMO,A02,1,1,Lshin,GIS
PHYTMO,A02,1,1,Lshin,GIS
PHYTMO,A02,1,1,Lshin,HAAR1
PHYTMO,A02,1,1,Lshin,HAAR1
PHYTMO,A02,1,1,Lshin,GIS
PHYTMO,A02,1,1,Lshin,GIS
PHYTMO,A02,1,1,Lshin,KFEL1
PHYTMO,A02,1,1,Lshin,HAAR1
PHYTMO,A02,1,1,Lshin,GIS
PHYTMO,A02,1,1,Lshin,GIS
PHYTMO,A02,1,1,Lshin,HAAR1
PHYTMO,A02,1,1,Lshin,HAAR1
PHYTMO,A02,1,1,Lshin,GIS
PHYTMO,A02,1,1,Lshin,GIS
PHYTMO,A02,1,1,Lshin,HAAR1
PHYTMO,A02,1,1,Lshin,HAAR1
PHYTMO,A02,1,1,Lshin,GIS
PHYTMO,A02,1,1,Lshin,GIS
PHYTMO,A02,1,1,Lshin,KFEL1
PHYTMO,A02,1,1,Lshin,HAAR1
PHYTMO,A02,1,1,Lshin,GIS
PHYTMO,A02,1,1,Lshin,GIS
PHYTMO,A02,1,1,Lshin,KFEL1
PHYTMO,A02,1,1,Lshin,HAAR1
PHYTMO,A02,1,1,Lshin,GIS
PHYTMO,A02,1,1,Lshin,GIS
PHYTMO,A02,1,1,Lshin,HAAR1
PHYTMO,A02,1,1,Lshin,HAAR1
PHYTMO,A02,1,1,Lshin,GIS
PHYTMO,A02,1,1,Lshin,GIS
PHYTMO,A02,1,1,Lshin,HAAR1
PHYTMO,A02,1,1,Lshin,HAAR1
PHYTMO,A02,1,1,Lshin,KFEL1
PHYTMO,A02,1,1,Lshin,KFEL1
PHYTMO,A02,1,1,Lshin,SQT1
PHYTMO,A02,1,1,Lshin,HAAR1
PHYTMO,A02,1,1,Lshin,KFEL1
PHYTMO,A02,1,1,Lshin,SQT1
PHYTMO,A02,1,1,Lshin,HAAR1
PHYTMO,A02,1,1,Lshin,KFEL1
PHYTMO,A02,1,1,Lshin,SQT1
PHYTMO,A02,1,1,Lshin,HAAR1
PHYTMO,A02,1,1,Lshin,HAAR1
PHYTMO,A02,1,1,Lshin,SQT1
PHYTMO,A02,1,1,Lshin,KFEL1
PHYTMO,A02,1,1,Lshin,HAAR1
PHYTMO,A02,1,1,Lshin,SQT1
PHYTMO,A02,1,1,Lshin,KFEL1
PHYTMO,A02,1,1,Lshin,HAAR1
PHYTMO,A02,1,1,Lshin,SQT1
PHYTMO,A02,1,1,Lshin,KFEL1
PHYTMO,A02,1,1,Lshin,KFEL1
PHYTMO,A02,1,1,Lshin,SQT1
PHYTMO,A02,1,1,Lshin,KFEL1
PHYTMO,A02,1,1,Lshin,KFEL1
PHYTMO,A02,1,1,Lshin,KFEL1
PHYTMO,A02,1,1,Lshin,KFEL1
PHYTMO,A02,1,1,Lshin,KFEL1
PHYTMO,A02,1,1,Lshin,KFEL1
PHYTMO,A02,1,1,Lshin,KFEL1
PHYTMO,A02,1,1,Lshin,KFEL1
PHYTMO,A02,1,1,Lshin,KFEL1
PHYTMO,A02,1,1,Lshin,KFEL1
PHYTMO,A02,1,1,Lshin,KFEL1
PHYTMO,A02,1,1,Lshin,KFEL1
PHYTMO,A02,1,1,Lshin,KFEL1
PHYTMO,A02,1,1,Lshin,KFEL1
PHYTMO,A02,1,1,Lshin,KFEL1
PHYTMO,A02,1,1,Lshin,KFEL1
PHYTMO,A02,1,1,Lshin,KFEL1
PHYTMO,A02,1,1,Lshin,KFEL1
PHYTMO,A02,1,1,Lshin,KFEL1
PHYTMO,A02,1,1,Lshin,KFEL1
PHYTMO,A02,1,1,Lshin,SQT1
PHYTMO,A02,1,1,Lshin,SQT1
PHYTMO,A02,1,1,Lshin,SQT1
PHYTMO,A02,1,1,Lshin,SQT1
PHYTMO,A02,1,1,Lshin,HAAL0
PHYTMO,A02,1,1,Lshin,HAAL0
PHYTMO,A02,1,1,Lshin,HAAL0
PHYTMO,A02,1,1,Lshin,HAAL0
PHYTMO,A02,1,1,Lshin,HAAL0
PHYTMO,A02,1,1,Lshin,HAAL0
PHYTMO,A02,1,1,Lshin,HAAL0
PHYTMO,A02,1,1,Lshin,HAAL0
PHYTMO,A02,1,1,Lshin,HAAL0
PHYTMO,A02,1,1,Lshin,HAAL0
PHYTMO,A02,1,1,Lshin,HAAL0
PHYTMO,A02,1,1,Lshin,HAAL0
PHYTMO,A02,1,1,Lshin,HAAL0
PHYTMO,A02,1,1,Lshin,HAAL0
PHYTMO,A02,1,1,Lshin,HAAL0
PHYTMO,A02,1,1,Lshin,HAAL0
PHYTMO,A02,1,1,Lshin,HAAL0
PHYTMO,A02,1,1,Lshin,HAAL0
PHYTMO,A02,1,1,Lshin,HAAL0
PHYTMO,A02,1,1,Lshin,HAAL0
PHYTMO,A02,1,1,Lshin,HAAL0
PHYTMO,A02,1,1,Lshin,HAAL0
PHYTMO,A02,1,1,Lshin,HAAL0
PHYTMO,A02,1,1,Lshin,HAAL0
PHYTMO,A02,1,1,Lshin,HAAL0
PHYTMO,A02,1,1,Lshin,HAAL0
PHYTMO,A02,1,1,Lshin,HAAL0
PHYTMO,A02,1,1,Lshin,HAAL0
PHYTMO,A02,1,1,Lshin,HAAL0
PHYTMO,A02,1,1,Lshin,HAAL0
PHYTMO,A02,1,1,Lshin,HAAL0
PHYTMO,A02,1,1,Lshin,HAAL0
PHYTMO,A02,1,1,Lshin,HAAL0
PHYTMO,A02,1,1,Lshin,HAAL0
PHYTMO,A02,1,1,Lshin,HAAL0
PHYTMO,A02,1,1,Lshin,HAAL0
PHYTMO,A02,1,1,Lshin,HAAL0
PHYTMO,A02,1,1,Lshin,HAAL0
PHYTMO,A02,1,1,Lshin,HAAL0
PHYTMO,A02,1,1,Lthigh,HAAR0
PHYTMO,A02,1,1,Lthigh,HAAR0
PHYTMO,A02,1,1,Lthigh,HAAR0
PHYTMO,A02,1,1,Lthigh,GAT0
PHYTMO,A02,1,1,Lthigh,GAT0
PHYTMO,A02,1,1,Lthigh,HAAR0
PHYTMO,A02,1,1,Lthigh,GAT0
PHYTMO,A02,1,1,Lthigh,HAAR0
PHYTMO,A02,1,1,Lthigh,HAAR0
PHYTMO,A02,1,1,Lthigh,GAT0
PHYTMO,A02,1,1,Lthigh,HAAR0
PHYTMO,A02,1,1,Lthigh,GAT0
PHYTMO,A02,1,1,Lthigh,GAT0
PHYTMO,A02,1,1,Lthigh,HAAR0
PHYTMO,A02,1,1,Lthigh,GAT0
PHYTMO,A02,1,1,Lthigh,GAT0
PHYTMO,A02,1,1,Lthigh,HAAR0
PHYTMO,A02,1,1,Lthigh,HAAR0
PHYTMO,A02,1,1,Lthigh,GAT0
PHYTMO,A02,1,1,Lthigh,GAT0
PHYTMO,A02,1,1,Lthigh,HAAR0
PHYTMO,A02,1,1,Lthigh,HAAR0
PHYTMO,A02,1,1,Lthigh,GAT0
PHYTMO,A02,1,1,Lthigh,GAT0
PHYTMO,A02,1,1,Lthigh,HAAR0
PHYTMO,A02,1,1,Lthigh,HAAR0
PHYTMO,A02,1,1,Lthigh,GAT0
PHYTMO,A02,1,1,Lthigh,GAT0
PHYTMO,A02,1,1,Lthigh,HAAR0
PHYTMO,A02,1,1,Lthigh,GAT0
PHYTMO,A02,1,1,Lthigh,GAT0
PHYTMO,A02,1,1,Lthigh,HAAR0
PHYTMO,A02,1,1,Lthigh,HAAR0
PHYTMO,A02,1,1,Lthigh,GAT0
PHYTMO,A02,1,1,Lthigh,GAT0
PHYTMO,A02,1,1,Lthigh,HAAR0
PHYTMO,A02,1,1,Lthigh,HAAR0
PHYTMO,A02,1,1,Lthigh,GAT0
PHYTMO,A02,1,1,Lthigh,GAT0
PHYTMO,A02,1,1,Lthigh,HAAR0
PHYTMO,A02,1,1,Lthigh,KFEL0
PHYTMO,A02,1,1,Lthigh,GAT0
PHYTMO,A02,1,1,Lthigh,GAT0
PHYTMO,A02,1,1,Lthigh,HAAR0
PHYTMO,A02,1,1,Lthigh,KFEL0
PHYTMO,A02,1,1,Lthigh,GAT0
PHYTMO,A02,1,1,Lthigh,GAT0
PHYTMO,A02,1,1,Lthigh,KFEL0
PHYTMO,A02,1,1,Lthigh,HAAR0
PHYTMO,A02,1,1,Lthigh,HAAR0
PHYTMO,A02,1,1,Lthigh,GAT0
PHYTMO,A02,1,1,Lthigh,GAT0
PHYTMO,A02,1,1,Lthigh,KFEL0
PHYTMO,A02,1,1,Lthigh,HAAR0
PHYTMO,A02,1,1,Lthigh,HAAR0
PHYTMO,A02,1,1,Lthigh,GAT0
PHYTMO,A02,1,1,Lthigh,GAT0
PHYTMO,A02,1,1,Lthigh,HAAR0
PHYTMO,A02,1,1,Lthigh,HAAR0
PHYTMO,A02,1,1,Lthigh,GAT0
PHYTMO,A02,1,1,Lthigh,GAT0
PHYTMO,A02,1,1,Lthigh,HAAR0
PHYTMO,A02,1,1,Lthigh,KFEL0
PHYTMO,A02,1,1,Lthigh,GAT0
PHYTMO,A02,1,1,Lthigh,GAT0
PHYTMO,A02,1,1,Lthigh,HAAR0
PHYTMO,A02,1,1,Lthigh,HAAR0
PHYTMO,A02,1,1,Lthigh,KFEL0
PHYTMO,A02,1,1,Lthigh,GAT0
PHYTMO,A02,1,1,Lthigh,GAT0
PHYTMO,A02,1,1,Lthigh,HAAR0
PHYTMO,A02,1,1,Lthigh,HAAR0
PHYTMO,A02,1,1,Lthigh,KFEL0
PHYTMO,A02,1,1,Lthigh,GAT0
PHYTMO,A02,1,1,Lthigh,GAT0
PHYTMO,A02,1,1,Lthigh,HAAR0
PHYTMO,A02,1,1,Lthigh,HAAR0
PHYTMO,A02,1,1,Lthigh,KFEL0
PHYTMO,A02,1,1,Lthigh,GAT0
PHYTMO,A02,1,1,Lthigh,GAT0
PHYTMO,A02,1,1,Lthigh,HAAR0
PHYTMO,A02,1,1,Lthigh,KFEL0
PHYTMO,A02,1,1,Lthigh,GAT0
PHYTMO,A02,1,1,Lthigh,GAT0
PHYTMO,A02,1,1,Lthigh,KFEL0
PHYTMO,A02,1,1,Lthigh,HAAR0
PHYTMO,A02,1,1,Lthigh,HAAR0
PHYTMO,A02,1,1,Lthigh,GAT0
PHYTMO,A02,1,1,Lthigh,GAT0
PHYTMO,A02,1,1,Lthigh,HAAR0
PHYTMO,A02,1,1,Lthigh,HAAR0
PHYTMO,A02,1,1,Lthigh,KFEL0
PHYTMO,A02,1,1,Lthigh,GAT0
PHYTMO,A02,1,1,Lthigh,GAT0
PHYTMO,A02,1,1,Lthigh,KFEL0
PHYTMO,A02,1,1,Lthigh,HAAR0
PHYTMO,A02,1,1,Lthigh,HAAR0
PHYTMO,A02,1,1,Lthigh,GAT0
PHYTMO,A02,1,1,Lthigh,GAT0
PHYTMO,A02,1,1,Lthigh,HAAR0
PHYTMO,A02,1,1,Lthigh,HAAR0
PHYTMO,A02,1,1,Lthigh,KFEL0
PHYTMO,A02,1,1,Lthigh,GAT0
PHYTMO,A02,1,1,Lthigh,GAT0
PHYTMO,A02,1,1,Lthigh,HAAR0
PHYTMO,A02,1,1,Lthigh,KFEL0
PHYTMO,A02,1,1,Lthigh,GAT0
PHYTMO,A02,1,1,Lthigh,GAT0
PHYTMO,A02,1,1,Lthigh,GAT0
PHYTMO,A02,1,1,Lthigh,GAT0
PHYTMO,A02,1,1,Lthigh,KFEL0
PHYTMO,A02,1,1,Lthigh,GAT0
PHYTMO,A02,1,1,Lthigh,GAT0
PHYTMO,A02,1,1,Lthigh,KFEL0
PHYTMO,A02,1,1,Lthigh,GAT0
PHYTMO,A02,1,1,Lthigh,GAT0
PHYTMO,A02,1,1,Lthigh,KFEL0
PHYTMO,A02,1,1,Lthigh,KFEL0
PHYTMO,A02,1,1,Lthigh,GAT0
PHYTMO,A02,1,1,Lthigh,GAT0
PHYTMO,A02,1,1,Lthigh,KFEL0
PHYTMO,A02,1,1,Lthigh,GAT0
PHYTMO,A02,1,1,Lthigh,KFEL0
PHYTMO,A02,1,1,Lthigh,KFEL0
PHYTMO,A02,1,1,Lthigh,SQT0
PHYTMO,A02,1,1,Lthigh,KFEL0
PHYTMO,A02,1,1,Lthigh,SQT0
PHYTMO,A02,1,1,Lthigh,KFEL0
PHYTMO,A02,1,1,Lthigh,KFEL0
PHYTMO,A02,1,1,Lthigh,SQT0
PHYTMO,A02,1,1,Lthigh,KFEL0
PHYTMO,A02,1,1,Lthigh,SQT0
PHYTMO,A02,1,1,Lthigh,KFEL0
PHYTMO,A02,1,1,Lthigh,SQT0
PHYTMO,A02,1,1,Lthigh,KFEL0
PHYTMO,A02,1,1,Lthigh,SQT0
PHYTMO,A02,1,1,Lthigh,KFEL0
PHYTMO,A02,1,1,Lthigh,SQT0
PHYTMO,A02,1,1,Lthigh,KFEL0
PHYTMO,A02,1,1,Lthigh,KFEL0
PHYTMO,A02,1,1,Lthigh,KFEL0
PHYTMO,A02,1,1,Lthigh,KFEL0
PHYTMO,A02,1,1,Lthigh,KFEL0
PHYTMO,A02,1,1,Lthigh,KFEL0
PHYTMO,A02,1,1,Lthigh,KFEL0
PHYTMO,A02,1,1,Lthigh,KFEL0
PHYTMO,A02,1,1,Lthigh,KFEL0
PHYTMO,A02,1,1,Lthigh,KFEL0
PHYTMO,A02,1,1,Lthigh,KFEL0
PHYTMO,A02,1,1,Lthigh,KFEL0
PHYTMO,A02,1,1,Lthigh,KFEL0
PHYTMO,A02,1,1,Lthigh,KFEL0
PHYTMO,A02,1,1,Lthigh,KFEL0
PHYTMO,A02,1,1,Lthigh,KFEL0
PHYTMO,A02,1,1,Lthigh,KFEL0
PHYTMO,A02,1,1,Lthigh,KFEL0
PHYTMO,A02,1,1,Lthigh,HAAR1
PHYTMO,A02,1,1,Lthigh,HAAR1
PHYTMO,A02,1,1,Lthigh,HAAR1
PHYTMO,A02,1,1,Lthigh,HAAR1
PHYTMO,A02,1,1,Lthigh,HAAR1
PHYTMO,A02,1,1,Lthigh,HAAR1
PHYTMO,A02,1,1,Lthigh,HAAR1
PHYTMO,A02,1,1,Lthigh,GIS
PHYTMO,A02,1,1,Lthigh,GIS
PHYTMO,A02,1,1,Lthigh,GIS
PHYTMO,A02,1,1,Lthigh,GIS
PHYTMO,A02,1,1,Lthigh,GIS
PHYTMO,A02,1,1,Lthigh,GIS
PHYTMO,A02,1,1,Lthigh,GIS
PHYTMO,A02,1,1,Lthigh,GIS
PHYTMO,A02,1,1,Lthigh,GIS
PHYTMO,A02,1,1,Lthigh,HAAR1
PHYTMO,A02,1,1,Lthigh,HAAR1
PHYTMO,A02,1,1,Lthigh,GIS
PHYTMO,A02,1,1,Lthigh,SQT1
PHYTMO,A02,1,1,Lthigh,HAAR1
PHYTMO,A02,1,1,Lthigh,GIS
PHYTMO,A02,1,1,Lthigh,SQT1
PHYTMO,A02,1,1,Lthigh,HAAR1
PHYTMO,A02,1,1,Lthigh,GIS
PHYTMO,A02,1,1,Lthigh,SQT1
PHYTMO,A02,1,1,Lthigh,HAAR1
PHYTMO,A02,1,1,Lthigh,GIS
PHYTMO,A02,1,1,Lthigh,SQT1
PHYTMO,A02,1,1,Lthigh,HAAR1
PHYTMO,A02,1,1,Lthigh,GIS
PHYTMO,A02,1,1,Lthigh,SQT1
PHYTMO,A02,1,1,Lthigh,HAAR1
PHYTMO,A02,1,1,Lthigh,GIS
PHYTMO,A02,1,1,Lthigh,SQT1
PHYTMO,A02,1,1,Lthigh,HAAR1
PHYTMO,A02,1,1,Lthigh,GIS
PHYTMO,A02,1,1,Lthigh,SQT1
PHYTMO,A02,1,1,Lthigh,HAAR1
PHYTMO,A02,1,1,Lthigh,GIS
PHYTMO,A02,1,1,Lthigh,SQT1
PHYTMO,A02,1,1,Lthigh,HAAR1
PHYTMO,A02,1,1,Lthigh,GIS
PHYTMO,A02,1,1,Lthigh,SQT1
PHYTMO,A02,1,1,Lthigh,GIS
PHYTMO,A02,1,1,Lthigh,GIS
PHYTMO,A02,1,1,Lthigh,HAAR1
PHYTMO,A02,1,1,Lthigh,HAAR1
PHYTMO,A02,1,1,Lthigh,GIS
PHYTMO,A02,1,1,Lthigh,GIS
PHYTMO,A02,1,1,Lthigh,HAAR1
PHYTMO,A02,1,1,Lthigh,HAAR1
PHYTMO,A02,1,1,Lthigh,GIS
PHYTMO,A02,1,1,Lthigh,GIS
PHYTMO,A02,1,1,Lthigh,HAAR1
PHYTMO,A02,1,1,Lthigh,KFEL1
PHYTMO,A02,1,1,Lthigh,GIS
PHYTMO,A02,1,1,Lthigh,GIS
PHYTMO,A02,1,1,Lthigh,HAAR1
PHYTMO,A02,1,1,Lthigh,HAAR1
PHYTMO,A02,1,1,Lthigh,GIS
PHYTMO,A02,1,1,Lthigh,GIS
PHYTMO,A02,1,1,Lthigh,HAAR1
PHYTMO,A02,1,1,Lthigh,KFEL1
PHYTMO,A02,1,1,Lthigh,GIS
PHYTMO,A02,1,1,Lthigh,GIS
PHYTMO,A02,1,1,Lthigh,HAAR1
PHYTMO,A02,1,1,Lthigh,HAAR1
PHYTMO,A02,1,1,Lthigh,GIS
PHYTMO,A02,1,1,Lthigh,GIS
PHYTMO,A02,1,1,Lthigh,HAAR1
PHYTMO,A02,1,1,Lthigh,KFEL1
PHYTMO,A02,1,1,Lthigh,GIS
PHYTMO,A02,1,1,Lthigh,GIS
PHYTMO,A02,1,1,Lthigh,HAAR1
PHYTMO,A02,1,1,Lthigh,HAAR1
PHYTMO,A02,1,1,Lthigh,GIS
PHYTMO,A02,1,1,Lthigh,GIS
PHYTMO,A02,1,1,Lthigh,HAAR1
PHYTMO,A02,1,1,Lthigh,HAAR1
PHYTMO,A02,1,1,Lthigh,GIS
PHYTMO,A02,1,1,Lthigh,GIS
PHYTMO,A02,1,1,Lthigh,HAAR1
PHYTMO,A02,1,1,Lthigh,HAAR1
PHYTMO,A02,1,1,Lthigh,GIS
PHYTMO,A02,1,1,Lthigh,GIS
PHYTMO,A02,1,1,Lthigh,HAAR1
PHYTMO,A02,1,1,Lthigh,HAAR1
PHYTMO,A02,1,1,Lthigh,GIS
PHYTMO,A02,1,1,Lthigh,GIS
PHYTMO,A02,1,1,Lthigh,HAAR1
PHYTMO,A02,1,1,Lthigh,KFEL1
PHYTMO,A02,1,1,Lthigh,SQT1
PHYTMO,A02,1,1,Lthigh,GIS
PHYTMO,A02,1,1,Lthigh,GIS
PHYTMO,A02,1,1,Lthigh,HAAR1
PHYTMO,A02,1,1,Lthigh,KFEL1
PHYTMO,A02,1,1,Lthigh,GIS
PHYTMO,A02,1,1,Lthigh,GIS
PHYTMO,A02,1,1,Lthigh,HAAR1
PHYTMO,A02,1,1,Lthigh,KFEL1
PHYTMO,A02,1,1,Lthigh,SQT1
PHYTMO,A02,1,1,Lthigh,HAAR1
PHYTMO,A02,1,1,Lthigh,HAAR1
PHYTMO,A02,1,1,Lthigh,SQT1
PHYTMO,A02,1,1,Lthigh,KFEL1
PHYTMO,A02,1,1,Lthigh,HAAR1
PHYTMO,A02,1,1,Lthigh,SQT1
PHYTMO,A02,1,1,Lthigh,KFEL1
PHYTMO,A02,1,1,Lthigh,KFEL1
PHYTMO,A02,1,1,Lthigh,SQT1
PHYTMO,A02,1,1,Lthigh,HAAR1
PHYTMO,A02,1,1,Lthigh,HAAR1
PHYTMO,A02,1,1,Lthigh,SQT1
PHYTMO,A02,1,1,Lthigh,KFEL1
PHYTMO,A02,1,1,Lthigh,HAAR1
PHYTMO,A02,1,1,Lthigh,SQT1
PHYTMO,A02,1,1,Lthigh,KFEL1
PHYTMO,A02,1,1,Lthigh,KFEL1
PHYTMO,A02,1,1,Lthigh,KFEL1
PHYTMO,A02,1,1,Lthigh,KFEL1
PHYTMO,A02,1,1,Lthigh,KFEL1
PHYTMO,A02,1,1,Lthigh,KFEL1
PHYTMO,A02,1,1,Lthigh,KFEL1
PHYTMO,A02,1,1,Lthigh,KFEL1
PHYTMO,A02,1,1,Lthigh,KFEL1
PHYTMO,A02,1,1,Lthigh,KFEL1
PHYTMO,A02,1,1,Lthigh,KFEL1
PHYTMO,A02,1,1,Lthigh,KFEL1
PHYTMO,A02,1,1,Lthigh,KFEL1
PHYTMO,A02,1,1,Lthigh,KFEL1
PHYTMO,A02,1,1,Lthigh,KFEL1
PHYTMO,A02,1,1,Lthigh,KFEL1
PHYTMO,A02,1,1,Lthigh,KFEL1
PHYTMO,A02,1,1,Lthigh,KFEL1
PHYTMO,A02,1,1,Lthigh,KFEL1
PHYTMO,A02,1,1,Lthigh,KFEL1
PHYTMO,A02,1,1,Lthigh,SQT1
PHYTMO,A02,1,1,Lthigh,SQT1
PHYTMO,A02,1,1,Lthigh,SQT1
PHYTMO,A02,1,1,Lthigh,SQT1
PHYTMO,A02,1,1,Lthigh,HAAL0
PHYTMO,A02,1,1,Lthigh,HAAL0
PHYTMO,A02,1,1,Lthigh,HAAL0
PHYTMO,A02,1,1,Lthigh,HAAL0
PHYTMO,A02,1,1,Lthigh,HAAL0
PHYTMO,A02,1,1,Lthigh,HAAL0
PHYTMO,A02,1,1,Lthigh,HAAL0
PHYTMO,A02,1,1,Lthigh,HAAL0
PHYTMO,A02,1,1,Lthigh,HAAL0
PHYTMO,A02,1,1,Lthigh,HAAL0
PHYTMO,A02,1,1,Lthigh,HAAL0
PHYTMO,A02,1,1,Lthigh,HAAL0
PHYTMO,A02,1,1,Lthigh,HAAL0
PHYTMO,A02,1,1,Lthigh,HAAL0
PHYTMO,A02,1,1,Lthigh,HAAL0
PHYTMO,A02,1,1,Lthigh,HAAL0
PHYTMO,A02,1,1,Lthigh,HAAL0
PHYTMO,A02,1,1,Lthigh,HAAL0
PHYTMO,A02,1,1,Lthigh,HAAL0
PHYTMO,A02,1,1,Lthigh,HAAL0
PHYTMO,A02,1,1,Lthigh,HAAL0
PHYTMO,A02,1,1,Lthigh,HAAL0
PHYTMO,A02,1,1,Lthigh,HAAL0
PHYTMO,A02,1,1,Lthigh,HAAL0
PHYTMO,A02,1,1,Lthigh,HAAL0
PHYTMO,A02,1,1,Lthigh,HAAL0
PHYTMO,A02,1,1,Lthigh,HAAL0
PHYTMO,A02,1,1,Lthigh,HAAL0
PHYTMO,A02,1,1,Lthigh,HAAL0
PHYTMO,A02,1,1,Lthigh,HAAL0
PHYTMO,A02,1,1,Lthigh,HAAL0
PHYTMO,A02,1,1,Lthigh,HAAL0
PHYTMO,A02,1,1,Lthigh,HAAL0
PHYTMO,A02,1,1,Lthigh,HAAL0
PHYTMO,A02,1,1,Lthigh,HAAL0
PHYTMO,A02,1,1,Lthigh,HAAL0
PHYTMO,A02,1,1,Lthigh,HAAL0
PHYTMO,A02,1,1,Lthigh,HAAL0
PHYTMO,A02,1,1,Lthigh,HAAL0
PHYTMO,A02,1,1,Rshin,HAAR0
PHYTMO,A02,1,1,Rshin,HAAR0
PHYTMO,A02,1,1,Rshin,HAAR0
PHYTMO,A02,1,1,Rshin,GAT0
PHYTMO,A02,1,1,Rshin,HAAR0
PHYTMO,A02,1,1,Rshin,GAT0
PHYTMO,A02,1,1,Rshin,HAAR0
PHYTMO,A02,1,1,Rshin,GAT0
PHYTMO,A02,1,1,Rshin,HAAR0
PHYTMO,A02,1,1,Rshin,GAT0
PHYTMO,A02,1,1,Rshin,HAAR0
PHYTMO,A02,1,1,Rshin,GAT0
PHYTMO,A02,1,1,Rshin,HAAR0
PHYTMO,A02,1,1,Rshin,GAT0
PHYTMO,A02,1,1,Rshin,GAT0
PHYTMO,A02,1,1,Rshin,GAT0
PHYTMO,A02,1,1,Rshin,HAAR0
PHYTMO,A02,1,1,Rshin,GAT0
PHYTMO,A02,1,1,Rshin,GAT0
PHYTMO,A02,1,1,Rshin,HAAR0
PHYTMO,A02,1,1,Rshin,GAT0
PHYTMO,A02,1,1,Rshin,GAT0
PHYTMO,A02,1,1,Rshin,HAAR0
PHYTMO,A02,1,1,Rshin,GAT0
PHYTMO,A02,1,1,Rshin,GAT0
PHYTMO,A02,1,1,Rshin,HAAR0
PHYTMO,A02,1,1,Rshin,GAT0
PHYTMO,A02,1,1,Rshin,GAT0
PHYTMO,A02,1,1,Rshin,GAT0
PHYTMO,A02,1,1,Rshin,GAT0
PHYTMO,A02,1,1,Rshin,HAAR0
PHYTMO,A02,1,1,Rshin,KFEL0
PHYTMO,A02,1,1,Rshin,GAT0
PHYTMO,A02,1,1,Rshin,GAT0
PHYTMO,A02,1,1,Rshin,HAAR0
PHYTMO,A02,1,1,Rshin,KFEL0
PHYTMO,A02,1,1,Rshin,GAT0
PHYTMO,A02,1,1,Rshin,GAT0
PHYTMO,A02,1,1,Rshin,HAAR0
PHYTMO,A02,1,1,Rshin,HAAR0
PHYTMO,A02,1,1,Rshin,GAT0
PHYTMO,A02,1,1,Rshin,GAT0
PHYTMO,A02,1,1,Rshin,HAAR0
PHYTMO,A02,1,1,Rshin,HAAR0
PHYTMO,A02,1,1,Rshin,GAT0
PHYTMO,A02,1,1,Rshin,GAT0
PHYTMO,A02,1,1,Rshin,HAAR0
PHYTMO,A02,1,1,Rshin,HAAR0
PHYTMO,A02,1,1,Rshin,GAT0
PHYTMO,A02,1,1,Rshin,GAT0
PHYTMO,A02,1,1,Rshin,HAAR0
PHYTMO,A02,1,1,Rshin,KFEL0
PHYTMO,A02,1,1,Rshin,GAT0
PHYTMO,A02,1,1,Rshin,GAT0
PHYTMO,A02,1,1,Rshin,HAAR0
PHYTMO,A02,1,1,Rshin,HAAR0
PHYTMO,A02,1,1,Rshin,GAT0
PHYTMO,A02,1,1,Rshin,GAT0
PHYTMO,A02,1,1,Rshin,HAAR0
PHYTMO,A02,1,1,Rshin,KFEL0
PHYTMO,A02,1,1,Rshin,GAT0
PHYTMO,A02,1,1,Rshin,GAT0
PHYTMO,A02,1,1,Rshin,HAAR0
PHYTMO,A02,1,1,Rshin,HAAR0
PHYTMO,A02,1,1,Rshin,GAT0
PHYTMO,A02,1,1,Rshin,GAT0
PHYTMO,A02,1,1,Rshin,HAAR0
PHYTMO,A02,1,1,Rshin,HAAR0
PHYTMO,A02,1,1,Rshin,GAT0
PHYTMO,A02,1,1,Rshin,GAT0
PHYTMO,A02,1,1,Rshin,HAAR0
PHYTMO,A02,1,1,Rshin,HAAR0
PHYTMO,A02,1,1,Rshin,GAT0
PHYTMO,A02,1,1,Rshin,GAT0
PHYTMO,A02,1,1,Rshin,HAAR0
PHYTMO,A02,1,1,Rshin,HAAR0
PHYTMO,A02,1,1,Rshin,GAT0
PHYTMO,A02,1,1,Rshin,GAT0
PHYTMO,A02,1,1,Rshin,HAAR0
PHYTMO,A02,1,1,Rshin,KFEL0
PHYTMO,A02,1,1,Rshin,GAT0
PHYTMO,A02,1,1,Rshin,GAT0
PHYTMO,A02,1,1,Rshin,HAAR0
PHYTMO,A02,1,1,Rshin,HAAR0
PHYTMO,A02,1,1,Rshin,GAT0
PHYTMO,A02,1,1,Rshin,GAT0
PHYTMO,A02,1,1,Rshin,HAAR0
PHYTMO,A02,1,1,Rshin,KFEL0
PHYTMO,A02,1,1,Rshin,GAT0
PHYTMO,A02,1,1,Rshin,GAT0
PHYTMO,A02,1,1,Rshin,HAAR0
PHYTMO,A02,1,1,Rshin,KFEL0
PHYTMO,A02,1,1,Rshin,GAT0
PHYTMO,A02,1,1,Rshin,GAT0
PHYTMO,A02,1,1,Rshin,HAAR0
PHYTMO,A02,1,1,Rshin,GAT0
PHYTMO,A02,1,1,Rshin,GAT0
PHYTMO,A02,1,1,Rshin,KFEL0
PHYTMO,A02,1,1,Rshin,GAT0
PHYTMO,A02,1,1,Rshin,GAT0
PHYTMO,A02,1,1,Rshin,KFEL0
PHYTMO,A02,1,1,Rshin,GAT0
PHYTMO,A02,1,1,Rshin,GAT0
PHYTMO,A02,1,1,Rshin,KFEL0
PHYTMO,A02,1,1,Rshin,GAT0
PHYTMO,A02,1,1,Rshin,GAT0
PHYTMO,A02,1,1,Rshin,KFEL0
PHYTMO,A02,1,1,Rshin,KFEL0
PHYTMO,A02,1,1,Rshin,KFEL0
PHYTMO,A02,1,1,Rshin,SQT0
PHYTMO,A02,1,1,Rshin,KFEL0
PHYTMO,A02,1,1,Rshin,SQT0
PHYTMO,A02,1,1,Rshin,KFEL0
PHYTMO,A02,1,1,Rshin,SQT0
PHYTMO,A02,1,1,Rshin,KFEL0
PHYTMO,A02,1,1,Rshin,KFEL0
PHYTMO,A02,1,1,Rshin,SQT0
PHYTMO,A02,1,1,Rshin,KFEL0
PHYTMO,A02,1,1,Rshin,SQT0
PHYTMO,A02,1,1,Rshin,KFEL0
PHYTMO,A02,1,1,Rshin,SQT0
PHYTMO,A02,1,1,Rshin,KFEL0
PHYTMO,A02,1,1,Rshin,SQT0
PHYTMO,A02,1,1,Rshin,KFEL0
PHYTMO,A02,1,1,Rshin,SQT0
PHYTMO,A02,1,1,Rshin,KFEL0
PHYTMO,A02,1,1,Rshin,KFEL0
PHYTMO,A02,1,1,Rshin,KFEL0
PHYTMO,A02,1,1,Rshin,KFEL0
PHYTMO,A02,1,1,Rshin,KFEL0
PHYTMO,A02,1,1,Rshin,KFEL0
PHYTMO,A02,1,1,Rshin,KFEL0
PHYTMO,A02,1,1,Rshin,KFEL0
PHYTMO,A02,1,1,Rshin,KFEL0
PHYTMO,A02,1,1,Rshin,KFEL0
PHYTMO,A02,1,1,Rshin,KFEL0
PHYTMO,A02,1,1,Rshin,KFEL0
PHYTMO,A02,1,1,Rshin,KFEL0
PHYTMO,A02,1,1,Rshin,KFEL0
PHYTMO,A02,1,1,Rshin,KFEL0
PHYTMO,A02,1,1,Rshin,KFEL0
PHYTMO,A02,1,1,Rshin,HAAR1
PHYTMO,A02,1,1,Rshin,HAAR1
PHYTMO,A02,1,1,Rshin,HAAR1
PHYTMO,A02,1,1,Rshin,HAAR1
PHYTMO,A02,1,1,Rshin,HAAR1
PHYTMO,A02,1,1,Rshin,HAAR1
PHYTMO,A02,1,1,Rshin,HAAR1
PHYTMO,A02,1,1,Rshin,HAAR1
PHYTMO,A02,1,1,Rshin,GIS
PHYTMO,A02,1,1,Rshin,GIS
PHYTMO,A02,1,1,Rshin,GIS
PHYTMO,A02,1,1,Rshin,GIS
PHYTMO,A02,1,1,Rshin,GIS
PHYTMO,A02,1,1,Rshin,GIS
PHYTMO,A02,1,1,Rshin,GIS
PHYTMO,A02,1,1,Rshin,GIS
PHYTMO,A02,1,1,Rshin,GIS
PHYTMO,A02,1,1,Rshin,GIS
PHYTMO,A02,1,1,Rshin,HAAR1
PHYTMO,A02,1,1,Rshin,GIS
PHYTMO,A02,1,1,Rshin,GIS
PHYTMO,A02,1,1,Rshin,SQT1
PHYTMO,A02,1,1,Rshin,HAAR1
PHYTMO,A02,1,1,Rshin,GIS
PHYTMO,A02,1,1,Rshin,SQT1
PHYTMO,A02,1,1,Rshin,HAAR1
PHYTMO,A02,1,1,Rshin,GIS
PHYTMO,A02,1,1,Rshin,SQT1
PHYTMO,A02,1,1,Rshin,HAAR1
PHYTMO,A02,1,1,Rshin,GIS
PHYTMO,A02,1,1,Rshin,SQT1
PHYTMO,A02,1,1,Rshin,HAAR1
PHYTMO,A02,1,1,Rshin,GIS
PHYTMO,A02,1,1,Rshin,SQT1
PHYTMO,A02,1,1,Rshin,HAAR1
PHYTMO,A02,1,1,Rshin,GIS
PHYTMO,A02,1,1,Rshin,SQT1
PHYTMO,A02,1,1,Rshin,HAAR1
PHYTMO,A02,1,1,Rshin,GIS
PHYTMO,A02,1,1,Rshin,SQT1
PHYTMO,A02,1,1,Rshin,HAAR1
PHYTMO,A02,1,1,Rshin,GIS
PHYTMO,A02,1,1,Rshin,SQT1
PHYTMO,A02,1,1,Rshin,HAAR1
PHYTMO,A02,1,1,Rshin,GIS
PHYTMO,A02,1,1,Rshin,SQT1
PHYTMO,A02,1,1,Rshin,GIS
PHYTMO,A02,1,1,Rshin,GIS
PHYTMO,A02,1,1,Rshin,GIS
PHYTMO,A02,1,1,Rshin,GIS
PHYTMO,A02,1,1,Rshin,HAAR1
PHYTMO,A02,1,1,Rshin,HAAR1
PHYTMO,A02,1,1,Rshin,GIS
PHYTMO,A02,1,1,Rshin,GIS
PHYTMO,A02,1,1,Rshin,HAAR1
PHYTMO,A02,1,1,Rshin,KFEL1
PHYTMO,A02,1,1,Rshin,GIS
PHYTMO,A02,1,1,Rshin,GIS
PHYTMO,A02,1,1,Rshin,HAAR1
PHYTMO,A02,1,1,Rshin,KFEL1
PHYTMO,A02,1,1,Rshin,GIS
PHYTMO,A02,1,1,Rshin,GIS
PHYTMO,A02,1,1,Rshin,HAAR1
PHYTMO,A02,1,1,Rshin,KFEL1
PHYTMO,A02,1,1,Rshin,GIS
PHYTMO,A02,1,1,Rshin,GIS
PHYTMO,A02,1,1,Rshin,HAAR1
PHYTMO,A02,1,1,Rshin,KFEL1
PHYTMO,A02,1,1,Rshin,GIS
PHYTMO,A02,1,1,Rshin,GIS
PHYTMO,A02,1,1,Rshin,HAAR1
PHYTMO,A02,1,1,Rshin,KFEL1
PHYTMO,A02,1,1,Rshin,GIS
PHYTMO,A02,1,1,Rshin,GIS
PHYTMO,A02,1,1,Rshin,HAAR1
PHYTMO,A02,1,1,Rshin,KFEL1
PHYTMO,A02,1,1,Rshin,GIS
PHYTMO,A02,1,1,Rshin,GIS
PHYTMO,A02,1,1,Rshin,HAAR1
PHYTMO,A02,1,1,Rshin,KFEL1
PHYTMO,A02,1,1,Rshin,GIS
PHYTMO,A02,1,1,Rshin,GIS
PHYTMO,A02,1,1,Rshin,HAAR1
PHYTMO,A02,1,1,Rshin,KFEL1
PHYTMO,A02,1,1,Rshin,GIS
PHYTMO,A02,1,1,Rshin,GIS
PHYTMO,A02,1,1,Rshin,HAAR1
PHYTMO,A02,1,1,Rshin,HAAR1
PHYTMO,A02,1,1,Rshin,GIS
PHYTMO,A02,1,1,Rshin,GIS
PHYTMO,A02,1,1,Rshin,HAAR1
PHYTMO,A02,1,1,Rshin,HAAR1
PHYTMO,A02,1,1,Rshin,GIS
PHYTMO,A02,1,1,Rshin,GIS
PHYTMO,A02,1,1,Rshin,HAAR1
PHYTMO,A02,1,1,Rshin,KFEL1
PHYTMO,A02,1,1,Rshin,GIS
PHYTMO,A02,1,1,Rshin,GIS
PHYTMO,A02,1,1,Rshin,HAAR1
PHYTMO,A02,1,1,Rshin,HAAR1
PHYTMO,A02,1,1,Rshin,KFEL1
PHYTMO,A02,1,1,Rshin,SQT1
PHYTMO,A02,1,1,Rshin,HAAR1
PHYTMO,A02,1,1,Rshin,KFEL1
PHYTMO,A02,1,1,Rshin,SQT1
PHYTMO,A02,1,1,Rshin,HAAR1
PHYTMO,A02,1,1,Rshin,KFEL1
PHYTMO,A02,1,1,Rshin,SQT1
PHYTMO,A02,1,1,Rshin,HAAR1
PHYTMO,A02,1,1,Rshin,KFEL1
PHYTMO,A02,1,1,Rshin,SQT1
PHYTMO,A02,1,1,Rshin,HAAR1
PHYTMO,A02,1,1,Rshin,KFEL1
PHYTMO,A02,1,1,Rshin,SQT1
PHYTMO,A02,1,1,Rshin,HAAR1
PHYTMO,A02,1,1,Rshin,HAAR1
PHYTMO,A02,1,1,Rshin,SQT1
PHYTMO,A02,1,1,Rshin,KFEL1
PHYTMO,A02,1,1,Rshin,KFEL1
PHYTMO,A02,1,1,Rshin,SQT1
PHYTMO,A02,1,1,Rshin,KFEL1
PHYTMO,A02,1,1,Rshin,KFEL1
PHYTMO,A02,1,1,Rshin,KFEL1
PHYTMO,A02,1,1,Rshin,KFEL1
PHYTMO,A02,1,1,Rshin,KFEL1
PHYTMO,A02,1,1,Rshin,KFEL1
PHYTMO,A02,1,1,Rshin,KFEL1
PHYTMO,A02,1,1,Rshin,KFEL1
PHYTMO,A02,1,1,Rshin,KFEL1
PHYTMO,A02,1,1,Rshin,KFEL1
PHYTMO,A02,1,1,Rshin,KFEL1
PHYTMO,A02,1,1,Rshin,KFEL1
PHYTMO,A02,1,1,Rshin,KFEL1
PHYTMO,A02,1,1,Rshin,KFEL1
PHYTMO,A02,1,1,Rshin,KFEL1
PHYTMO,A02,1,1,Rshin,KFEL1
PHYTMO,A02,1,1,Rshin,KFEL1
PHYTMO,A02,1,1,Rshin,KFEL1
PHYTMO,A02,1,1,Rshin,KFEL1
PHYTMO,A02,1,1,Rshin,SQT1
PHYTMO,A02,1,1,Rshin,SQT1
PHYTMO,A02,1,1,Rshin,SQT1
PHYTMO,A02,1,1,Rshin,HAAL0
PHYTMO,A02,1,1,Rshin,HAAL0
PHYTMO,A02,1,1,Rshin,HAAL0
PHYTMO,A02,1,1,Rshin,HAAL0
PHYTMO,A02,1,1,Rshin,HAAL0
PHYTMO,A02,1,1,Rshin,HAAL0
PHYTMO,A02,1,1,Rshin,HAAL0
PHYTMO,A02,1,1,Rshin,HAAL0
PHYTMO,A02,1,1,Rshin,HAAL0
PHYTMO,A02,1,1,Rshin,HAAL0
PHYTMO,A02,1,1,Rshin,HAAL0
PHYTMO,A02,1,1,Rshin,HAAL0
PHYTMO,A02,1,1,Rshin,HAAL0
PHYTMO,A02,1,1,Rshin,HAAL0
PHYTMO,A02,1,1,Rshin,HAAL0
PHYTMO,A02,1,1,Rshin,HAAL0
PHYTMO,A02,1,1,Rshin,HAAL0
PHYTMO,A02,1,1,Rshin,HAAL0
PHYTMO,A02,1,1,Rshin,HAAL0
PHYTMO,A02,1,1,Rshin,HAAL0
PHYTMO,A02,1,1,Rshin,HAAL0
PHYTMO,A02,1,1,Rshin,HAAL0
PHYTMO,A02,1,1,Rshin,HAAL0
PHYTMO,A02,1,1,Rshin,HAAL0
PHYTMO,A02,1,1,Rshin,HAAL0
PHYTMO,A02,1,1,Rshin,HAAL0
PHYTMO,A02,1,1,Rshin,HAAL0
PHYTMO,A02,1,1,Rshin,HAAL0
PHYTMO,A02,1,1,Rshin,HAAL0
PHYTMO,A02,1,1,Rshin,HAAL0
PHYTMO,A02,1,1,Rshin,HAAL0
PHYTMO,A02,1,1,Rshin,HAAL0
PHYTMO,A02,1,1,Rshin,HAAL0
PHYTMO,A02,1,1,Rshin,HAAL0
PHYTMO,A02,1,1,Rshin,HAAL0
PHYTMO,A02,1,1,Rshin,HAAL0
PHYTMO,A02,1,1,Rshin,HAAL0
PHYTMO,A02,1,1,Rshin,HAAL0
PHYTMO,A02,1,1,Rthigh,HAAR0
PHYTMO,A02,1,1,Rthigh,HAAR0
PHYTMO,A02,1,1,Rthigh,GAT0
PHYTMO,A02,1,1,Rthigh,HAAR0
PHYTMO,A02,1,1,Rthigh,GAT0
PHYTMO,A02,1,1,Rthigh,HAAR0
PHYTMO,A02,1,1,Rthigh,GAT0
PHYTMO,A02,1,1,Rthigh,HAAR0
PHYTMO,A02,1,1,Rthigh,GAT0
PHYTMO,A02,1,1,Rthigh,HAAR0
PHYTMO,A02,1,1,Rthigh,GAT0
PHYTMO,A02,1,1,Rthigh,HAAR0
PHYTMO,A02,1,1,Rthigh,GAT0
PHYTMO,A02,1,1,Rthigh,GAT0
PHYTMO,A02,1,1,Rthigh,HAAR0
PHYTMO,A02,1,1,Rthigh,GAT0
PHYTMO,A02,1,1,Rthigh,GAT0
PHYTMO,A02,1,1,Rthigh,HAAR0
PHYTMO,A02,1,1,Rthigh,GAT0
PHYTMO,A02,1,1,Rthigh,GAT0
PHYTMO,A02,1,1,Rthigh,HAAR0
PHYTMO,A02,1,1,Rthigh,GAT0
PHYTMO,A02,1,1,Rthigh,GAT0
PHYTMO,A02,1,1,Rthigh,HAAR0
PHYTMO,A02,1,1,Rthigh,HAAR0
PHYTMO,A02,1,1,Rthigh,GAT0
PHYTMO,A02,1,1,Rthigh,GAT0
PHYTMO,A02,1,1,Rthigh,HAAR0
PHYTMO,A02,1,1,Rthigh,GAT0
PHYTMO,A02,1,1,Rthigh,GAT0
PHYTMO,A02,1,1,Rthigh,KFEL0
PHYTMO,A02,1,1,Rthigh,HAAR0
PHYTMO,A02,1,1,Rthigh,GAT0
PHYTMO,A02,1,1,Rthigh,GAT0
PHYTMO,A02,1,1,Rthigh,HAAR0
PHYTMO,A02,1,1,Rthigh,HAAR0
PHYTMO,A02,1,1,Rthigh,GAT0
PHYTMO,A02,1,1,Rthigh,GAT0
PHYTMO,A02,1,1,Rthigh,HAAR0
PHYTMO,A02,1,1,Rthigh,HAAR0
PHYTMO,A02,1,1,Rthigh,GAT0
PHYTMO,A02,1,1,Rthigh,GAT0
PHYTMO,A02,1,1,Rthigh,HAAR0
PHYTMO,A02,1,1,Rthigh,HAAR0
PHYTMO,A02,1,1,Rthigh,GAT0
PHYTMO,A02,1,1,Rthigh,GAT0
PHYTMO,A02,1,1,Rthigh,KFEL0
PHYTMO,A02,1,1,Rthigh,KFEL0
PHYTMO,A02,1,1,Rthigh,HAAR0
PHYTMO,A02,1,1,Rthigh,GAT0
PHYTMO,A02,1,1,Rthigh,GAT0
PHYTMO,A02,1,1,Rthigh,KFEL0
PHYTMO,A02,1,1,Rthigh,HAAR0
PHYTMO,A02,1,1,Rthigh,GAT0
PHYTMO,A02,1,1,Rthigh,GAT0
PHYTMO,A02,1,1,Rthigh,KFEL0
PHYTMO,A02,1,1,Rthigh,HAAR0
PHYTMO,A02,1,1,Rthigh,GAT0
PHYTMO,A02,1,1,Rthigh,GAT0
PHYTMO,A02,1,1,Rthigh,HAAR0
PHYTMO,A02,1,1,Rthigh,HAAR0
PHYTMO,A02,1,1,Rthigh,GAT0
PHYTMO,A02,1,1,Rthigh,GAT0
PHYTMO,A02,1,1,Rthigh,HAAR0
PHYTMO,A02,1,1,Rthigh,HAAR0
PHYTMO,A02,1,1,Rthigh,GAT0
PHYTMO,A02,1,1,Rthigh,GAT0
PHYTMO,A02,1,1,Rthigh,KFEL0
PHYTMO,A02,1,1,Rthigh,HAAR0
PHYTMO,A02,1,1,Rthigh,GAT0
PHYTMO,A02,1,1,Rthigh,GAT0
PHYTMO,A02,1,1,Rthigh,HAAR0
PHYTMO,A02,1,1,Rthigh,HAAR0
PHYTMO,A02,1,1,Rthigh,GAT0
PHYTMO,A02,1,1,Rthigh,GAT0
PHYTMO,A02,1,1,Rthigh,HAAR0
PHYTMO,A02,1,1,Rthigh,HAAR0
PHYTMO,A02,1,1,Rthigh,KFEL0
PHYTMO,A02,1,1,Rthigh,GAT0
PHYTMO,A02,1,1,Rthigh,GAT0
PHYTMO,A02,1,1,Rthigh,GAT0
PHYTMO,A02,1,1,Rthigh,KFEL0
PHYTMO,A02,1,1,Rthigh,GAT0
PHYTMO,A02,1,1,Rthigh,GAT0
PHYTMO,A02,1,1,Rthigh,KFEL0
PHYTMO,A02,1,1,Rthigh,KFEL0
PHYTMO,A02,1,1,Rthigh,GAT0
PHYTMO,A02,1,1,Rthigh,GAT0
PHYTMO,A02,1,1,Rthigh,KFEL0
PHYTMO,A02,1,1,Rthigh,GAT0
PHYTMO,A02,1,1,Rthigh,GAT0
PHYTMO,A02,1,1,Rthigh,KFEL0
PHYTMO,A02,1,1,Rthigh,KFEL0
PHYTMO,A02,1,1,Rthigh,GAT0
PHYTMO,A02,1,1,Rthigh,GAT0
PHYTMO,A02,1,1,Rthigh,KFEL0
PHYTMO,A02,1,1,Rthigh,HAAR0
PHYTMO,A02,1,1,Rthigh,GAT0
PHYTMO,A02,1,1,Rthigh,GAT0
PHYTMO,A02,1,1,Rthigh,HAAR0
PHYTMO,A02,1,1,Rthigh,GAT0
PHYTMO,A02,1,1,Rthigh,KFEL0
PHYTMO,A02,1,1,Rthigh,GAT0
PHYTMO,A02,1,1,Rthigh,GAT0
PHYTMO,A02,1,1,Rthigh,KFEL0
PHYTMO,A02,1,1,Rthigh,GAT0
PHYTMO,A02,1,1,Rthigh,GAT0
PHYTMO,A02,1,1,Rthigh,KFEL0
PHYTMO,A02,1,1,Rthigh,GAT0
PHYTMO,A02,1,1,Rthigh,GAT0
PHYTMO,A02,1,1,Rthigh,KFEL0
PHYTMO,A02,1,1,Rthigh,KFEL0
PHYTMO,A02,1,1,Rthigh,KFEL0
PHYTMO,A02,1,1,Rthigh,SQT0
PHYTMO,A02,1,1,Rthigh,KFEL0
PHYTMO,A02,1,1,Rthigh,SQT0
PHYTMO,A02,1,1,Rthigh,KFEL0
PHYTMO,A02,1,1,Rthigh,SQT0
PHYTMO,A02,1,1,Rthigh,KFEL0
PHYTMO,A02,1,1,Rthigh,SQT0
PHYTMO,A02,1,1,Rthigh,KFEL0
PHYTMO,A02,1,1,Rthigh,SQT0
PHYTMO,A02,1,1,Rthigh,KFEL0
PHYTMO,A02,1,1,Rthigh,SQT0
PHYTMO,A02,1,1,Rthigh,KFEL0
PHYTMO,A02,1,1,Rthigh,SQT0
PHYTMO,A02,1,1,Rthigh,KFEL0
PHYTMO,A02,1,1,Rthigh,SQT0
PHYTMO,A02,1,1,Rthigh,KFEL0
PHYTMO,A02,1,1,Rthigh,KFEL0
PHYTMO,A02,1,1,Rthigh,KFEL0
PHYTMO,A02,1,1,Rthigh,KFEL0
PHYTMO,A02,1,1,Rthigh,KFEL0
PHYTMO,A02,1,1,Rthigh,KFEL0
PHYTMO,A02,1,1,Rthigh,KFEL0
PHYTMO,A02,1,1,Rthigh,KFEL0
PHYTMO,A02,1,1,Rthigh,KFEL0
PHYTMO,A02,1,1,Rthigh,KFEL0
PHYTMO,A02,1,1,Rthigh,KFEL0
PHYTMO,A02,1,1,Rthigh,KFEL0
PHYTMO,A02,1,1,Rthigh,KFEL0
PHYTMO,A02,1,1,Rthigh,KFEL0
PHYTMO,A02,1,1,Rthigh,KFEL0
PHYTMO,A02,1,1,Rthigh,KFEL0
PHYTMO,A02,1,1,Rthigh,KFEL0
PHYTMO,A02,1,1,Rthigh,KFEL0
PHYTMO,A02,1,1,Rthigh,HAAR1
PHYTMO,A02,1,1,Rthigh,HAAR1
PHYTMO,A02,1,1,Rthigh,HAAR1
PHYTMO,A02,1,1,Rthigh,HAAR1
PHYTMO,A02,1,1,Rthigh,HAAR1
PHYTMO,A02,1,1,Rthigh,HAAR1
PHYTMO,A02,1,1,Rthigh,GIS
PHYTMO,A02,1,1,Rthigh,GIS
PHYTMO,A02,1,1,Rthigh,GIS
PHYTMO,A02,1,1,Rthigh,GIS
PHYTMO,A02,1,1,Rthigh,GIS
PHYTMO,A02,1,1,Rthigh,GIS
PHYTMO,A02,1,1,Rthigh,GIS
PHYTMO,A02,1,1,Rthigh,GIS
PHYTMO,A02,1,1,Rthigh,GIS
PHYTMO,A02,1,1,Rthigh,GIS
PHYTMO,A02,1,1,Rthigh,GIS
PHYTMO,A02,1,1,Rthigh,GIS
PHYTMO,A02,1,1,Rthigh,GIS
PHYTMO,A02,1,1,Rthigh,GIS
PHYTMO,A02,1,1,Rthigh,HAAR1
PHYTMO,A02,1,1,Rthigh,SQT1
PHYTMO,A02,1,1,Rthigh,GIS
PHYTMO,A02,1,1,Rthigh,HAAR1
PHYTMO,A02,1,1,Rthigh,SQT1
PHYTMO,A02,1,1,Rthigh,GIS
PHYTMO,A02,1,1,Rthigh,HAAR1
PHYTMO,A02,1,1,Rthigh,SQT1
PHYTMO,A02,1,1,Rthigh,GIS
PHYTMO,A02,1,1,Rthigh,HAAR1
PHYTMO,A02,1,1,Rthigh,SQT1
PHYTMO,A02,1,1,Rthigh,GIS
PHYTMO,A02,1,1,Rthigh,HAAR1
PHYTMO,A02,1,1,Rthigh,SQT1
PHYTMO,A02,1,1,Rthigh,GIS
PHYTMO,A02,1,1,Rthigh,HAAR1
PHYTMO,A02,1,1,Rthigh,SQT1
PHYTMO,A02,1,1,Rthigh,GIS
PHYTMO,A02,1,1,Rthigh,HAAR1
PHYTMO,A02,1,1,Rthigh,SQT1
PHYTMO,A02,1,1,Rthigh,GIS
PHYTMO,A02,1,1,Rthigh,HAAR1
PHYTMO,A02,1,1,Rthigh,SQT1
PHYTMO,A02,1,1,Rthigh,GIS
PHYTMO,A02,1,1,Rthigh,HAAR1
PHYTMO,A02,1,1,Rthigh,SQT1
PHYTMO,A02,1,1,Rthigh,GIS
PHYTMO,A02,1,1,Rthigh,GIS
PHYTMO,A02,1,1,Rthigh,GIS
PHYTMO,A02,1,1,Rthigh,HAAR1
PHYTMO,A02,1,1,Rthigh,HAAR1
PHYTMO,A02,1,1,Rthigh,GIS
PHYTMO,A02,1,1,Rthigh,GIS
PHYTMO,A02,1,1,Rthigh,HAAR1
PHYTMO,A02,1,1,Rthigh,HAAR1
PHYTMO,A02,1,1,Rthigh,GIS
PHYTMO,A02,1,1,Rthigh,GIS
PHYTMO,A02,1,1,Rthigh,KFEL1
PHYTMO,A02,1,1,Rthigh,HAAR1
PHYTMO,A02,1,1,Rthigh,GIS
PHYTMO,A02,1,1,Rthigh,GIS
PHYTMO,A02,1,1,Rthigh,KFEL1
PHYTMO,A02,1,1,Rthigh,HAAR1
PHYTMO,A02,1,1,Rthigh,GIS
PHYTMO,A02,1,1,Rthigh,GIS
PHYTMO,A02,1,1,Rthigh,KFEL1
PHYTMO,A02,1,1,Rthigh,HAAR1
PHYTMO,A02,1,1,Rthigh,GIS
PHYTMO,A02,1,1,Rthigh,GIS
PHYTMO,A02,1,1,Rthigh,HAAR1
PHYTMO,A02,1,1,Rthigh,GIS
PHYTMO,A02,1,1,Rthigh,KFEL1
PHYTMO,A02,1,1,Rthigh,HAAR1
PHYTMO,A02,1,1,Rthigh,GIS
PHYTMO,A02,1,1,Rthigh,GIS
PHYTMO,A02,1,1,Rthigh,HAAR1
PHYTMO,A02,1,1,Rthigh,KFEL1
PHYTMO,A02,1,1,Rthigh,HAAR1
PHYTMO,A02,1,1,Rthigh,HAAR1
PHYTMO,A02,1,1,Rthigh,KFEL1
PHYTMO,A02,1,1,Rthigh,HAAR1
PHYTMO,A02,1,1,Rthigh,HAAR1
PHYTMO,A02,1,1,Rthigh,GIS
PHYTMO,A02,1,1,Rthigh,GIS
PHYTMO,A02,1,1,Rthigh,HAAR1
PHYTMO,A02,1,1,Rthigh,HAAR1
PHYTMO,A02,1,1,Rthigh,GIS
PHYTMO,A02,1,1,Rthigh,GIS
PHYTMO,A02,1,1,Rthigh,HAAR1
PHYTMO,A02,1,1,Rthigh,HAAR1
PHYTMO,A02,1,1,Rthigh,GIS
PHYTMO,A02,1,1,Rthigh,GIS
PHYTMO,A02,1,1,Rthigh,KFEL1
PHYTMO,A02,1,1,Rthigh,HAAR1
PHYTMO,A02,1,1,Rthigh,GIS
PHYTMO,A02,1,1,Rthigh,GIS
PHYTMO,A02,1,1,Rthigh,HAAR1
PHYTMO,A02,1,1,Rthigh,HAAR1
PHYTMO,A02,1,1,Rthigh,KFEL1
PHYTMO,A02,1,1,Rthigh,HAAR1
PHYTMO,A02,1,1,Rthigh,SQT1
PHYTMO,A02,1,1,Rthigh,KFEL1
PHYTMO,A02,1,1,Rthigh,HAAR1
PHYTMO,A02,1,1,Rthigh,SQT1
PHYTMO,A02,1,1,Rthigh,KFEL1
PHYTMO,A02,1,1,Rthigh,KFEL1
PHYTMO,A02,1,1,Rthigh,SQT1
PHYTMO,A02,1,1,Rthigh,HAAR1
PHYTMO,A02,1,1,Rthigh,KFEL1
PHYTMO,A02,1,1,Rthigh,SQT1
PHYTMO,A02,1,1,Rthigh,HAAR1
PHYTMO,A02,1,1,Rthigh,HAAR1
PHYTMO,A02,1,1,Rthigh,SQT1
PHYTMO,A02,1,1,Rthigh,KFEL1
PHYTMO,A02,1,1,Rthigh,KFEL1
PHYTMO,A02,1,1,Rthigh,SQT1
PHYTMO,A02,1,1,Rthigh,SQT1
PHYTMO,A02,1,1,Rthigh,KFEL1
PHYTMO,A02,1,1,Rthigh,KFEL1
PHYTMO,A02,1,1,Rthigh,KFEL1
PHYTMO,A02,1,1,Rthigh,KFEL1
PHYTMO,A02,1,1,Rthigh,KFEL1
PHYTMO,A02,1,1,Rthigh,KFEL1
PHYTMO,A02,1,1,Rthigh,KFEL1
PHYTMO,A02,1,1,Rthigh,KFEL1
PHYTMO,A02,1,1,Rthigh,KFEL1
PHYTMO,A02,1,1,Rthigh,KFEL1
PHYTMO,A02,1,1,Rthigh,KFEL1
PHYTMO,A02,1,1,Rthigh,KFEL1
PHYTMO,A02,1,1,Rthigh,KFEL1
PHYTMO,A02,1,1,Rthigh,KFEL1
PHYTMO,A02,1,1,Rthigh,KFEL1
PHYTMO,A02,1,1,Rthigh,KFEL1
PHYTMO,A02,1,1,Rthigh,KFEL1
PHYTMO,A02,1,1,Rthigh,KFEL1
PHYTMO,A02,1,1,Rthigh,KFEL1
PHYTMO,A02,1,1,Rthigh,KFEL1
PHYTMO,A02,1,1,Rthigh,SQT1
PHYTMO,A02,1,1,Rthigh,SQT1
PHYTMO,A02,1,1,Rthigh,SQT1
PHYTMO,A02,1,1,Rthigh,SQT1
PHYTMO,A02,1,1,Rthigh,HAAL0
PHYTMO,A02,1,1,Rthigh,HAAL0
PHYTMO,A02,1,1,Rthigh,HAAL0
PHYTMO,A02,1,1,Rthigh,HAAL0
PHYTMO,A02,1,1,Rthigh,HAAL0
PHYTMO,A02,1,1,Rthigh,HAAL0
PHYTMO,A02,1,1,Rthigh,HAAL0
PHYTMO,A02,1,1,Rthigh,HAAL0
PHYTMO,A02,1,1,Rthigh,HAAL0
PHYTMO,A02,1,1,Rthigh,HAAL0
PHYTMO,A02,1,1,Rthigh,HAAL0
PHYTMO,A02,1,1,Rthigh,HAAL0
PHYTMO,A02,1,1,Rthigh,HAAL0
PHYTMO,A02,1,1,Rthigh,HAAL0
PHYTMO,A02,1,1,Rthigh,HAAL0
PHYTMO,A02,1,1,Rthigh,HAAL0
PHYTMO,A02,1,1,Rthigh,HAAL0
PHYTMO,A02,1,1,Rthigh,HAAL0
PHYTMO,A02,1,1,Rthigh,HAAL0
PHYTMO,A02,1,1,Rthigh,HAAL0
PHYTMO,A02,1,1,Rthigh,HAAL0
PHYTMO,A02,1,1,Rthigh,HAAL0
PHYTMO,A02,1,1,Rthigh,HAAL0
PHYTMO,A02,1,1,Rthigh,HAAL0
PHYTMO,A02,1,1,Rthigh,HAAL0
PHYTMO,A02,1,1,Rthigh,HAAL0
PHYTMO,A02,1,1,Rthigh,HAAL0
PHYTMO,A02,1,1,Rthigh,HAAL0
PHYTMO,A02,1,1,Rthigh,HAAL0
PHYTMO,A02,1,1,Rthigh,HAAL0
PHYTMO,A02,1,1,Rthigh,HAAL0
PHYTMO,A02,1,1,Rthigh,HAAL0
PHYTMO,A02,1,1,Rthigh,HAAL0
PHYTMO,A02,1,1,Rthigh,HAAL0
PHYTMO,A02,1,1,Rthigh,HAAL0
PHYTMO,A02,1,1,Rthigh,HAAL0
PHYTMO,A02,1,1,Rthigh,HAAL0
PHYTMO,A02,1,1,Rthigh,HAAL0
PHYTMO,A02,1,1,Rthigh,HAAL0
PHYTMO,A02,1,2,Lshin,HAAR0
PHYTMO,A02,1,2,Lshin,GAT0
PHYTMO,A02,1,2,Lshin,GAT0
PHYTMO,A02,1,2,Lshin,GAT0
PHYTMO,A02,1,2,Lshin,GAT0
PHYTMO,A02,1,2,Lshin,GAT0
PHYTMO,A02,1,2,Lshin,GAT0
PHYTMO,A02,1,2,Lshin,GAT0
PHYTMO,A02,1,2,Lshin,GAT0
PHYTMO,A02,1,2,Lshin,GAT0
PHYTMO,A02,1,2,Lshin,GAT0
PHYTMO,A02,1,2,Lshin,GAT0
PHYTMO,A02,1,2,Lshin,GAT0
PHYTMO,A02,1,2,Lshin,GAT0
PHYTMO,A02,1,2,Lshin,GAT0
PHYTMO,A02,1,2,Lshin,GAT0
PHYTMO,A02,1,2,Lshin,GAT0
PHYTMO,A02,1,2,Lshin,GAT0
PHYTMO,A02,1,2,Lshin,GAT0
PHYTMO,A02,1,2,Lshin,GAT0
PHYTMO,A02,1,2,Lshin,GAT0
PHYTMO,A02,1,2,Lshin,GAT0
PHYTMO,A02,1,2,Lshin,GAT0
PHYTMO,A02,1,2,Lshin,GAT0
PHYTMO,A02,1,2,Lshin,GAT0
PHYTMO,A02,1,2,Lshin,GAT0
PHYTMO,A02,1,2,Lshin,SQT0
PHYTMO,A02,1,2,Lshin,GAT0
PHYTMO,A02,1,2,Lshin,HAAR0
PHYTMO,A02,1,2,Lshin,SQT0
PHYTMO,A02,1,2,Lshin,GAT0
PHYTMO,A02,1,2,Lshin,HAAR0
PHYTMO,A02,1,2,Lshin,SQT0
PHYTMO,A02,1,2,Lshin,GAT0
PHYTMO,A02,1,2,Lshin,HAAR0
PHYTMO,A02,1,2,Lshin,SQT0
PHYTMO,A02,1,2,Lshin,GAT0
PHYTMO,A02,1,2,Lshin,HAAR0
PHYTMO,A02,1,2,Lshin,SQT0
PHYTMO,A02,1,2,Lshin,GAT0
PHYTMO,A02,1,2,Lshin,HAAR0
PHYTMO,A02,1,2,Lshin,HAAR0
PHYTMO,A02,1,2,Lshin,GAT0
PHYTMO,A02,1,2,Lshin,GAT0
PHYTMO,A02,1,2,Lshin,HAAR0
PHYTMO,A02,1,2,Lshin,HAAR0
PHYTMO,A02,1,2,Lshin,GAT0
PHYTMO,A02,1,2,Lshin,GAT0
PHYTMO,A02,1,2,Lshin,KFEL0
PHYTMO,A02,1,2,Lshin,HAAR0
PHYTMO,A02,1,2,Lshin,GAT0
PHYTMO,A02,1,2,Lshin,GAT0
PHYTMO,A02,1,2,Lshin,KFEL0
PHYTMO,A02,1,2,Lshin,HAAR0
PHYTMO,A02,1,2,Lshin,GAT0
PHYTMO,A02,1,2,Lshin,GAT0
PHYTMO,A02,1,2,Lshin,HAAR0
PHYTMO,A02,1,2,Lshin,HAAR0
PHYTMO,A02,1,2,Lshin,GAT0
PHYTMO,A02,1,2,Lshin,GAT0
PHYTMO,A02,1,2,Lshin,HAAR0
PHYTMO,A02,1,2,Lshin,HAAR0
PHYTMO,A02,1,2,Lshin,HAAR0
PHYTMO,A02,1,2,Lshin,HAAR0
PHYTMO,A02,1,2,Lshin,GAT0
PHYTMO,A02,1,2,Lshin,GAT0
PHYTMO,A02,1,2,Lshin,KFEL0
PHYTMO,A02,1,2,Lshin,HAAR0
PHYTMO,A02,1,2,Lshin,GAT0
PHYTMO,A02,1,2,Lshin,GAT0
PHYTMO,A02,1,2,Lshin,KFEL0
PHYTMO,A02,1,2,Lshin,HAAR0
PHYTMO,A02,1,2,Lshin,GAT0
PHYTMO,A02,1,2,Lshin,GAT0
PHYTMO,A02,1,2,Lshin,KFEL0
PHYTMO,A02,1,2,Lshin,HAAR0
PHYTMO,A02,1,2,Lshin,GAT0
PHYTMO,A02,1,2,Lshin,GAT0
PHYTMO,A02,1,2,Lshin,KFEL0
PHYTMO,A02,1,2,Lshin,HAAR0
PHYTMO,A02,1,2,Lshin,GAT0
PHYTMO,A02,1,2,Lshin,GAT0
PHYTMO,A02,1,2,Lshin,HAAR0
PHYTMO,A02,1,2,Lshin,HAAR0
PHYTMO,A02,1,2,Lshin,GAT0
PHYTMO,A02,1,2,Lshin,GAT0
PHYTMO,A02,1,2,Lshin,KFEL0
PHYTMO,A02,1,2,Lshin,HAAR0
PHYTMO,A02,1,2,Lshin,GAT0
PHYTMO,A02,1,2,Lshin,GAT0
PHYTMO,A02,1,2,Lshin,KFEL0
PHYTMO,A02,1,2,Lshin,HAAR0
PHYTMO,A02,1,2,Lshin,GAT0
PHYTMO,A02,1,2,Lshin,GAT0
PHYTMO,A02,1,2,Lshin,HAAR0
PHYTMO,A02,1,2,Lshin,HAAR0
PHYTMO,A02,1,2,Lshin,KFEL0
PHYTMO,A02,1,2,Lshin,KFEL0
PHYTMO,A02,1,2,Lshin,KFEL0
PHYTMO,A02,1,2,Lshin,KFEL0
PHYTMO,A02,1,2,Lshin,KFEL0
PHYTMO,A02,1,2,Lshin,KFEL0
PHYTMO,A02,1,2,Lshin,KFEL0
PHYTMO,A02,1,2,Lshin,KFEL0
PHYTMO,A02,1,2,Lshin,KFEL0
PHYTMO,A02,1,2,Lshin,KFEL0
PHYTMO,A02,1,2,Lshin,KFEL0
PHYTMO,A02,1,2,Lshin,KFEL0
PHYTMO,A02,1,2,Lshin,KFEL0
PHYTMO,A02,1,2,Lshin,KFEL0
PHYTMO,A02,1,2,Lshin,KFEL0
PHYTMO,A02,1,2,Lshin,KFEL0
PHYTMO,A02,1,2,Lshin,KFEL0
PHYTMO,A02,1,2,Lshin,KFEL0
PHYTMO,A02,1,2,Lshin,KFEL0
PHYTMO,A02,1,2,Lshin,KFEL0
PHYTMO,A02,1,2,Lshin,KFEL0
PHYTMO,A02,1,2,Lshin,KFEL0
PHYTMO,A02,1,2,Lshin,KFEL0
PHYTMO,A02,1,2,Lshin,KFEL0
PHYTMO,A02,1,2,Lshin,KFEL0
PHYTMO,A02,1,2,Lshin,KFEL0
PHYTMO,A02,1,2,Lshin,KFEL0
PHYTMO,A02,1,2,Lshin,KFEL0
PHYTMO,A02,1,2,Lshin,KFEL0
PHYTMO,A02,1,2,Lshin,KFEL0
PHYTMO,A02,1,2,Lshin,KFEL0
PHYTMO,A02,1,2,Lshin,KFEL0
PHYTMO,A02,1,2,Lshin,KFEL0
PHYTMO,A02,1,2,Lshin,KFEL0
PHYTMO,A02,1,2,Lshin,KFEL0
PHYTMO,A02,1,2,Lshin,KFEL0
PHYTMO,A02,1,2,Lshin,KFEL0
PHYTMO,A02,1,2,Lshin,KFEL0
PHYTMO,A02,1,2,Lshin,KFEL0
PHYTMO,A02,1,2,Lshin,KFEL0
PHYTMO,A02,1,2,Lshin,KFEL0
PHYTMO,A02,1,2,Lshin,KFEL0
PHYTMO,A02,1,2,Lshin,KFEL0
PHYTMO,A02,1,2,Lshin,KFEL0
PHYTMO,A02,1,2,Lshin,KFEL0
PHYTMO,A02,1,2,Lshin,GIS
PHYTMO,A02,1,2,Lshin,GIS
PHYTMO,A02,1,2,Lshin,GIS
PHYTMO,A02,1,2,Lshin,GIS
PHYTMO,A02,1,2,Lshin,GIS
PHYTMO,A02,1,2,Lshin,GIS
PHYTMO,A02,1,2,Lshin,GIS
PHYTMO,A02,1,2,Lshin,GIS
PHYTMO,A02,1,2,Lshin,GIS
PHYTMO,A02,1,2,Lshin,GIS
PHYTMO,A02,1,2,Lshin,GIS
PHYTMO,A02,1,2,Lshin,GIS
PHYTMO,A02,1,2,Lshin,GIS
PHYTMO,A02,1,2,Lshin,GIS
PHYTMO,A02,1,2,Lshin,GIS
PHYTMO,A02,1,2,Lshin,GIS
PHYTMO,A02,1,2,Lshin,GIS
PHYTMO,A02,1,2,Lshin,GIS
PHYTMO,A02,1,2,Lshin,GIS
PHYTMO,A02,1,2,Lshin,GIS
PHYTMO,A02,1,2,Lshin,GIS
PHYTMO,A02,1,2,Lshin,GIS
PHYTMO,A02,1,2,Lshin,GIS
PHYTMO,A02,1,2,Lshin,GIS
PHYTMO,A02,1,2,Lshin,GIS
PHYTMO,A02,1,2,Lshin,GIS
PHYTMO,A02,1,2,Lshin,GIS
PHYTMO,A02,1,2,Lshin,GIS
PHYTMO,A02,1,2,Lshin,GIS
PHYTMO,A02,1,2,Lshin,GIS
PHYTMO,A02,1,2,Lshin,HAAR1
PHYTMO,A02,1,2,Lshin,HAAR1
PHYTMO,A02,1,2,Lshin,GIS
PHYTMO,A02,1,2,Lshin,KFEL1
PHYTMO,A02,1,2,Lshin,GIS
PHYTMO,A02,1,2,Lshin,GIS
PHYTMO,A02,1,2,Lshin,HAAR1
PHYTMO,A02,1,2,Lshin,GIS
PHYTMO,A02,1,2,Lshin,GIS
PHYTMO,A02,1,2,Lshin,HAAR1
PHYTMO,A02,1,2,Lshin,HAAR1
PHYTMO,A02,1,2,Lshin,GIS
PHYTMO,A02,1,2,Lshin,GIS
PHYTMO,A02,1,2,Lshin,KFEL1
PHYTMO,A02,1,2,Lshin,HAAR1
PHYTMO,A02,1,2,Lshin,GIS
PHYTMO,A02,1,2,Lshin,GIS
PHYTMO,A02,1,2,Lshin,KFEL1
PHYTMO,A02,1,2,Lshin,HAAR1
PHYTMO,A02,1,2,Lshin,GIS
PHYTMO,A02,1,2,Lshin,GIS
PHYTMO,A02,1,2,Lshin,KFEL1
PHYTMO,A02,1,2,Lshin,HAAR1
PHYTMO,A02,1,2,Lshin,GIS
PHYTMO,A02,1,2,Lshin,GIS
PHYTMO,A02,1,2,Lshin,HAAR1
PHYTMO,A02,1,2,Lshin,HAAR1
PHYTMO,A02,1,2,Lshin,GIS
PHYTMO,A02,1,2,Lshin,GIS
PHYTMO,A02,1,2,Lshin,HAAR1
PHYTMO,A02,1,2,Lshin,HAAR1
PHYTMO,A02,1,2,Lshin,GIS
PHYTMO,A02,1,2,Lshin,GIS
PHYTMO,A02,1,2,Lshin,KFEL1
PHYTMO,A02,1,2,Lshin,HAAR1
PHYTMO,A02,1,2,Lshin,GIS
PHYTMO,A02,1,2,Lshin,GIS
PHYTMO,A02,1,2,Lshin,SQT1
PHYTMO,A02,1,2,Lshin,HAAR1
PHYTMO,A02,1,2,Lshin,HAAR1
PHYTMO,A02,1,2,Lshin,SQT1
PHYTMO,A02,1,2,Lshin,KFEL1
PHYTMO,A02,1,2,Lshin,HAAR1
PHYTMO,A02,1,2,Lshin,SQT1
PHYTMO,A02,1,2,Lshin,KFEL1
PHYTMO,A02,1,2,Lshin,KFEL1
PHYTMO,A02,1,2,Lshin,SQT1
PHYTMO,A02,1,2,Lshin,HAAR1
PHYTMO,A02,1,2,Lshin,KFEL1
PHYTMO,A02,1,2,Lshin,SQT1
PHYTMO,A02,1,2,Lshin,HAAR1
PHYTMO,A02,1,2,Lshin,KFEL1
PHYTMO,A02,1,2,Lshin,SQT1
PHYTMO,A02,1,2,Lshin,HAAR1
PHYTMO,A02,1,2,Lshin,KFEL1
PHYTMO,A02,1,2,Lshin,SQT1
PHYTMO,A02,1,2,Lshin,HAAR1
PHYTMO,A02,1,2,Lshin,HAAR1
PHYTMO,A02,1,2,Lshin,SQT1
PHYTMO,A02,1,2,Lshin,KFEL1
PHYTMO,A02,1,2,Lshin,KFEL1
PHYTMO,A02,1,2,Lshin,SQT1
PHYTMO,A02,1,2,Lshin,HAAR1
PHYTMO,A02,1,2,Lshin,HAAR1
PHYTMO,A02,1,2,Lshin,SQT1
PHYTMO,A02,1,2,Lshin,KFEL1
PHYTMO,A02,1,2,Lshin,KFEL1
PHYTMO,A02,1,2,Lshin,SQT1
PHYTMO,A02,1,2,Lshin,HAAR1
PHYTMO,A02,1,2,Lshin,HAAR1
PHYTMO,A02,1,2,Lshin,SQT1
PHYTMO,A02,1,2,Lshin,KFEL1
PHYTMO,A02,1,2,Lshin,KFEL1
PHYTMO,A02,1,2,Lshin,SQT1
PHYTMO,A02,1,2,Lshin,HAAR1
PHYTMO,A02,1,2,Lshin,KFEL1
PHYTMO,A02,1,2,Lshin,SQT1
PHYTMO,A02,1,2,Lshin,HAAR1
PHYTMO,A02,1,2,Lshin,KFEL1
PHYTMO,A02,1,2,Lshin,SQT1
PHYTMO,A02,1,2,Lshin,HAAR1
PHYTMO,A02,1,2,Lshin,HAAR1
PHYTMO,A02,1,2,Lshin,SQT1
PHYTMO,A02,1,2,Lshin,KFEL1
PHYTMO,A02,1,2,Lshin,HAAR1
PHYTMO,A02,1,2,Lshin,SQT1
PHYTMO,A02,1,2,Lshin,KFEL1
PHYTMO,A02,1,2,Lshin,HAAR1
PHYTMO,A02,1,2,Lshin,SQT1
PHYTMO,A02,1,2,Lshin,KFEL1
PHYTMO,A02,1,2,Lshin,HAAR1
PHYTMO,A02,1,2,Lshin,SQT1
PHYTMO,A02,1,2,Lshin,KFEL1
PHYTMO,A02,1,2,Lshin,HAAR1
PHYTMO,A02,1,2,Lshin,SQT1
PHYTMO,A02,1,2,Lshin,KFEL1
PHYTMO,A02,1,2,Lshin,SQT1
PHYTMO,A02,1,2,Lshin,SQT1
PHYTMO,A02,1,2,Lshin,SQT1
PHYTMO,A02,1,2,Lshin,SQT1
PHYTMO,A02,1,2,Lshin,SQT1
PHYTMO,A02,1,2,Lshin,SQT1
PHYTMO,A02,1,2,Lshin,SQT1
PHYTMO,A02,1,2,Lshin,SQT1
PHYTMO,A02,1,2,Lshin,SQT1
PHYTMO,A02,1,2,Lshin,SQT1
PHYTMO,A02,1,2,Lshin,SQT1
PHYTMO,A02,1,2,Lshin,SQT1
PHYTMO,A02,1,2,Lshin,SQT1
PHYTMO,A02,1,2,Lshin,SQT1
PHYTMO,A02,1,2,Lshin,SQT1
PHYTMO,A02,1,2,Lshin,SQT1
PHYTMO,A02,1,2,Lshin,SQT1
PHYTMO,A02,1,2,Lshin,SQT1
PHYTMO,A02,1,2,Lshin,SQT1
PHYTMO,A02,1,2,Lshin,SQT1
PHYTMO,A02,1,2,Lshin,SQT1
PHYTMO,A02,1,2,Lthigh,HAAR0
PHYTMO,A02,1,2,Lthigh,HAAR0
PHYTMO,A02,1,2,Lthigh,HAAR0
PHYTMO,A02,1,2,Lthigh,GAT0
PHYTMO,A02,1,2,Lthigh,GAT0
PHYTMO,A02,1,2,Lthigh,GAT0
PHYTMO,A02,1,2,Lthigh,GAT0
PHYTMO,A02,1,2,Lthigh,GAT0
PHYTMO,A02,1,2,Lthigh,GAT0
PHYTMO,A02,1,2,Lthigh,GAT0
PHYTMO,A02,1,2,Lthigh,GAT0
PHYTMO,A02,1,2,Lthigh,GAT0
PHYTMO,A02,1,2,Lthigh,GAT0
PHYTMO,A02,1,2,Lthigh,GAT0
PHYTMO,A02,1,2,Lthigh,GAT0
PHYTMO,A02,1,2,Lthigh,GAT0
PHYTMO,A02,1,2,Lthigh,GAT0
PHYTMO,A02,1,2,Lthigh,GAT0
PHYTMO,A02,1,2,Lthigh,GAT0
PHYTMO,A02,1,2,Lthigh,GAT0
PHYTMO,A02,1,2,Lthigh,GAT0
PHYTMO,A02,1,2,Lthigh,GAT0
PHYTMO,A02,1,2,Lthigh,GAT0
PHYTMO,A02,1,2,Lthigh,HAAR0
PHYTMO,A02,1,2,Lthigh,GAT0
PHYTMO,A02,1,2,Lthigh,SQT0
PHYTMO,A02,1,2,Lthigh,HAAR0
PHYTMO,A02,1,2,Lthigh,GAT0
PHYTMO,A02,1,2,Lthigh,SQT0
PHYTMO,A02,1,2,Lthigh,HAAR0
PHYTMO,A02,1,2,Lthigh,GAT0
PHYTMO,A02,1,2,Lthigh,SQT0
PHYTMO,A02,1,2,Lthigh,HAAR0
PHYTMO,A02,1,2,Lthigh,GAT0
PHYTMO,A02,1,2,Lthigh,GAT0
PHYTMO,A02,1,2,Lthigh,HAAR0
PHYTMO,A02,1,2,Lthigh,HAAR0
PHYTMO,A02,1,2,Lthigh,GAT0
PHYTMO,A02,1,2,Lthigh,GAT0
PHYTMO,A02,1,2,Lthigh,HAAR0
PHYTMO,A02,1,2,Lthigh,HAAR0
PHYTMO,A02,1,2,Lthigh,KFEL0
PHYTMO,A02,1,2,Lthigh,GAT0
PHYTMO,A02,1,2,Lthigh,GAT0
PHYTMO,A02,1,2,Lthigh,HAAR0
PHYTMO,A02,1,2,Lthigh,KFEL0
PHYTMO,A02,1,2,Lthigh,GAT0
PHYTMO,A02,1,2,Lthigh,GAT0
PHYTMO,A02,1,2,Lthigh,HAAR0
PHYTMO,A02,1,2,Lthigh,HAAR0
PHYTMO,A02,1,2,Lthigh,GAT0
PHYTMO,A02,1,2,Lthigh,GAT0
PHYTMO,A02,1,2,Lthigh,HAAR0
PHYTMO,A02,1,2,Lthigh,KFEL0
PHYTMO,A02,1,2,Lthigh,GAT0
PHYTMO,A02,1,2,Lthigh,GAT0
PHYTMO,A02,1,2,Lthigh,HAAR0
PHYTMO,A02,1,2,Lthigh,HAAR0
PHYTMO,A02,1,2,Lthigh,GAT0
PHYTMO,A02,1,2,Lthigh,GAT0
PHYTMO,A02,1,2,Lthigh,HAAR0
PHYTMO,A02,1,2,Lthigh,HAAR0
PHYTMO,A02,1,2,Lthigh,GAT0
PHYTMO,A02,1,2,Lthigh,GAT0
PHYTMO,A02,1,2,Lthigh,HAAR0
PHYTMO,A02,1,2,Lthigh,HAAR0
PHYTMO,A02,1,2,Lthigh,GAT0
PHYTMO,A02,1,2,Lthigh,GAT0
PHYTMO,A02,1,2,Lthigh,HAAR0
PHYTMO,A02,1,2,Lthigh,KFEL0
PHYTMO,A02,1,2,Lthigh,GAT0
PHYTMO,A02,1,2,Lthigh,GAT0
PHYTMO,A02,1,2,Lthigh,HAAR0
PHYTMO,A02,1,2,Lthigh,HAAR0
PHYTMO,A02,1,2,Lthigh,GAT0
PHYTMO,A02,1,2,Lthigh,GAT0
PHYTMO,A02,1,2,Lthigh,HAAR0
PHYTMO,A02,1,2,Lthigh,HAAR0
PHYTMO,A02,1,2,Lthigh,GAT0
PHYTMO,A02,1,2,Lthigh,GAT0
PHYTMO,A02,1,2,Lthigh,HAAR0
PHYTMO,A02,1,2,Lthigh,KFEL0
PHYTMO,A02,1,2,Lthigh,HAAR0
PHYTMO,A02,1,2,Lthigh,HAAR0
PHYTMO,A02,1,2,Lthigh,GAT0
PHYTMO,A02,1,2,Lthigh,GAT0
PHYTMO,A02,1,2,Lthigh,GAT0
PHYTMO,A02,1,2,Lthigh,KFEL0
PHYTMO,A02,1,2,Lthigh,HAAR0
PHYTMO,A02,1,2,Lthigh,HAAR0
PHYTMO,A02,1,2,Lthigh,GAT0
PHYTMO,A02,1,2,Lthigh,GAT0
PHYTMO,A02,1,2,Lthigh,HAAR0
PHYTMO,A02,1,2,Lthigh,HAAR0
PHYTMO,A02,1,2,Lthigh,GAT0
PHYTMO,A02,1,2,Lthigh,GAT0
PHYTMO,A02,1,2,Lthigh,GAT0
PHYTMO,A02,1,2,Lthigh,SQT0
PHYTMO,A02,1,2,Lthigh,KFEL0
PHYTMO,A02,1,2,Lthigh,GAT0
PHYTMO,A02,1,2,Lthigh,SQT0
PHYTMO,A02,1,2,Lthigh,KFEL0
PHYTMO,A02,1,2,Lthigh,KFEL0
PHYTMO,A02,1,2,Lthigh,KFEL0
PHYTMO,A02,1,2,Lthigh,KFEL0
PHYTMO,A02,1,2,Lthigh,KFEL0
PHYTMO,A02,1,2,Lthigh,KFEL0
PHYTMO,A02,1,2,Lthigh,KFEL0
PHYTMO,A02,1,2,Lthigh,KFEL0
PHYTMO,A02,1,2,Lthigh,KFEL0
PHYTMO,A02,1,2,Lthigh,KFEL0
PHYTMO,A02,1,2,Lthigh,KFEL0
PHYTMO,A02,1,2,Lthigh,KFEL0
PHYTMO,A02,1,2,Lthigh,KFEL0
PHYTMO,A02,1,2,Lthigh,KFEL0
PHYTMO,A02,1,2,Lthigh,KFEL0
PHYTMO,A02,1,2,Lthigh,KFEL0
PHYTMO,A02,1,2,Lthigh,KFEL0
PHYTMO,A02,1,2,Lthigh,KFEL0
PHYTMO,A02,1,2,Lthigh,KFEL0
PHYTMO,A02,1,2,Lthigh,KFEL0
PHYTMO,A02,1,2,Lthigh,KFEL0
PHYTMO,A02,1,2,Lthigh,KFEL0
PHYTMO,A02,1,2,Lthigh,KFEL0
PHYTMO,A02,1,2,Lthigh,KFEL0
PHYTMO,A02,1,2,Lthigh,KFEL0
PHYTMO,A02,1,2,Lthigh,KFEL0
PHYTMO,A02,1,2,Lthigh,KFEL0
PHYTMO,A02,1,2,Lthigh,KFEL0
PHYTMO,A02,1,2,Lthigh,KFEL0
PHYTMO,A02,1,2,Lthigh,KFEL0
PHYTMO,A02,1,2,Lthigh,KFEL0
PHYTMO,A02,1,2,Lthigh,KFEL0
PHYTMO,A02,1,2,Lthigh,KFEL0
PHYTMO,A02,1,2,Lthigh,KFEL0
PHYTMO,A02,1,2,Lthigh,KFEL0
PHYTMO,A02,1,2,Lthigh,KFEL0
PHYTMO,A02,1,2,Lthigh,KFEL0
PHYTMO,A02,1,2,Lthigh,KFEL0
PHYTMO,A02,1,2,Lthigh,KFEL0
PHYTMO,A02,1,2,Lthigh,KFEL0
PHYTMO,A02,1,2,Lthigh,GIS
PHYTMO,A02,1,2,Lthigh,GIS
PHYTMO,A02,1,2,Lthigh,GIS
PHYTMO,A02,1,2,Lthigh,GIS
PHYTMO,A02,1,2,Lthigh,GIS
PHYTMO,A02,1,2,Lthigh,GIS
PHYTMO,A02,1,2,Lthigh,GIS
PHYTMO,A02,1,2,Lthigh,GIS
PHYTMO,A02,1,2,Lthigh,GIS
PHYTMO,A02,1,2,Lthigh,GIS
PHYTMO,A02,1,2,Lthigh,GIS
PHYTMO,A02,1,2,Lthigh,GIS
PHYTMO,A02,1,2,Lthigh,GIS
PHYTMO,A02,1,2,Lthigh,GIS
PHYTMO,A02,1,2,Lthigh,GIS
PHYTMO,A02,1,2,Lthigh,GIS
PHYTMO,A02,1,2,Lthigh,GIS
PHYTMO,A02,1,2,Lthigh,GIS
PHYTMO,A02,1,2,Lthigh,GIS
PHYTMO,A02,1,2,Lthigh,GIS
PHYTMO,A02,1,2,Lthigh,GIS
PHYTMO,A02,1,2,Lthigh,GIS
PHYTMO,A02,1,2,Lthigh,GIS
PHYTMO,A02,1,2,Lthigh,GIS
PHYTMO,A02,1,2,Lthigh,GIS
PHYTMO,A02,1,2,Lthigh,GIS
PHYTMO,A02,1,2,Lthigh,GIS
PHYTMO,A02,1,2,Lthigh,GIS
PHYTMO,A02,1,2,Lthigh,KFEL1
PHYTMO,A02,1,2,Lthigh,KFEL1
PHYTMO,A02,1,2,Lthigh,GIS
PHYTMO,A02,1,2,Lthigh,HAAR1
PHYTMO,A02,1,2,Lthigh,HAAR1
PHYTMO,A02,1,2,Lthigh,GIS
PHYTMO,A02,1,2,Lthigh,GIS
PHYTMO,A02,1,2,Lthigh,HAAR1
PHYTMO,A02,1,2,Lthigh,HAAR1
PHYTMO,A02,1,2,Lthigh,GIS
PHYTMO,A02,1,2,Lthigh,GIS
PHYTMO,A02,1,2,Lthigh,HAAR1
PHYTMO,A02,1,2,Lthigh,HAAR1
PHYTMO,A02,1,2,Lthigh,GIS
PHYTMO,A02,1,2,Lthigh,GIS
PHYTMO,A02,1,2,Lthigh,HAAR1
PHYTMO,A02,1,2,Lthigh,KFEL1
PHYTMO,A02,1,2,Lthigh,GIS
PHYTMO,A02,1,2,Lthigh,GIS
PHYTMO,A02,1,2,Lthigh,HAAR1
PHYTMO,A02,1,2,Lthigh,HAAR1
PHYTMO,A02,1,2,Lthigh,GIS
PHYTMO,A02,1,2,Lthigh,GIS
PHYTMO,A02,1,2,Lthigh,HAAR1
PHYTMO,A02,1,2,Lthigh,HAAR1
PHYTMO,A02,1,2,Lthigh,GIS
PHYTMO,A02,1,2,Lthigh,GIS
PHYTMO,A02,1,2,Lthigh,HAAR1
PHYTMO,A02,1,2,Lthigh,KFEL1
PHYTMO,A02,1,2,Lthigh,GIS
PHYTMO,A02,1,2,Lthigh,GIS
PHYTMO,A02,1,2,Lthigh,HAAR1
PHYTMO,A02,1,2,Lthigh,HAAR1
PHYTMO,A02,1,2,Lthigh,GIS
PHYTMO,A02,1,2,Lthigh,GIS
PHYTMO,A02,1,2,Lthigh,HAAR1
PHYTMO,A02,1,2,Lthigh,HAAR1
PHYTMO,A02,1,2,Lthigh,GIS
PHYTMO,A02,1,2,Lthigh,GIS
PHYTMO,A02,1,2,Lthigh,HAAR1
PHYTMO,A02,1,2,Lthigh,HAAR1
PHYTMO,A02,1,2,Lthigh,GIS
PHYTMO,A02,1,2,Lthigh,GIS
PHYTMO,A02,1,2,Lthigh,HAAR1
PHYTMO,A02,1,2,Lthigh,KFEL1
PHYTMO,A02,1,2,Lthigh,KFEL1
PHYTMO,A02,1,2,Lthigh,HAAR1
PHYTMO,A02,1,2,Lthigh,HAAR1
PHYTMO,A02,1,2,Lthigh,HAAR1
PHYTMO,A02,1,2,Lthigh,SQT1
PHYTMO,A02,1,2,Lthigh,KFEL1
PHYTMO,A02,1,2,Lthigh,KFEL1
PHYTMO,A02,1,2,Lthigh,SQT1
PHYTMO,A02,1,2,Lthigh,HAAR1
PHYTMO,A02,1,2,Lthigh,KFEL1
PHYTMO,A02,1,2,Lthigh,SQT1
PHYTMO,A02,1,2,Lthigh,HAAR1
PHYTMO,A02,1,2,Lthigh,KFEL1
PHYTMO,A02,1,2,Lthigh,SQT1
PHYTMO,A02,1,2,Lthigh,HAAR1
PHYTMO,A02,1,2,Lthigh,KFEL1
PHYTMO,A02,1,2,Lthigh,SQT1
PHYTMO,A02,1,2,Lthigh,HAAR1
PHYTMO,A02,1,2,Lthigh,KFEL1
PHYTMO,A02,1,2,Lthigh,SQT1
PHYTMO,A02,1,2,Lthigh,HAAR1
PHYTMO,A02,1,2,Lthigh,KFEL1
PHYTMO,A02,1,2,Lthigh,SQT1
PHYTMO,A02,1,2,Lthigh,HAAR1
PHYTMO,A02,1,2,Lthigh,HAAR1
PHYTMO,A02,1,2,Lthigh,SQT1
PHYTMO,A02,1,2,Lthigh,KFEL1
PHYTMO,A02,1,2,Lthigh,KFEL1
PHYTMO,A02,1,2,Lthigh,SQT1
PHYTMO,A02,1,2,Lthigh,HAAR1
PHYTMO,A02,1,2,Lthigh,KFEL1
PHYTMO,A02,1,2,Lthigh,SQT1
PHYTMO,A02,1,2,Lthigh,HAAR1
PHYTMO,A02,1,2,Lthigh,HAAR1
PHYTMO,A02,1,2,Lthigh,SQT1
PHYTMO,A02,1,2,Lthigh,KFEL1
PHYTMO,A02,1,2,Lthigh,KFEL1
PHYTMO,A02,1,2,Lthigh,SQT1
PHYTMO,A02,1,2,Lthigh,HAAR1
PHYTMO,A02,1,2,Lthigh,HAAR1
PHYTMO,A02,1,2,Lthigh,SQT1
PHYTMO,A02,1,2,Lthigh,KFEL1
PHYTMO,A02,1,2,Lthigh,KFEL1
PHYTMO,A02,1,2,Lthigh,SQT1
PHYTMO,A02,1,2,Lthigh,HAAR1
PHYTMO,A02,1,2,Lthigh,HAAR1
PHYTMO,A02,1,2,Lthigh,SQT1
PHYTMO,A02,1,2,Lthigh,KFEL1
PHYTMO,A02,1,2,Lthigh,HAAR1
PHYTMO,A02,1,2,Lthigh,SQT1
PHYTMO,A02,1,2,Lthigh,KFEL1
PHYTMO,A02,1,2,Lthigh,KFEL1
PHYTMO,A02,1,2,Lthigh,KFEL1
PHYTMO,A02,1,2,Lthigh,SQT1
PHYTMO,A02,1,2,Lthigh,SQT1
PHYTMO,A02,1,2,Lthigh,SQT1
PHYTMO,A02,1,2,Lthigh,SQT1
PHYTMO,A02,1,2,Lthigh,SQT1
PHYTMO,A02,1,2,Lthigh,SQT1
PHYTMO,A02,1,2,Lthigh,SQT1
PHYTMO,A02,1,2,Lthigh,SQT1
PHYTMO,A02,1,2,Lthigh,SQT1
PHYTMO,A02,1,2,Lthigh,SQT1
PHYTMO,A02,1,2,Lthigh,SQT1
PHYTMO,A02,1,2,Lthigh,SQT1
PHYTMO,A02,1,2,Lthigh,SQT1
PHYTMO,A02,1,2,Lthigh,SQT1
PHYTMO,A02,1,2,Lthigh,SQT1
PHYTMO,A02,1,2,Lthigh,SQT1
PHYTMO,A02,1,2,Lthigh,SQT1
PHYTMO,A02,1,2,Lthigh,SQT1
PHYTMO,A02,1,2,Lthigh,SQT1
PHYTMO,A02,1,2,Lthigh,SQT1
PHYTMO,A02,1,2,Lthigh,SQT1
PHYTMO,A02,1,2,Rshin,HAAR0
PHYTMO,A02,1,2,Rshin,HAAR0
PHYTMO,A02,1,2,Rshin,GAT0
PHYTMO,A02,1,2,Rshin,GAT0
PHYTMO,A02,1,2,Rshin,GAT0
PHYTMO,A02,1,2,Rshin,GAT0
PHYTMO,A02,1,2,Rshin,GAT0
PHYTMO,A02,1,2,Rshin,GAT0
PHYTMO,A02,1,2,Rshin,GAT0
PHYTMO,A02,1,2,Rshin,GAT0
PHYTMO,A02,1,2,Rshin,GAT0
PHYTMO,A02,1,2,Rshin,GAT0
PHYTMO,A02,1,2,Rshin,GAT0
PHYTMO,A02,1,2,Rshin,GAT0
PHYTMO,A02,1,2,Rshin,HAAR0
PHYTMO,A02,1,2,Rshin,HAAR0
PHYTMO,A02,1,2,Rshin,GAT0
PHYTMO,A02,1,2,Rshin,GAT0
PHYTMO,A02,1,2,Rshin,GAT0
PHYTMO,A02,1,2,Rshin,GAT0
PHYTMO,A02,1,2,Rshin,GAT0
PHYTMO,A02,1,2,Rshin,GAT0
PHYTMO,A02,1,2,Rshin,GAT0
PHYTMO,A02,1,2,Rshin,GAT0
PHYTMO,A02,1,2,Rshin,SQT0
PHYTMO,A02,1,2,Rshin,HAAR0
PHYTMO,A02,1,2,Rshin,GAT0
PHYTMO,A02,1,2,Rshin,SQT0
PHYTMO,A02,1,2,Rshin,HAAR0
PHYTMO,A02,1,2,Rshin,GAT0
PHYTMO,A02,1,2,Rshin,SQT0
PHYTMO,A02,1,2,Rshin,HAAR0
PHYTMO,A02,1,2,Rshin,GAT0
PHYTMO,A02,1,2,Rshin,SQT0
PHYTMO,A02,1,2,Rshin,HAAR0
PHYTMO,A02,1,2,Rshin,GAT0
PHYTMO,A02,1,2,Rshin,SQT0
PHYTMO,A02,1,2,Rshin,HAAR0
PHYTMO,A02,1,2,Rshin,GAT0
PHYTMO,A02,1,2,Rshin,SQT0
PHYTMO,A02,1,2,Rshin,GAT0
PHYTMO,A02,1,2,Rshin,GAT0
PHYTMO,A02,1,2,Rshin,HAAR0
PHYTMO,A02,1,2,Rshin,KFEL0
PHYTMO,A02,1,2,Rshin,GAT0
PHYTMO,A02,1,2,Rshin,GAT0
PHYTMO,A02,1,2,Rshin,HAAR0
PHYTMO,A02,1,2,Rshin,HAAR0
PHYTMO,A02,1,2,Rshin,GAT0
PHYTMO,A02,1,2,Rshin,GAT0
PHYTMO,A02,1,2,Rshin,HAAR0
PHYTMO,A02,1,2,Rshin,HAAR0
PHYTMO,A02,1,2,Rshin,GAT0
PHYTMO,A02,1,2,Rshin,GAT0
PHYTMO,A02,1,2,Rshin,HAAR0
PHYTMO,A02,1,2,Rshin,HAAR0
PHYTMO,A02,1,2,Rshin,GAT0
PHYTMO,A02,1,2,Rshin,GAT0
PHYTMO,A02,1,2,Rshin,GAT0
PHYTMO,A02,1,2,Rshin,GAT0
PHYTMO,A02,1,2,Rshin,HAAR0
PHYTMO,A02,1,2,Rshin,HAAR0
PHYTMO,A02,1,2,Rshin,GAT0
PHYTMO,A02,1,2,Rshin,GAT0
PHYTMO,A02,1,2,Rshin,HAAR0
PHYTMO,A02,1,2,Rshin,HAAR0
PHYTMO,A02,1,2,Rshin,GAT0
PHYTMO,A02,1,2,Rshin,GAT0
PHYTMO,A02,1,2,Rshin,HAAR0
PHYTMO,A02,1,2,Rshin,HAAR0
PHYTMO,A02,1,2,Rshin,GAT0
PHYTMO,A02,1,2,Rshin,GAT0
PHYTMO,A02,1,2,Rshin,HAAR0
PHYTMO,A02,1,2,Rshin,KFEL0
PHYTMO,A02,1,2,Rshin,GAT0
PHYTMO,A02,1,2,Rshin,GAT0
PHYTMO,A02,1,2,Rshin,HAAR0
PHYTMO,A02,1,2,Rshin,HAAR0
PHYTMO,A02,1,2,Rshin,GAT0
PHYTMO,A02,1,2,Rshin,GAT0
PHYTMO,A02,1,2,Rshin,HAAR0
PHYTMO,A02,1,2,Rshin,HAAR0
PHYTMO,A02,1,2,Rshin,GAT0
PHYTMO,A02,1,2,Rshin,GAT0
PHYTMO,A02,1,2,Rshin,HAAR0
PHYTMO,A02,1,2,Rshin,HAAR0
PHYTMO,A02,1,2,Rshin,GAT0
PHYTMO,A02,1,2,Rshin,GAT0
PHYTMO,A02,1,2,Rshin,HAAR0
PHYTMO,A02,1,2,Rshin,KFEL0
PHYTMO,A02,1,2,Rshin,GAT0
PHYTMO,A02,1,2,Rshin,GAT0
PHYTMO,A02,1,2,Rshin,HAAR0
PHYTMO,A02,1,2,Rshin,KFEL0
PHYTMO,A02,1,2,Rshin,GAT0
PHYTMO,A02,1,2,Rshin,GAT0
PHYTMO,A02,1,2,Rshin,GAT0
PHYTMO,A02,1,2,Rshin,SQT0
PHYTMO,A02,1,2,Rshin,KFEL0
PHYTMO,A02,1,2,Rshin,KFEL0
PHYTMO,A02,1,2,Rshin,KFEL0
PHYTMO,A02,1,2,Rshin,KFEL0
PHYTMO,A02,1,2,Rshin,KFEL0
PHYTMO,A02,1,2,Rshin,KFEL0
PHYTMO,A02,1,2,Rshin,KFEL0
PHYTMO,A02,1,2,Rshin,KFEL0
PHYTMO,A02,1,2,Rshin,KFEL0
PHYTMO,A02,1,2,Rshin,KFEL0
PHYTMO,A02,1,2,Rshin,KFEL0
PHYTMO,A02,1,2,Rshin,KFEL0
PHYTMO,A02,1,2,Rshin,KFEL0
PHYTMO,A02,1,2,Rshin,KFEL0
PHYTMO,A02,1,2,Rshin,KFEL0
PHYTMO,A02,1,2,Rshin,KFEL0
PHYTMO,A02,1,2,Rshin,KFEL0
PHYTMO,A02,1,2,Rshin,KFEL0
PHYTMO,A02,1,2,Rshin,KFEL0
PHYTMO,A02,1,2,Rshin,KFEL0
PHYTMO,A02,1,2,Rshin,KFEL0
PHYTMO,A02,1,2,Rshin,KFEL0
PHYTMO,A02,1,2,Rshin,KFEL0
PHYTMO,A02,1,2,Rshin,KFEL0
PHYTMO,A02,1,2,Rshin,KFEL0
PHYTMO,A02,1,2,Rshin,KFEL0
PHYTMO,A02,1,2,Rshin,KFEL0
PHYTMO,A02,1,2,Rshin,KFEL0
PHYTMO,A02,1,2,Rshin,KFEL0
PHYTMO,A02,1,2,Rshin,KFEL0
PHYTMO,A02,1,2,Rshin,KFEL0
PHYTMO,A02,1,2,Rshin,KFEL0
PHYTMO,A02,1,2,Rshin,KFEL0
PHYTMO,A02,1,2,Rshin,KFEL0
PHYTMO,A02,1,2,Rshin,KFEL0
PHYTMO,A02,1,2,Rshin,KFEL0
PHYTMO,A02,1,2,Rshin,KFEL0
PHYTMO,A02,1,2,Rshin,KFEL0
PHYTMO,A02,1,2,Rshin,KFEL0
PHYTMO,A02,1,2,Rshin,KFEL0
PHYTMO,A02,1,2,Rshin,KFEL0
PHYTMO,A02,1,2,Rshin,KFEL0
PHYTMO,A02,1,2,Rshin,KFEL0
PHYTMO,A02,1,2,Rshin,GIS
PHYTMO,A02,1,2,Rshin,GIS
PHYTMO,A02,1,2,Rshin,GIS
PHYTMO,A02,1,2,Rshin,GIS
PHYTMO,A02,1,2,Rshin,GIS
PHYTMO,A02,1,2,Rshin,GIS
PHYTMO,A02,1,2,Rshin,GIS
PHYTMO,A02,1,2,Rshin,GIS
PHYTMO,A02,1,2,Rshin,GIS
PHYTMO,A02,1,2,Rshin,GIS
PHYTMO,A02,1,2,Rshin,GIS
PHYTMO,A02,1,2,Rshin,GIS
PHYTMO,A02,1,2,Rshin,GIS
PHYTMO,A02,1,2,Rshin,GIS
PHYTMO,A02,1,2,Rshin,GIS
PHYTMO,A02,1,2,Rshin,GIS
PHYTMO,A02,1,2,Rshin,GIS
PHYTMO,A02,1,2,Rshin,GIS
PHYTMO,A02,1,2,Rshin,GIS
PHYTMO,A02,1,2,Rshin,GIS
PHYTMO,A02,1,2,Rshin,GIS
PHYTMO,A02,1,2,Rshin,GIS
PHYTMO,A02,1,2,Rshin,GIS
PHYTMO,A02,1,2,Rshin,GIS
PHYTMO,A02,1,2,Rshin,GIS
PHYTMO,A02,1,2,Rshin,GIS
PHYTMO,A02,1,2,Rshin,GIS
PHYTMO,A02,1,2,Rshin,GIS
PHYTMO,A02,1,2,Rshin,HAAR1
PHYTMO,A02,1,2,Rshin,KFEL1
PHYTMO,A02,1,2,Rshin,GIS
PHYTMO,A02,1,2,Rshin,HAAR1
PHYTMO,A02,1,2,Rshin,HAAR1
PHYTMO,A02,1,2,Rshin,GIS
PHYTMO,A02,1,2,Rshin,GIS
PHYTMO,A02,1,2,Rshin,HAAR1
PHYTMO,A02,1,2,Rshin,HAAR1
PHYTMO,A02,1,2,Rshin,GIS
PHYTMO,A02,1,2,Rshin,GIS
PHYTMO,A02,1,2,Rshin,HAAR1
PHYTMO,A02,1,2,Rshin,HAAR1
PHYTMO,A02,1,2,Rshin,GIS
PHYTMO,A02,1,2,Rshin,GIS
PHYTMO,A02,1,2,Rshin,HAAR1
PHYTMO,A02,1,2,Rshin,HAAR1
PHYTMO,A02,1,2,Rshin,GIS
PHYTMO,A02,1,2,Rshin,GIS
PHYTMO,A02,1,2,Rshin,HAAR1
PHYTMO,A02,1,2,Rshin,KFEL1
PHYTMO,A02,1,2,Rshin,GIS
PHYTMO,A02,1,2,Rshin,GIS
PHYTMO,A02,1,2,Rshin,HAAR1
PHYTMO,A02,1,2,Rshin,HAAR1
PHYTMO,A02,1,2,Rshin,GIS
PHYTMO,A02,1,2,Rshin,GIS
PHYTMO,A02,1,2,Rshin,HAAR1
PHYTMO,A02,1,2,Rshin,HAAR1
PHYTMO,A02,1,2,Rshin,GIS
PHYTMO,A02,1,2,Rshin,GIS
PHYTMO,A02,1,2,Rshin,HAAR1
PHYTMO,A02,1,2,Rshin,HAAR1
PHYTMO,A02,1,2,Rshin,GIS
PHYTMO,A02,1,2,Rshin,GIS
PHYTMO,A02,1,2,Rshin,HAAR1
PHYTMO,A02,1,2,Rshin,HAAR1
PHYTMO,A02,1,2,Rshin,GIS
PHYTMO,A02,1,2,Rshin,GIS
PHYTMO,A02,1,2,Rshin,HAAR1
PHYTMO,A02,1,2,Rshin,KFEL1
PHYTMO,A02,1,2,Rshin,GIS
PHYTMO,A02,1,2,Rshin,GIS
PHYTMO,A02,1,2,Rshin,HAAR1
PHYTMO,A02,1,2,Rshin,HAAR1
PHYTMO,A02,1,2,Rshin,SQT1
PHYTMO,A02,1,2,Rshin,HAAR1
PHYTMO,A02,1,2,Rshin,KFEL1
PHYTMO,A02,1,2,Rshin,SQT1
PHYTMO,A02,1,2,Rshin,HAAR1
PHYTMO,A02,1,2,Rshin,HAAR1
PHYTMO,A02,1,2,Rshin,SQT1
PHYTMO,A02,1,2,Rshin,KFEL1
PHYTMO,A02,1,2,Rshin,KFEL1
PHYTMO,A02,1,2,Rshin,SQT1
PHYTMO,A02,1,2,Rshin,HAAR1
PHYTMO,A02,1,2,Rshin,KFEL1
PHYTMO,A02,1,2,Rshin,SQT1
PHYTMO,A02,1,2,Rshin,HAAR1
PHYTMO,A02,1,2,Rshin,HAAR1
PHYTMO,A02,1,2,Rshin,SQT1
PHYTMO,A02,1,2,Rshin,KFEL1
PHYTMO,A02,1,2,Rshin,HAAR1
PHYTMO,A02,1,2,Rshin,SQT1
PHYTMO,A02,1,2,Rshin,KFEL1
PHYTMO,A02,1,2,Rshin,KFEL1
PHYTMO,A02,1,2,Rshin,SQT1
PHYTMO,A02,1,2,Rshin,HAAR1
PHYTMO,A02,1,2,Rshin,HAAR1
PHYTMO,A02,1,2,Rshin,SQT1
PHYTMO,A02,1,2,Rshin,KFEL1
PHYTMO,A02,1,2,Rshin,KFEL1
PHYTMO,A02,1,2,Rshin,SQT1
PHYTMO,A02,1,2,Rshin,HAAR1
PHYTMO,A02,1,2,Rshin,KFEL1
PHYTMO,A02,1,2,Rshin,SQT1
PHYTMO,A02,1,2,Rshin,SQT1
PHYTMO,A02,1,2,Rshin,KFEL1
PHYTMO,A02,1,2,Rshin,KFEL1
PHYTMO,A02,1,2,Rshin,SQT1
PHYTMO,A02,1,2,Rshin,HAAR1
PHYTMO,A02,1,2,Rshin,HAAR1
PHYTMO,A02,1,2,Rshin,SQT1
PHYTMO,A02,1,2,Rshin,KFEL1
PHYTMO,A02,1,2,Rshin,HAAR1
PHYTMO,A02,1,2,Rshin,SQT1
PHYTMO,A02,1,2,Rshin,KFEL1
PHYTMO,A02,1,2,Rshin,HAAR1
PHYTMO,A02,1,2,Rshin,SQT1
PHYTMO,A02,1,2,Rshin,KFEL1
PHYTMO,A02,1,2,Rshin,KFEL1
PHYTMO,A02,1,2,Rshin,SQT1
PHYTMO,A02,1,2,Rshin,HAAR1
PHYTMO,A02,1,2,Rshin,HAAR1
PHYTMO,A02,1,2,Rshin,SQT1
PHYTMO,A02,1,2,Rshin,KFEL1
PHYTMO,A02,1,2,Rshin,KFEL1
PHYTMO,A02,1,2,Rshin,KFEL1
PHYTMO,A02,1,2,Rshin,SQT1
PHYTMO,A02,1,2,Rshin,SQT1
PHYTMO,A02,1,2,Rshin,SQT1
PHYTMO,A02,1,2,Rshin,SQT1
PHYTMO,A02,1,2,Rshin,SQT1
PHYTMO,A02,1,2,Rshin,SQT1
PHYTMO,A02,1,2,Rshin,SQT1
PHYTMO,A02,1,2,Rshin,SQT1
PHYTMO,A02,1,2,Rshin,SQT1
PHYTMO,A02,1,2,Rshin,SQT1
PHYTMO,A02,1,2,Rshin,SQT1
PHYTMO,A02,1,2,Rshin,SQT1
PHYTMO,A02,1,2,Rshin,SQT1
PHYTMO,A02,1,2,Rshin,SQT1
PHYTMO,A02,1,2,Rshin,SQT1
PHYTMO,A02,1,2,Rshin,SQT1
PHYTMO,A02,1,2,Rshin,SQT1
PHYTMO,A02,1,2,Rshin,SQT1
PHYTMO,A02,1,2,Rshin,SQT1
PHYTMO,A02,1,2,Rshin,SQT1
PHYTMO,A02,1,2,Rshin,SQT1
PHYTMO,A02,1,2,Rthigh,HAAR0
PHYTMO,A02,1,2,Rthigh,HAAR0
PHYTMO,A02,1,2,Rthigh,GAT0
PHYTMO,A02,1,2,Rthigh,GAT0
PHYTMO,A02,1,2,Rthigh,GAT0
PHYTMO,A02,1,2,Rthigh,GAT0
PHYTMO,A02,1,2,Rthigh,GAT0
PHYTMO,A02,1,2,Rthigh,GAT0
PHYTMO,A02,1,2,Rthigh,GAT0
PHYTMO,A02,1,2,Rthigh,GAT0
PHYTMO,A02,1,2,Rthigh,GAT0
PHYTMO,A02,1,2,Rthigh,GAT0
PHYTMO,A02,1,2,Rthigh,GAT0
PHYTMO,A02,1,2,Rthigh,GAT0
PHYTMO,A02,1,2,Rthigh,GAT0
PHYTMO,A02,1,2,Rthigh,GAT0
PHYTMO,A02,1,2,Rthigh,GAT0
PHYTMO,A02,1,2,Rthigh,GAT0
PHYTMO,A02,1,2,Rthigh,GAT0
PHYTMO,A02,1,2,Rthigh,GAT0
PHYTMO,A02,1,2,Rthigh,GAT0
PHYTMO,A02,1,2,Rthigh,GAT0
PHYTMO,A02,1,2,Rthigh,GAT0
PHYTMO,A02,1,2,Rthigh,GAT0
PHYTMO,A02,1,2,Rthigh,HAAR0
PHYTMO,A02,1,2,Rthigh,SQT0
PHYTMO,A02,1,2,Rthigh,GAT0
PHYTMO,A02,1,2,Rthigh,HAAR0
PHYTMO,A02,1,2,Rthigh,HAAR0
PHYTMO,A02,1,2,Rthigh,GAT0
PHYTMO,A02,1,2,Rthigh,SQT0
PHYTMO,A02,1,2,Rthigh,SQT0
PHYTMO,A02,1,2,Rthigh,GAT0
PHYTMO,A02,1,2,Rthigh,HAAR0
PHYTMO,A02,1,2,Rthigh,SQT0
PHYTMO,A02,1,2,Rthigh,GAT0
PHYTMO,A02,1,2,Rthigh,HAAR0
PHYTMO,A02,1,2,Rthigh,SQT0
PHYTMO,A02,1,2,Rthigh,GAT0
PHYTMO,A02,1,2,Rthigh,HAAR0
PHYTMO,A02,1,2,Rthigh,SQT0
PHYTMO,A02,1,2,Rthigh,GAT0
PHYTMO,A02,1,2,Rthigh,HAAR0
PHYTMO,A02,1,2,Rthigh,GAT0
PHYTMO,A02,1,2,Rthigh,GAT0
PHYTMO,A02,1,2,Rthigh,KFEL0
PHYTMO,A02,1,2,Rthigh,HAAR0
PHYTMO,A02,1,2,Rthigh,GAT0
PHYTMO,A02,1,2,Rthigh,GAT0
PHYTMO,A02,1,2,Rthigh,HAAR0
PHYTMO,A02,1,2,Rthigh,HAAR0
PHYTMO,A02,1,2,Rthigh,GAT0
PHYTMO,A02,1,2,Rthigh,GAT0
PHYTMO,A02,1,2,Rthigh,HAAR0
PHYTMO,A02,1,2,Rthigh,HAAR0
PHYTMO,A02,1,2,Rthigh,GAT0
PHYTMO,A02,1,2,Rthigh,GAT0
PHYTMO,A02,1,2,Rthigh,KFEL0
PHYTMO,A02,1,2,Rthigh,HAAR0
PHYTMO,A02,1,2,Rthigh,GAT0
PHYTMO,A02,1,2,Rthigh,GAT0
PHYTMO,A02,1,2,Rthigh,HAAR0
PHYTMO,A02,1,2,Rthigh,HAAR0
PHYTMO,A02,1,2,Rthigh,GAT0
PHYTMO,A02,1,2,Rthigh,GAT0
PHYTMO,A02,1,2,Rthigh,KFEL0
PHYTMO,A02,1,2,Rthigh,HAAR0
PHYTMO,A02,1,2,Rthigh,GAT0
PHYTMO,A02,1,2,Rthigh,GAT0
PHYTMO,A02,1,2,Rthigh,HAAR0
PHYTMO,A02,1,2,Rthigh,KFEL0
PHYTMO,A02,1,2,Rthigh,GAT0
PHYTMO,A02,1,2,Rthigh,GAT0
PHYTMO,A02,1,2,Rthigh,KFEL0
PHYTMO,A02,1,2,Rthigh,HAAR0
PHYTMO,A02,1,2,Rthigh,GAT0
PHYTMO,A02,1,2,Rthigh,GAT0
PHYTMO,A02,1,2,Rthigh,HAAR0
PHYTMO,A02,1,2,Rthigh,HAAR0
PHYTMO,A02,1,2,Rthigh,GAT0
PHYTMO,A02,1,2,Rthigh,GAT0
PHYTMO,A02,1,2,Rthigh,KFEL0
PHYTMO,A02,1,2,Rthigh,HAAR0
PHYTMO,A02,1,2,Rthigh,GAT0
PHYTMO,A02,1,2,Rthigh,GAT0
PHYTMO,A02,1,2,Rthigh,KFEL0
PHYTMO,A02,1,2,Rthigh,HAAR0
PHYTMO,A02,1,2,Rthigh,GAT0
PHYTMO,A02,1,2,Rthigh,GAT0
PHYTMO,A02,1,2,Rthigh,HAAR0
PHYTMO,A02,1,2,Rthigh,HAAR0
PHYTMO,A02,1,2,Rthigh,GAT0
PHYTMO,A02,1,2,Rthigh,GAT0
PHYTMO,A02,1,2,Rthigh,KFEL0
PHYTMO,A02,1,2,Rthigh,HAAR0
PHYTMO,A02,1,2,Rthigh,GAT0
PHYTMO,A02,1,2,Rthigh,GAT0
PHYTMO,A02,1,2,Rthigh,GAT0
PHYTMO,A02,1,2,Rthigh,KFEL0
PHYTMO,A02,1,2,Rthigh,KFEL0
PHYTMO,A02,1,2,Rthigh,KFEL0
PHYTMO,A02,1,2,Rthigh,KFEL0
PHYTMO,A02,1,2,Rthigh,KFEL0
PHYTMO,A02,1,2,Rthigh,KFEL0
PHYTMO,A02,1,2,Rthigh,KFEL0
PHYTMO,A02,1,2,Rthigh,KFEL0
PHYTMO,A02,1,2,Rthigh,KFEL0
PHYTMO,A02,1,2,Rthigh,KFEL0
PHYTMO,A02,1,2,Rthigh,KFEL0
PHYTMO,A02,1,2,Rthigh,KFEL0
PHYTMO,A02,1,2,Rthigh,KFEL0
PHYTMO,A02,1,2,Rthigh,KFEL0
PHYTMO,A02,1,2,Rthigh,KFEL0
PHYTMO,A02,1,2,Rthigh,KFEL0
PHYTMO,A02,1,2,Rthigh,KFEL0
PHYTMO,A02,1,2,Rthigh,KFEL0
PHYTMO,A02,1,2,Rthigh,KFEL0
PHYTMO,A02,1,2,Rthigh,KFEL0
PHYTMO,A02,1,2,Rthigh,KFEL0
PHYTMO,A02,1,2,Rthigh,KFEL0
PHYTMO,A02,1,2,Rthigh,KFEL0
PHYTMO,A02,1,2,Rthigh,KFEL0
PHYTMO,A02,1,2,Rthigh,KFEL0
PHYTMO,A02,1,2,Rthigh,KFEL0
PHYTMO,A02,1,2,Rthigh,KFEL0
PHYTMO,A02,1,2,Rthigh,KFEL0
PHYTMO,A02,1,2,Rthigh,KFEL0
PHYTMO,A02,1,2,Rthigh,KFEL0
PHYTMO,A02,1,2,Rthigh,KFEL0
PHYTMO,A02,1,2,Rthigh,KFEL0
PHYTMO,A02,1,2,Rthigh,KFEL0
PHYTMO,A02,1,2,Rthigh,KFEL0
PHYTMO,A02,1,2,Rthigh,KFEL0
PHYTMO,A02,1,2,Rthigh,KFEL0
PHYTMO,A02,1,2,Rthigh,KFEL0
PHYTMO,A02,1,2,Rthigh,KFEL0
PHYTMO,A02,1,2,Rthigh,KFEL0
PHYTMO,A02,1,2,Rthigh,KFEL0
PHYTMO,A02,1,2,Rthigh,KFEL0
PHYTMO,A02,1,2,Rthigh,KFEL0
PHYTMO,A02,1,2,Rthigh,KFEL0
PHYTMO,A02,1,2,Rthigh,GIS
PHYTMO,A02,1,2,Rthigh,GIS
PHYTMO,A02,1,2,Rthigh,GIS
PHYTMO,A02,1,2,Rthigh,GIS
PHYTMO,A02,1,2,Rthigh,GIS
PHYTMO,A02,1,2,Rthigh,GIS
PHYTMO,A02,1,2,Rthigh,GIS
PHYTMO,A02,1,2,Rthigh,GIS
PHYTMO,A02,1,2,Rthigh,GIS
PHYTMO,A02,1,2,Rthigh,GIS
PHYTMO,A02,1,2,Rthigh,GIS
PHYTMO,A02,1,2,Rthigh,GIS
PHYTMO,A02,1,2,Rthigh,GIS
PHYTMO,A02,1,2,Rthigh,GIS
PHYTMO,A02,1,2,Rthigh,GIS
PHYTMO,A02,1,2,Rthigh,GIS
PHYTMO,A02,1,2,Rthigh,GIS
PHYTMO,A02,1,2,Rthigh,GIS
PHYTMO,A02,1,2,Rthigh,GIS
PHYTMO,A02,1,2,Rthigh,GIS
PHYTMO,A02,1,2,Rthigh,GIS
PHYTMO,A02,1,2,Rthigh,HAAR1
PHYTMO,A02,1,2,Rthigh,HAAR1
PHYTMO,A02,1,2,Rthigh,HAAR1
PHYTMO,A02,1,2,Rthigh,GIS
PHYTMO,A02,1,2,Rthigh,GIS
PHYTMO,A02,1,2,Rthigh,GIS
PHYTMO,A02,1,2,Rthigh,GIS
PHYTMO,A02,1,2,Rthigh,HAAR1
PHYTMO,A02,1,2,Rthigh,GIS
PHYTMO,A02,1,2,Rthigh,KFEL1
PHYTMO,A02,1,2,Rthigh,KFEL1
PHYTMO,A02,1,2,Rthigh,GIS
PHYTMO,A02,1,2,Rthigh,GIS
PHYTMO,A02,1,2,Rthigh,GIS
PHYTMO,A02,1,2,Rthigh,KFEL1
PHYTMO,A02,1,2,Rthigh,HAAR1
PHYTMO,A02,1,2,Rthigh,GIS
PHYTMO,A02,1,2,Rthigh,GIS
PHYTMO,A02,1,2,Rthigh,HAAR1
PHYTMO,A02,1,2,Rthigh,HAAR1
PHYTMO,A02,1,2,Rthigh,GIS
PHYTMO,A02,1,2,Rthigh,GIS
PHYTMO,A02,1,2,Rthigh,HAAR1
PHYTMO,A02,1,2,Rthigh,HAAR1
PHYTMO,A02,1,2,Rthigh,GIS
PHYTMO,A02,1,2,Rthigh,GIS
PHYTMO,A02,1,2,Rthigh,HAAR1
PHYTMO,A02,1,2,Rthigh,HAAR1
PHYTMO,A02,1,2,Rthigh,GIS
PHYTMO,A02,1,2,Rthigh,GIS
PHYTMO,A02,1,2,Rthigh,KFEL1
PHYTMO,A02,1,2,Rthigh,HAAR1
PHYTMO,A02,1,2,Rthigh,GIS
PHYTMO,A02,1,2,Rthigh,GIS
PHYTMO,A02,1,2,Rthigh,HAAR1
PHYTMO,A02,1,2,Rthigh,HAAR1
PHYTMO,A02,1,2,Rthigh,GIS
PHYTMO,A02,1,2,Rthigh,GIS
PHYTMO,A02,1,2,Rthigh,HAAR1
PHYTMO,A02,1,2,Rthigh,HAAR1
PHYTMO,A02,1,2,Rthigh,GIS
PHYTMO,A02,1,2,Rthigh,GIS
PHYTMO,A02,1,2,Rthigh,GIS
PHYTMO,A02,1,2,Rthigh,HAAR1
PHYTMO,A02,1,2,Rthigh,HAAR1
PHYTMO,A02,1,2,Rthigh,GIS
PHYTMO,A02,1,2,Rthigh,HAAR1
PHYTMO,A02,1,2,Rthigh,HAAR1
PHYTMO,A02,1,2,Rthigh,GIS
PHYTMO,A02,1,2,Rthigh,HAAR1
PHYTMO,A02,1,2,Rthigh,KFEL1
PHYTMO,A02,1,2,Rthigh,SQT1
PHYTMO,A02,1,2,Rthigh,HAAR1
PHYTMO,A02,1,2,Rthigh,KFEL1
PHYTMO,A02,1,2,Rthigh,SQT1
PHYTMO,A02,1,2,Rthigh,HAAR1
PHYTMO,A02,1,2,Rthigh,HAAR1
PHYTMO,A02,1,2,Rthigh,SQT1
PHYTMO,A02,1,2,Rthigh,KFEL1
PHYTMO,A02,1,2,Rthigh,HAAR1
PHYTMO,A02,1,2,Rthigh,SQT1
PHYTMO,A02,1,2,Rthigh,KFEL1
PHYTMO,A02,1,2,Rthigh,KFEL1
PHYTMO,A02,1,2,Rthigh,SQT1
PHYTMO,A02,1,2,Rthigh,HAAR1
PHYTMO,A02,1,2,Rthigh,KFEL1
PHYTMO,A02,1,2,Rthigh,SQT1
PHYTMO,A02,1,2,Rthigh,HAAR1
PHYTMO,A02,1,2,Rthigh,HAAR1
PHYTMO,A02,1,2,Rthigh,SQT1
PHYTMO,A02,1,2,Rthigh,KFEL1
PHYTMO,A02,1,2,Rthigh,HAAR1
PHYTMO,A02,1,2,Rthigh,SQT1
PHYTMO,A02,1,2,Rthigh,KFEL1
PHYTMO,A02,1,2,Rthigh,KFEL1
PHYTMO,A02,1,2,Rthigh,SQT1
PHYTMO,A02,1,2,Rthigh,HAAR1
PHYTMO,A02,1,2,Rthigh,HAAR1
PHYTMO,A02,1,2,Rthigh,SQT1
PHYTMO,A02,1,2,Rthigh,KFEL1
PHYTMO,A02,1,2,Rthigh,HAAR1
PHYTMO,A02,1,2,Rthigh,SQT1
PHYTMO,A02,1,2,Rthigh,KFEL1
PHYTMO,A02,1,2,Rthigh,HAAR1
PHYTMO,A02,1,2,Rthigh,SQT1
PHYTMO,A02,1,2,Rthigh,KFEL1
PHYTMO,A02,1,2,Rthigh,HAAR1
PHYTMO,A02,1,2,Rthigh,SQT1
PHYTMO,A02,1,2,Rthigh,KFEL1
PHYTMO,A02,1,2,Rthigh,HAAR1
PHYTMO,A02,1,2,Rthigh,SQT1
PHYTMO,A02,1,2,Rthigh,KFEL1
PHYTMO,A02,1,2,Rthigh,KFEL1
PHYTMO,A02,1,2,Rthigh,SQT1
PHYTMO,A02,1,2,Rthigh,HAAR1
PHYTMO,A02,1,2,Rthigh,KFEL1
PHYTMO,A02,1,2,Rthigh,SQT1
PHYTMO,A02,1,2,Rthigh,HAAR1
PHYTMO,A02,1,2,Rthigh,KFEL1
PHYTMO,A02,1,2,Rthigh,SQT1
PHYTMO,A02,1,2,Rthigh,HAAR1
PHYTMO,A02,1,2,Rthigh,HAAR1
PHYTMO,A02,1,2,Rthigh,SQT1
PHYTMO,A02,1,2,Rthigh,KFEL1
PHYTMO,A02,1,2,Rthigh,KFEL1
PHYTMO,A02,1,2,Rthigh,KFEL1
PHYTMO,A02,1,2,Rthigh,SQT1
PHYTMO,A02,1,2,Rthigh,SQT1
PHYTMO,A02,1,2,Rthigh,SQT1
PHYTMO,A02,1,2,Rthigh,SQT1
PHYTMO,A02,1,2,Rthigh,SQT1
PHYTMO,A02,1,2,Rthigh,SQT1
PHYTMO,A02,1,2,Rthigh,SQT1
PHYTMO,A02,1,2,Rthigh,SQT1
PHYTMO,A02,1,2,Rthigh,SQT1
PHYTMO,A02,1,2,Rthigh,SQT1
PHYTMO,A02,1,2,Rthigh,SQT1
PHYTMO,A02,1,2,Rthigh,SQT1
PHYTMO,A02,1,2,Rthigh,SQT1
PHYTMO,A02,1,2,Rthigh,SQT1
PHYTMO,A02,1,2,Rthigh,SQT1
PHYTMO,A02,1,2,Rthigh,SQT1
PHYTMO,A02,1,2,Rthigh,SQT1
PHYTMO,A02,1,2,Rthigh,SQT1
PHYTMO,A02,1,2,Rthigh,SQT1
PHYTMO,A02,1,2,Rthigh,SQT1
PHYTMO,A03,1,1,Lshin,GIS
PHYTMO,A03,1,1,Lshin,GIS
PHYTMO,A03,1,1,Lshin,GIS
PHYTMO,A03,1,1,Lshin,GAT0
PHYTMO,A03,1,1,Lshin,GIS
PHYTMO,A03,1,1,Lshin,GAT0
PHYTMO,A03,1,1,Lshin,GAT0
PHYTMO,A03,1,1,Lshin,GAT0
PHYTMO,A03,1,1,Lshin,GAT0
PHYTMO,A03,1,1,Lshin,GAT0
PHYTMO,A03,1,1,Lshin,GAT0
PHYTMO,A03,1,1,Lshin,GAT0
PHYTMO,A03,1,1,Lshin,KFER1
PHYTMO,A03,1,1,Lshin,HAAR0
PHYTMO,A03,1,1,Lshin,GIS
PHYTMO,A03,1,1,Lshin,GIS
PHYTMO,A03,1,1,Lshin,GAT0
PHYTMO,A03,1,1,Lshin,GAT0
PHYTMO,A03,1,1,Lshin,GIS
PHYTMO,A03,1,1,Lshin,KFEL0
PHYTMO,A03,1,1,Lshin,GAT0
PHYTMO,A03,1,1,Lshin,GAT0
PHYTMO,A03,1,1,Lshin,GIS
PHYTMO,A03,1,1,Lshin,GIS
PHYTMO,A03,1,1,Lshin,KFER0
PHYTMO,A03,1,1,Lshin,KFEL0
PHYTMO,A03,1,1,Lshin,HAAL1
PHYTMO,A03,1,1,Lshin,GAT0
PHYTMO,A03,1,1,Lshin,GAT0
PHYTMO,A03,1,1,Lshin,GIS
PHYTMO,A03,1,1,Lshin,KFEL0
PHYTMO,A03,1,1,Lshin,HAAL1
PHYTMO,A03,1,1,Lshin,GAT0
PHYTMO,A03,1,1,Lshin,GAT0
PHYTMO,A03,1,1,Lshin,GAT0
PHYTMO,A03,1,1,Lshin,GAT0
PHYTMO,A03,1,1,Lshin,GIS
PHYTMO,A03,1,1,Lshin,GAT0
PHYTMO,A03,1,1,Lshin,GAT0
PHYTMO,A03,1,1,Lshin,GAT0
PHYTMO,A03,1,1,Lshin,GAT0
PHYTMO,A03,1,1,Lshin,KFEL0
PHYTMO,A03,1,1,Lshin,GAT0
PHYTMO,A03,1,1,Lshin,GHT
PHYTMO,A03,1,1,Lshin,GAT0
PHYTMO,A03,1,1,Lshin,GAT0
PHYTMO,A03,1,1,Lshin,GAT1
PHYTMO,A03,1,1,Lshin,GHT
PHYTMO,A03,1,1,Lshin,GHT
PHYTMO,A03,1,1,Lshin,GAT0
PHYTMO,A03,1,1,Lshin,GAT0
PHYTMO,A03,1,1,Lshin,GAT1
PHYTMO,A03,1,1,Lshin,GHT
PHYTMO,A03,1,1,Lshin,GHT
PHYTMO,A03,1,1,Lshin,GAT0
PHYTMO,A03,1,1,Lshin,GAT0
PHYTMO,A03,1,1,Lshin,GIS
PHYTMO,A03,1,1,Lshin,GHT
PHYTMO,A03,1,1,Lshin,GAT0
PHYTMO,A03,1,1,Lshin,GAT0
PHYTMO,A03,1,1,Lshin,GAT1
PHYTMO,A03,1,1,Lshin,GHT
PHYTMO,A03,1,1,Lshin,GHT
PHYTMO,A03,1,1,Lshin,GAT0
PHYTMO,A03,1,1,Lshin,GAT0
PHYTMO,A03,1,1,Lshin,GAT1
PHYTMO,A03,1,1,Lshin,GIS
PHYTMO,A03,1,1,Lshin,GHT
PHYTMO,A03,1,1,Lshin,GAT0
PHYTMO,A03,1,1,Lshin,GAT0
PHYTMO,A03,1,1,Lshin,GIS
PHYTMO,A03,1,1,Lshin,GHT
PHYTMO,A03,1,1,Lshin,GHT
PHYTMO,A03,1,1,Lshin,GAT0
PHYTMO,A03,1,1,Lshin,GAT0
PHYTMO,A03,1,1,Lshin,GHT
PHYTMO,A03,1,1,Lshin,GAT0
PHYTMO,A03,1,1,Lshin,GAT0
PHYTMO,A03,1,1,Lshin,GAT1
PHYTMO,A03,1,1,Lshin,GAT1
PHYTMO,A03,1,1,Lshin,GHT
PHYTMO,A03,1,1,Lshin,GAT0
PHYTMO,A03,1,1,Lshin,GAT0
PHYTMO,A03,1,1,Lshin,GAT1
PHYTMO,A03,1,1,Lshin,GAT1
PHYTMO,A03,1,1,Lshin,GHT
PHYTMO,A03,1,1,Lshin,GHT
PHYTMO,A03,1,1,Lshin,GAT0
PHYTMO,A03,1,1,Lshin,GAT0
PHYTMO,A03,1,1,Lshin,GHT
PHYTMO,A03,1,1,Lshin,HAAL1
PHYTMO,A03,1,1,Lshin,GAT0
PHYTMO,A03,1,1,Lshin,GAT0
PHYTMO,A03,1,1,Lshin,GAT1
PHYTMO,A03,1,1,Lshin,GHT
PHYTMO,A03,1,1,Lshin,GAT0
PHYTMO,A03,1,1,Lshin,GAT0
PHYTMO,A03,1,1,Lshin,GAT1
PHYTMO,A03,1,1,Lshin,GHT
PHYTMO,A03,1,1,Lshin,GHT
PHYTMO,A03,1,1,Lshin,GAT0
PHYTMO,A03,1,1,Lshin,GAT0
PHYTMO,A03,1,1,Lshin,GAT1
PHYTMO,A03,1,1,Lshin,GHT
PHYTMO,A03,1,1,Lshin,GHT
PHYTMO,A03,1,1,Lshin,GAT0
PHYTMO,A03,1,1,Lshin,GAT0
PHYTMO,A03,1,1,Lshin,GAT1
PHYTMO,A03,1,1,Lshin,GHT
PHYTMO,A03,1,1,Lshin,HAAL1
PHYTMO,A03,1,1,Lshin,GAT0
PHYTMO,A03,1,1,Lshin,GAT0
PHYTMO,A03,1,1,Lshin,GAT1
PHYTMO,A03,1,1,Lshin,GHT
PHYTMO,A03,1,1,Lshin,GAT0
PHYTMO,A03,1,1,Lshin,GAT0
PHYTMO,A03,1,1,Lshin,GAT1
PHYTMO,A03,1,1,Lshin,GIS
PHYTMO,A03,1,1,Lshin,GHT
PHYTMO,A03,1,1,Lshin,GAT0
PHYTMO,A03,1,1,Lshin,GAT0
PHYTMO,A03,1,1,Lshin,GAT1
PHYTMO,A03,1,1,Lshin,GHT
PHYTMO,A03,1,1,Lshin,HAAL1
PHYTMO,A03,1,1,Lshin,GAT0
PHYTMO,A03,1,1,Lshin,GAT0
PHYTMO,A03,1,1,Lshin,GAT1
PHYTMO,A03,1,1,Lshin,GHT
PHYTMO,A03,1,1,Lshin,GAT0
PHYTMO,A03,1,1,Lshin,GAT0
PHYTMO,A03,1,1,Lshin,GAT1
PHYTMO,A03,1,1,Lshin,GHT
PHYTMO,A03,1,1,Lshin,GHT
PHYTMO,A03,1,1,Lshin,GAT0
PHYTMO,A03,1,1,Lshin,GAT0
PHYTMO,A03,1,1,Lshin,GAT1
PHYTMO,A03,1,1,Lshin,GHT
PHYTMO,A03,1,1,Lshin,HAAL1
PHYTMO,A03,1,1,Lshin,GAT0
PHYTMO,A03,1,1,Lshin,GAT0
PHYTMO,A03,1,1,Lshin,GAT1
PHYTMO,A03,1,1,Lshin,GAT0
PHYTMO,A03,1,1,Lshin,GHT
PHYTMO,A03,1,1,Lshin,GAT1
PHYTMO,A03,1,1,Lshin,GAT0
PHYTMO,A03,1,1,Lshin,HAAL1
PHYTMO,A03,1,1,Lshin,GHT
PHYTMO,A03,1,1,Lshin,GAT0
PHYTMO,A03,1,1,Lshin,GAT0
PHYTMO,A03,1,1,Lshin,GAT0
PHYTMO,A03,1,1,Lshin,GHT
PHYTMO,A03,1,1,Lshin,GAT1
PHYTMO,A03,1,1,Lshin,GAT0
PHYTMO,A03,1,1,Lshin,GHT
PHYTMO,A03,1,1,Lshin,GHT
PHYTMO,A03,1,1,Lshin,GAT0
PHYTMO,A03,1,1,Lshin,GAT0
PHYTMO,A03,1,1,Lshin,GAT0
PHYTMO,A03,1,1,Lshin,GHT
PHYTMO,A03,1,1,Lshin,GAT1
PHYTMO,A03,1,1,Lshin,GAT0
PHYTMO,A03,1,1,Lshin,GHT
PHYTMO,A03,1,1,Lshin,GHT
PHYTMO,A03,1,1,Lshin,GAT0
PHYTMO,A03,1,1,Lshin,GAT0
PHYTMO,A03,1,1,Lshin,GHT
PHYTMO,A03,1,1,Lshin,GAT1
PHYTMO,A03,1,1,Lshin,GAT0
PHYTMO,A03,1,1,Lshin,GHT
PHYTMO,A03,1,1,Lshin,GHT
PHYTMO,A03,1,1,Lshin,GAT0
PHYTMO,A03,1,1,Lshin,GAT0
PHYTMO,A03,1,1,Lshin,HAAL1
PHYTMO,A03,1,1,Lshin,GHT
PHYTMO,A03,1,1,Lshin,GAT0
PHYTMO,A03,1,1,Lshin,GAT0
PHYTMO,A03,1,1,Lshin,GHT
PHYTMO,A03,1,1,Lshin,GHT
PHYTMO,A03,1,1,Lshin,GAT0
PHYTMO,A03,1,1,Lshin,GAT0
PHYTMO,A03,1,1,Lshin,KFEL0
PHYTMO,A03,1,1,Lshin,GAT1
PHYTMO,A03,1,1,Lshin,GAT0
PHYTMO,A03,1,1,Lshin,GAT0
PHYTMO,A03,1,1,Lshin,GHT
PHYTMO,A03,1,1,Lshin,GAT1
PHYTMO,A03,1,1,Lshin,GAT0
PHYTMO,A03,1,1,Lshin,HAAL1
PHYTMO,A03,1,1,Lshin,GHT
PHYTMO,A03,1,1,Lshin,GAT0
PHYTMO,A03,1,1,Lshin,GAT0
PHYTMO,A03,1,1,Lshin,GAT0
PHYTMO,A03,1,1,Lshin,GAT1
PHYTMO,A03,1,1,Lshin,GAT1
PHYTMO,A03,1,1,Lshin,GAT0
PHYTMO,A03,1,1,Lshin,GHT
PHYTMO,A03,1,1,Lshin,GAT1
PHYTMO,A03,1,1,Lshin,GAT0
PHYTMO,A03,1,1,Lshin,GAT0
PHYTMO,A03,1,1,Lshin,GHT
PHYTMO,A03,1,1,Lshin,GAT1
PHYTMO,A03,1,1,Lshin,GAT0
PHYTMO,A03,1,1,Lshin,GHT
PHYTMO,A03,1,1,Lshin,GHT
PHYTMO,A03,1,1,Lshin,GAT0
PHYTMO,A03,1,1,Lshin,GAT0
PHYTMO,A03,1,1,Lshin,GAT0
PHYTMO,A03,1,1,Lshin,GHT
PHYTMO,A03,1,1,Lshin,GAT1
PHYTMO,A03,1,1,Lshin,GAT0
PHYTMO,A03,1,1,Lshin,GHT
PHYTMO,A03,1,1,Lshin,GAT1
PHYTMO,A03,1,1,Lshin,GAT0
PHYTMO,A03,1,1,Lshin,GAT0
PHYTMO,A03,1,1,Lshin,GIS
PHYTMO,A03,1,1,Lshin,GAT1
PHYTMO,A03,1,1,Lshin,GAT0
PHYTMO,A03,1,1,Lshin,GAT0
PHYTMO,A03,1,1,Lshin,GHT
PHYTMO,A03,1,1,Lshin,GAT1
PHYTMO,A03,1,1,Lshin,GAT0
PHYTMO,A03,1,1,Lshin,HAAL1
PHYTMO,A03,1,1,Lshin,GHT
PHYTMO,A03,1,1,Lshin,GAT0
PHYTMO,A03,1,1,Lshin,GAT0
PHYTMO,A03,1,1,Lshin,GHT
PHYTMO,A03,1,1,Lshin,GAT1
PHYTMO,A03,1,1,Lshin,GAT0
PHYTMO,A03,1,1,Lshin,HAAL1
PHYTMO,A03,1,1,Lshin,GHT
PHYTMO,A03,1,1,Lshin,GAT0
PHYTMO,A03,1,1,Lshin,GAT0
PHYTMO,A03,1,1,Lshin,GAT0
PHYTMO,A03,1,1,Lshin,GHT
PHYTMO,A03,1,1,Lshin,GAT1
PHYTMO,A03,1,1,Lshin,GAT0
PHYTMO,A03,1,1,Lshin,GAT0
PHYTMO,A03,1,1,Lshin,GHT
PHYTMO,A03,1,1,Lshin,GAT1
PHYTMO,A03,1,1,Lshin,GAT0
PHYTMO,A03,1,1,Lshin,GAT0
PHYTMO,A03,1,1,Lshin,GHT
PHYTMO,A03,1,1,Lshin,GAT1
PHYTMO,A03,1,1,Lshin,GAT0
PHYTMO,A03,1,1,Lshin,GAT0
PHYTMO,A03,1,1,Lshin,GHT
PHYTMO,A03,1,1,Lshin,GAT1
PHYTMO,A03,1,1,Lshin,GAT0
PHYTMO,A03,1,1,Lshin,GAT0
PHYTMO,A03,1,1,Lshin,GHT
PHYTMO,A03,1,1,Lshin,GAT1
PHYTMO,A03,1,1,Lshin,GAT0
PHYTMO,A03,1,1,Lshin,HAAL1
PHYTMO,A03,1,1,Lshin,GAT1
PHYTMO,A03,1,1,Lshin,GAT0
PHYTMO,A03,1,1,Lshin,GAT0
PHYTMO,A03,1,1,Lshin,GHT
PHYTMO,A03,1,1,Lshin,GAT1
PHYTMO,A03,1,1,Lshin,GAT0
PHYTMO,A03,1,1,Lshin,HAAL1
PHYTMO,A03,1,1,Lshin,GHT
PHYTMO,A03,1,1,Lshin,GAT0
PHYTMO,A03,1,1,Lshin,GAT0
PHYTMO,A03,1,1,Lshin,GAT0
PHYTMO,A03,1,1,Lshin,GHT
PHYTMO,A03,1,1,Lshin,GAT1
PHYTMO,A03,1,1,Lshin,GAT0
PHYTMO,A03,1,1,Lshin,HAAL1
PHYTMO,A03,1,1,Lshin,GAT1
PHYTMO,A03,1,1,Lshin,GAT0
PHYTMO,A03,1,1,Lshin,GAT0
PHYTMO,A03,1,1,Lshin,KFEL0
PHYTMO,A03,1,1,Lshin,GAT1
PHYTMO,A03,1,1,Lshin,GAT0
PHYTMO,A03,1,1,Lshin,GAT0
PHYTMO,A03,1,1,Lshin,GHT
PHYTMO,A03,1,1,Lshin,GAT1
PHYTMO,A03,1,1,Lshin,GAT0
PHYTMO,A03,1,1,Lshin,HAAL1
PHYTMO,A03,1,1,Lshin,GHT
PHYTMO,A03,1,1,Lshin,GAT0
PHYTMO,A03,1,1,Lshin,GAT0
PHYTMO,A03,1,1,Lshin,GAT0
PHYTMO,A03,1,1,Lshin,GAT1
PHYTMO,A03,1,1,Lshin,GAT1
PHYTMO,A03,1,1,Lshin,GAT0
PHYTMO,A03,1,1,Lshin,KFEL0
PHYTMO,A03,1,1,Lshin,GAT1
PHYTMO,A03,1,1,Lshin,GAT0
PHYTMO,A03,1,1,Lshin,GAT0
PHYTMO,A03,1,1,Lshin,GHT
PHYTMO,A03,1,1,Lshin,GAT1
PHYTMO,A03,1,1,Lshin,GAT0
PHYTMO,A03,1,1,Lshin,HAAL1
PHYTMO,A03,1,1,Lshin,GHT
PHYTMO,A03,1,1,Lshin,GAT0
PHYTMO,A03,1,1,Lshin,GAT0
PHYTMO,A03,1,1,Lshin,GAT0
PHYTMO,A03,1,1,Lshin,GHT
PHYTMO,A03,1,1,Lshin,GAT1
PHYTMO,A03,1,1,Lshin,GAT0
PHYTMO,A03,1,1,Lshin,GHT
PHYTMO,A03,1,1,Lshin,GAT1
PHYTMO,A03,1,1,Lshin,GAT0
PHYTMO,A03,1,1,Lshin,GAT0
PHYTMO,A03,1,1,Lshin,GHT
PHYTMO,A03,1,1,Lshin,GAT1
PHYTMO,A03,1,1,Lshin,GAT0
PHYTMO,A03,1,1,Lshin,GAT0
PHYTMO,A03,1,1,Lshin,GHT
PHYTMO,A03,1,1,Lshin,GAT1
PHYTMO,A03,1,1,Lshin,GAT0
PHYTMO,A03,1,1,Lshin,GHT
PHYTMO,A03,1,1,Lshin,GHT
PHYTMO,A03,1,1,Lshin,GAT0
PHYTMO,A03,1,1,Lshin,GAT0
PHYTMO,A03,1,1,Lshin,GHT
PHYTMO,A03,1,1,Lshin,GAT1
PHYTMO,A03,1,1,Lshin,GAT0
PHYTMO,A03,1,1,Lshin,GAT0
PHYTMO,A03,1,1,Lshin,GHT
PHYTMO,A03,1,1,Lshin,GAT1
PHYTMO,A03,1,1,Lshin,GAT0
PHYTMO,A03,1,1,Lshin,GAT0
PHYTMO,A03,1,1,Lshin,GHT
PHYTMO,A03,1,1,Lshin,GAT1
PHYTMO,A03,1,1,Lshin,GAT0
PHYTMO,A03,1,1,Lshin,GHT
PHYTMO,A03,1,1,Lshin,GAT1
PHYTMO,A03,1,1,Lshin,GAT0
PHYTMO,A03,1,1,Lshin,GAT0
PHYTMO,A03,1,1,Lshin,GIS
PHYTMO,A03,1,1,Lshin,GAT1
PHYTMO,A03,1,1,Lshin,GAT0
PHYTMO,A03,1,1,Lshin,GAT0
PHYTMO,A03,1,1,Lshin,GHT
PHYTMO,A03,1,1,Lshin,GAT1
PHYTMO,A03,1,1,Lshin,GAT0
PHYTMO,A03,1,1,Lshin,HAAL1
PHYTMO,A03,1,1,Lshin,GHT
PHYTMO,A03,1,1,Lshin,GAT0
PHYTMO,A03,1,1,Lshin,GAT0
PHYTMO,A03,1,1,Lshin,GHT
PHYTMO,A03,1,1,Lshin,GAT1
PHYTMO,A03,1,1,Lshin,GAT0
PHYTMO,A03,1,1,Lshin,GAT0
PHYTMO,A03,1,1,Lshin,GHT
PHYTMO,A03,1,1,Lshin,GAT1
PHYTMO,A03,1,1,Lshin,GAT0
PHYTMO,A03,1,1,Lshin,GAT0
PHYTMO,A03,1,1,Lshin,GHT
PHYTMO,A03,1,1,Lshin,GAT1
PHYTMO,A03,1,1,Lshin,GAT0
PHYTMO,A03,1,1,Lshin,HAAL1
PHYTMO,A03,1,1,Lshin,GHT
PHYTMO,A03,1,1,Lshin,GAT0
PHYTMO,A03,1,1,Lshin,GAT0
PHYTMO,A03,1,1,Lshin,GAT0
PHYTMO,A03,1,1,Lshin,GHT
PHYTMO,A03,1,1,Lshin,GAT1
PHYTMO,A03,1,1,Lshin,GAT0
PHYTMO,A03,1,1,Lshin,GHT
PHYTMO,A03,1,1,Lshin,GAT1
PHYTMO,A03,1,1,Lshin,GAT0
PHYTMO,A03,1,1,Lshin,GAT0
PHYTMO,A03,1,1,Lshin,GHT
PHYTMO,A03,1,1,Lshin,GAT1
PHYTMO,A03,1,1,Lshin,GAT0
PHYTMO,A03,1,1,Lshin,GHT
PHYTMO,A03,1,1,Lshin,GHT
PHYTMO,A03,1,1,Lshin,GAT0
PHYTMO,A03,1,1,Lshin,GAT0
PHYTMO,A03,1,1,Lshin,GAT0
PHYTMO,A03,1,1,Lshin,GHT
PHYTMO,A03,1,1,Lshin,GAT1
PHYTMO,A03,1,1,Lshin,GAT0
PHYTMO,A03,1,1,Lshin,GHT
PHYTMO,A03,1,1,Lshin,GHT
PHYTMO,A03,1,1,Lshin,GAT0
PHYTMO,A03,1,1,Lshin,GAT0
PHYTMO,A03,1,1,Lshin,HAAR0
PHYTMO,A03,1,1,Lshin,GHT
PHYTMO,A03,1,1,Lshin,GAT0
PHYTMO,A03,1,1,Lshin,GAT0
PHYTMO,A03,1,1,Lshin,GHT
PHYTMO,A03,1,1,Lshin,GAT1
PHYTMO,A03,1,1,Lshin,GAT0
PHYTMO,A03,1,1,Lshin,HAAL1
PHYTMO,A03,1,1,Lshin,GHT
PHYTMO,A03,1,1,Lshin,GAT0
PHYTMO,A03,1,1,Lshin,GAT0
PHYTMO,A03,1,1,Lshin,GAT0
PHYTMO,A03,1,1,Lshin,GHT
PHYTMO,A03,1,1,Lshin,GAT1
PHYTMO,A03,1,1,Lshin,GAT0
PHYTMO,A03,1,1,Lshin,GHT
PHYTMO,A03,1,1,Lshin,GHT
PHYTMO,A03,1,1,Lshin,GAT0
PHYTMO,A03,1,1,Lshin,GAT0
PHYTMO,A03,1,1,Lshin,GHT
PHYTMO,A03,1,1,Lshin,GAT1
PHYTMO,A03,1,1,Lshin,GAT0
PHYTMO,A03,1,1,Lshin,GHT
PHYTMO,A03,1,1,Lshin,GHT
PHYTMO,A03,1,1,Lshin,GAT0
PHYTMO,A03,1,1,Lshin,GAT0
PHYTMO,A03,1,1,Lshin,GAT0
PHYTMO,A03,1,1,Lshin,GHT
PHYTMO,A03,1,1,Lshin,GAT1
PHYTMO,A03,1,1,Lshin,GAT0
PHYTMO,A03,1,1,Lshin,GHT
PHYTMO,A03,1,1,Lshin,GHT
PHYTMO,A03,1,1,Lshin,GAT0
PHYTMO,A03,1,1,Lshin,GAT0
PHYTMO,A03,1,1,Lshin,GHT
PHYTMO,A03,1,1,Lshin,GAT1
PHYTMO,A03,1,1,Lshin,GAT0
PHYTMO,A03,1,1,Lshin,GAT0
PHYTMO,A03,1,1,Lshin,GHT
PHYTMO,A03,1,1,Lshin,GHT
PHYTMO,A03,1,1,Lshin,GAT0
PHYTMO,A03,1,1,Lshin,GAT0
PHYTMO,A03,1,1,Lshin,GIS
PHYTMO,A03,1,1,Lshin,GAT1
PHYTMO,A03,1,1,Lshin,GAT0
PHYTMO,A03,1,1,Lshin,GAT0
PHYTMO,A03,1,1,Lshin,GHT
PHYTMO,A03,1,1,Lshin,GAT1
PHYTMO,A03,1,1,Lshin,GAT0
PHYTMO,A03,1,1,Lshin,GAT0
PHYTMO,A03,1,1,Lshin,GHT
PHYTMO,A03,1,1,Lshin,GHT
PHYTMO,A03,1,1,Lshin,KFEL0
PHYTMO,A03,1,1,Lshin,HAAL1
PHYTMO,A03,1,1,Lshin,GAT0
PHYTMO,A03,1,1,Lshin,GAT0
PHYTMO,A03,1,1,Lshin,GHT
PHYTMO,A03,1,1,Lshin,HAAR0
PHYTMO,A03,1,1,Lshin,GAT0
PHYTMO,A03,1,1,Lshin,GAT0
PHYTMO,A03,1,1,Lshin,GAT1
PHYTMO,A03,1,1,Lshin,GHT
PHYTMO,A03,1,1,Lshin,GAT0
PHYTMO,A03,1,1,Lshin,GAT0
PHYTMO,A03,1,1,Lshin,GAT1
PHYTMO,A03,1,1,Lshin,GHT
PHYTMO,A03,1,1,Lshin,GHT
PHYTMO,A03,1,1,Lshin,GAT0
PHYTMO,A03,1,1,Lshin,GAT0
PHYTMO,A03,1,1,Lshin,GAT1
PHYTMO,A03,1,1,Lshin,GHT
PHYTMO,A03,1,1,Lshin,HAAR0
PHYTMO,A03,1,1,Lshin,GAT0
PHYTMO,A03,1,1,Lshin,GAT0
PHYTMO,A03,1,1,Lshin,GAT1
PHYTMO,A03,1,1,Lshin,GHT
PHYTMO,A03,1,1,Lshin,GAT0
PHYTMO,A03,1,1,Lshin,GAT0
PHYTMO,A03,1,1,Lshin,GAT1
PHYTMO,A03,1,1,Lshin,GHT
PHYTMO,A03,1,1,Lshin,GHT
PHYTMO,A03,1,1,Lshin,GAT0
PHYTMO,A03,1,1,Lshin,GAT0
PHYTMO,A03,1,1,Lshin,GAT1
PHYTMO,A03,1,1,Lshin,GIS
PHYTMO,A03,1,1,Lshin,GHT
PHYTMO,A03,1,1,Lshin,GAT0
PHYTMO,A03,1,1,Lshin,GAT0
PHYTMO,A03,1,1,Lshin,GAT1
PHYTMO,A03,1,1,Lshin,GHT
PHYTMO,A03,1,1,Lshin,HAAL1
PHYTMO,A03,1,1,Lshin,GAT0
PHYTMO,A03,1,1,Lshin,GAT0
PHYTMO,A03,1,1,Lshin,GHT
PHYTMO,A03,1,1,Lshin,GHT
PHYTMO,A03,1,1,Lshin,GAT0
PHYTMO,A03,1,1,Lshin,GAT0
PHYTMO,A03,1,1,Lshin,GHT
PHYTMO,A03,1,1,Lshin,GHT
PHYTMO,A03,1,1,Lshin,HAAL1
PHYTMO,A03,1,1,Lshin,GAT0
PHYTMO,A03,1,1,Lshin,GAT0
PHYTMO,A03,1,1,Lshin,GHT
PHYTMO,A03,1,1,Lshin,HAAR0
PHYTMO,A03,1,1,Lshin,GAT0
PHYTMO,A03,1,1,Lshin,GAT0
PHYTMO,A03,1,1,Lshin,GAT1
PHYTMO,A03,1,1,Lshin,GHT
PHYTMO,A03,1,1,Lshin,GAT0
PHYTMO,A03,1,1,Lshin,GAT0
PHYTMO,A03,1,1,Lshin,GAT1
PHYTMO,A03,1,1,Lshin,GHT
PHYTMO,A03,1,1,Lshin,GHT
PHYTMO,A03,1,1,Lshin,GAT0
PHYTMO,A03,1,1,Lshin,GAT0
PHYTMO,A03,1,1,Lshin,GAT1
PHYTMO,A03,1,1,Lshin,GHT
PHYTMO,A03,1,1,Lshin,GHT
PHYTMO,A03,1,1,Lshin,GAT0
PHYTMO,A03,1,1,Lshin,GAT0
PHYTMO,A03,1,1,Lshin,GAT1
PHYTMO,A03,1,1,Lshin,GHT
PHYTMO,A03,1,1,Lshin,GAT0
PHYTMO,A03,1,1,Lshin,GAT0
PHYTMO,A03,1,1,Lshin,GAT1
PHYTMO,A03,1,1,Lshin,GHT
PHYTMO,A03,1,1,Lshin,GHT
PHYTMO,A03,1,1,Lshin,HAAR0
PHYTMO,A03,1,1,Lshin,GAT0
PHYTMO,A03,1,1,Lshin,GAT1
PHYTMO,A03,1,1,Lshin,GAT0
PHYTMO,A03,1,1,Lshin,GAT0
PHYTMO,A03,1,1,Lshin,GHT
PHYTMO,A03,1,1,Lshin,GAT0
PHYTMO,A03,1,1,Lshin,GAT0
PHYTMO,A03,1,1,Lshin,GAT0
PHYTMO,A03,1,1,Lshin,GAT0
PHYTMO,A03,1,1,Lshin,GAT0
PHYTMO,A03,1,1,Lshin,GAT0
PHYTMO,A03,1,1,Lshin,GAT0
PHYTMO,A03,1,1,Lshin,GAT0
PHYTMO,A03,1,1,Lshin,GAT1
PHYTMO,A03,1,1,Lshin,GAT0
PHYTMO,A03,1,1,Lshin,GAT0
PHYTMO,A03,1,1,Lshin,GAT0
PHYTMO,A03,1,1,Lshin,GAT0
PHYTMO,A03,1,1,Lshin,GAT0
PHYTMO,A03,1,1,Lshin,GAT0
PHYTMO,A03,1,1,Lshin,GAT1
PHYTMO,A03,1,1,Lshin,GAT0
PHYTMO,A03,1,1,Lshin,GAT0
PHYTMO,A03,1,1,Lshin,GAT1
PHYTMO,A03,1,1,Lshin,GAT0
PHYTMO,A03,1,1,Lshin,GAT0
PHYTMO,A03,1,1,Lshin,GAT0
PHYTMO,A03,1,1,Lshin,GAT0
PHYTMO,A03,1,1,Lshin,GAT0
PHYTMO,A03,1,1,Lshin,GAT0
PHYTMO,A03,1,1,Lshin,GAT1
PHYTMO,A03,1,1,Lshin,GHT
PHYTMO,A03,1,1,Lshin,GAT0
PHYTMO,A03,1,1,Lshin,GAT0
PHYTMO,A03,1,1,Lshin,GAT0
PHYTMO,A03,1,1,Lshin,GAT1
PHYTMO,A03,1,1,Lshin,GAT0
PHYTMO,A03,1,1,Lshin,GAT0
PHYTMO,A03,1,1,Lshin,GAT0
PHYTMO,A03,1,1,Lshin,GAT0
PHYTMO,A03,1,1,Lshin,GHT
PHYTMO,A03,1,1,Lshin,GAT0
PHYTMO,A03,1,1,Lshin,GAT0
PHYTMO,A03,1,1,Lshin,GAT0
PHYTMO,A03,1,1,Lshin,GAT0
PHYTMO,A03,1,1,Lshin,GAT0
PHYTMO,A03,1,1,Lshin,GAT0
PHYTMO,A03,1,1,Lshin,GAT0
PHYTMO,A03,1,1,Lshin,GAT0
PHYTMO,A03,1,1,Lshin,GAT1
PHYTMO,A03,1,1,Lshin,GAT0
PHYTMO,A03,1,1,Lshin,GAT0
PHYTMO,A03,1,1,Lshin,GHT
PHYTMO,A03,1,1,Lshin,GAT0
PHYTMO,A03,1,1,Lshin,GAT0
PHYTMO,A03,1,1,Lshin,GAT0
PHYTMO,A03,1,1,Lshin,GAT0
PHYTMO,A03,1,1,Lshin,GAT0
PHYTMO,A03,1,1,Lshin,GAT0
PHYTMO,A03,1,1,Lshin,GAT0
PHYTMO,A03,1,1,Lshin,GAT0
PHYTMO,A03,1,1,Lshin,GAT1
PHYTMO,A03,1,1,Lshin,GAT0
PHYTMO,A03,1,1,Lshin,GAT0
PHYTMO,A03,1,1,Lshin,GAT0
PHYTMO,A03,1,1,Lshin,GAT0
PHYTMO,A03,1,1,Lshin,GAT1
PHYTMO,A03,1,1,Lshin,GHT
PHYTMO,A03,1,1,Lshin,KFEL1
PHYTMO,A03,1,1,Lshin,GAT0
PHYTMO,A03,1,1,Lshin,GAT0
PHYTMO,A03,1,1,Lshin,HAAL1
PHYTMO,A03,1,1,Lshin,GAT0
PHYTMO,A03,1,1,Lshin,GAT1
PHYTMO,A03,1,1,Lshin,GAT1
PHYTMO,A03,1,1,Lshin,GHT
PHYTMO,A03,1,1,Lshin,GHT
PHYTMO,A03,1,1,Lshin,KFEL1
PHYTMO,A03,1,1,Lshin,HAAL1
PHYTMO,A03,1,1,Lshin,GAT1
PHYTMO,A03,1,1,Lshin,GAT1
PHYTMO,A03,1,1,Lshin,KFEL1
PHYTMO,A03,1,1,Lshin,HAAL1
PHYTMO,A03,1,1,Lshin,GAT1
PHYTMO,A03,1,1,Lshin,GAT1
PHYTMO,A03,1,1,Lshin,GHT
PHYTMO,A03,1,1,Lshin,GHT
PHYTMO,A03,1,1,Lshin,GAT1
PHYTMO,A03,1,1,Lshin,HAAL1
PHYTMO,A03,1,1,Lshin,GHT
PHYTMO,A03,1,1,Lshin,GAT1
PHYTMO,A03,1,1,Lshin,KFEL1
PHYTMO,A03,1,1,Lshin,GAT1
PHYTMO,A03,1,1,Lshin,GAT1
PHYTMO,A03,1,1,Lshin,GHT
PHYTMO,A03,1,1,Lshin,GAT1
PHYTMO,A03,1,1,Lshin,GAT1
PHYTMO,A03,1,1,Lshin,GAT1
PHYTMO,A03,1,1,Lshin,HAAR1
PHYTMO,A03,1,1,Lshin,GHT
PHYTMO,A03,1,1,Lshin,GAT1
PHYTMO,A03,1,1,Lshin,GAT1
PHYTMO,A03,1,1,Lshin,GAT1
PHYTMO,A03,1,1,Lshin,GAT1
PHYTMO,A03,1,1,Lshin,HAAR1
PHYTMO,A03,1,1,Lshin,GHT
PHYTMO,A03,1,1,Lshin,GAT1
PHYTMO,A03,1,1,Lshin,GAT1
PHYTMO,A03,1,1,Lshin,GAT1
PHYTMO,A03,1,1,Lshin,HAAR1
PHYTMO,A03,1,1,Lshin,GAT1
PHYTMO,A03,1,1,Lshin,GAT1
PHYTMO,A03,1,1,Lshin,GHT
PHYTMO,A03,1,1,Lshin,GHT
PHYTMO,A03,1,1,Lshin,HAAR1
PHYTMO,A03,1,1,Lshin,GAT1
PHYTMO,A03,1,1,Lshin,GAT1
PHYTMO,A03,1,1,Lshin,GHT
PHYTMO,A03,1,1,Lshin,HAAR1
PHYTMO,A03,1,1,Lshin,GAT1
PHYTMO,A03,1,1,Lshin,GAT1
PHYTMO,A03,1,1,Lshin,GHT
PHYTMO,A03,1,1,Lshin,GHT
PHYTMO,A03,1,1,Lshin,SQT0
PHYTMO,A03,1,1,Lshin,GHT
PHYTMO,A03,1,1,Lshin,GHT
PHYTMO,A03,1,1,Lshin,GHT
PHYTMO,A03,1,1,Lshin,GHT
PHYTMO,A03,1,1,Lshin,GHT
PHYTMO,A03,1,1,Lshin,GHT
PHYTMO,A03,1,1,Lshin,GHT
PHYTMO,A03,1,1,Lshin,GHT
PHYTMO,A03,1,1,Lshin,GHT
PHYTMO,A03,1,1,Lshin,GHT
PHYTMO,A03,1,1,Lshin,GHT
PHYTMO,A03,1,1,Lshin,GHT
PHYTMO,A03,1,1,Lshin,GHT
PHYTMO,A03,1,1,Lshin,GHT
PHYTMO,A03,1,1,Lshin,GHT
PHYTMO,A03,1,1,Lshin,GHT
PHYTMO,A03,1,1,Lshin,GHT
PHYTMO,A03,1,1,Lshin,GHT
PHYTMO,A03,1,1,Lshin,GHT
PHYTMO,A03,1,1,Lshin,GHT
PHYTMO,A03,1,1,Lshin,GHT
PHYTMO,A03,1,1,Lshin,GHT
PHYTMO,A03,1,1,Lshin,GHT
PHYTMO,A03,1,1,Lshin,GHT
PHYTMO,A03,1,1,Lshin,GHT
PHYTMO,A03,1,1,Lshin,GHT
PHYTMO,A03,1,1,Lshin,GHT
PHYTMO,A03,1,1,Lshin,GHT
PHYTMO,A03,1,1,Lshin,GHT
PHYTMO,A03,1,1,Lshin,GHT
PHYTMO,A03,1,1,Lshin,GHT
PHYTMO,A03,1,1,Lshin,GHT
PHYTMO,A03,1,1,Lshin,GHT
PHYTMO,A03,1,1,Lshin,GHT
PHYTMO,A03,1,1,Lshin,GHT
PHYTMO,A03,1,1,Lshin,GHT
PHYTMO,A03,1,1,Lshin,GHT
PHYTMO,A03,1,1,Lshin,GHT
PHYTMO,A03,1,1,Lshin,GHT
PHYTMO,A03,1,1,Lshin,GHT
PHYTMO,A03,1,1,Lshin,GHT
PHYTMO,A03,1,1,Lshin,GHT
PHYTMO,A03,1,1,Lshin,GHT
PHYTMO,A03,1,1,Lshin,GHT
PHYTMO,A03,1,1,Lshin,GHT
PHYTMO,A03,1,1,Lshin,GHT
PHYTMO,A03,1,1,Lthigh,SQT1
PHYTMO,A03,1,1,Lthigh,SQT1
PHYTMO,A03,1,1,Lthigh,SQT1
PHYTMO,A03,1,1,Lthigh,KFER1
PHYTMO,A03,1,1,Lthigh,KFER1
PHYTMO,A03,1,1,Lthigh,KFEL1
PHYTMO,A03,1,1,Lthigh,KFEL1
PHYTMO,A03,1,1,Lthigh,KFEL1
PHYTMO,A03,1,1,Lthigh,SQT1
PHYTMO,A03,1,1,Lthigh,KFER0
PHYTMO,A03,1,1,Lthigh,HAAR1
PHYTMO,A03,1,1,Lthigh,KFEL1
PHYTMO,A03,1,1,Lthigh,KFER1
PHYTMO,A03,1,1,Lthigh,HAAR1
PHYTMO,A03,1,1,Lthigh,HAAR1
PHYTMO,A03,1,1,Lthigh,HAAL1
PHYTMO,A03,1,1,Lthigh,HAAL1
PHYTMO,A03,1,1,Lthigh,KFER0
PHYTMO,A03,1,1,Lthigh,KFER0
PHYTMO,A03,1,1,Lthigh,GAT1
PHYTMO,A03,1,1,Lthigh,GAT1
PHYTMO,A03,1,1,Lthigh,GAT0
PHYTMO,A03,1,1,Lthigh,GAT0
PHYTMO,A03,1,1,Lthigh,HAAL1
PHYTMO,A03,1,1,Lthigh,GAT1
PHYTMO,A03,1,1,Lthigh,GAT0
PHYTMO,A03,1,1,Lthigh,GAT0
PHYTMO,A03,1,1,Lthigh,GAT0
PHYTMO,A03,1,1,Lthigh,GAT0
PHYTMO,A03,1,1,Lthigh,GAT1
PHYTMO,A03,1,1,Lthigh,GAT1
PHYTMO,A03,1,1,Lthigh,GAT0
PHYTMO,A03,1,1,Lthigh,GAT1
PHYTMO,A03,1,1,Lthigh,HAAR1
PHYTMO,A03,1,1,Lthigh,GAT0
PHYTMO,A03,1,1,Lthigh,KFEL1
PHYTMO,A03,1,1,Lthigh,GAT0
PHYTMO,A03,1,1,Lthigh,GAT0
PHYTMO,A03,1,1,Lthigh,GAT1
PHYTMO,A03,1,1,Lthigh,GAT1
PHYTMO,A03,1,1,Lthigh,GAT0
PHYTMO,A03,1,1,Lthigh,HAAL1
PHYTMO,A03,1,1,Lthigh,GAT1
PHYTMO,A03,1,1,Lthigh,GAT0
PHYTMO,A03,1,1,Lthigh,GAT0
PHYTMO,A03,1,1,Lthigh,HAAL1
PHYTMO,A03,1,1,Lthigh,GAT1
PHYTMO,A03,1,1,Lthigh,GAT0
PHYTMO,A03,1,1,Lthigh,GHT
PHYTMO,A03,1,1,Lthigh,HAAL1
PHYTMO,A03,1,1,Lthigh,GAT0
PHYTMO,A03,1,1,Lthigh,GAT0
PHYTMO,A03,1,1,Lthigh,GAT1
PHYTMO,A03,1,1,Lthigh,HAAL1
PHYTMO,A03,1,1,Lthigh,GAT0
PHYTMO,A03,1,1,Lthigh,GAT0
PHYTMO,A03,1,1,Lthigh,HAAL1
PHYTMO,A03,1,1,Lthigh,GHT
PHYTMO,A03,1,1,Lthigh,GAT0
PHYTMO,A03,1,1,Lthigh,GAT0
PHYTMO,A03,1,1,Lthigh,GAT0
PHYTMO,A03,1,1,Lthigh,GAT1
PHYTMO,A03,1,1,Lthigh,GAT1
PHYTMO,A03,1,1,Lthigh,GAT0
PHYTMO,A03,1,1,Lthigh,HAAL1
PHYTMO,A03,1,1,Lthigh,GAT1
PHYTMO,A03,1,1,Lthigh,GAT0
PHYTMO,A03,1,1,Lthigh,GAT0
PHYTMO,A03,1,1,Lthigh,HAAL1
PHYTMO,A03,1,1,Lthigh,GAT1
PHYTMO,A03,1,1,Lthigh,GAT0
PHYTMO,A03,1,1,Lthigh,GAT1
PHYTMO,A03,1,1,Lthigh,HAAL1
PHYTMO,A03,1,1,Lthigh,GAT0
PHYTMO,A03,1,1,Lthigh,GAT0
PHYTMO,A03,1,1,Lthigh,GAT1
PHYTMO,A03,1,1,Lthigh,HAAL1
PHYTMO,A03,1,1,Lthigh,GAT0
PHYTMO,A03,1,1,Lthigh,GAT0
PHYTMO,A03,1,1,Lthigh,HAAL1
PHYTMO,A03,1,1,Lthigh,GHT
PHYTMO,A03,1,1,Lthigh,GAT0
PHYTMO,A03,1,1,Lthigh,GAT0
PHYTMO,A03,1,1,Lthigh,HAAL1
PHYTMO,A03,1,1,Lthigh,GAT1
PHYTMO,A03,1,1,Lthigh,GAT0
PHYTMO,A03,1,1,Lthigh,GAT0
PHYTMO,A03,1,1,Lthigh,HAAL1
PHYTMO,A03,1,1,Lthigh,GAT1
PHYTMO,A03,1,1,Lthigh,GAT0
PHYTMO,A03,1,1,Lthigh,GAT0
PHYTMO,A03,1,1,Lthigh,GAT1
PHYTMO,A03,1,1,Lthigh,GAT1
PHYTMO,A03,1,1,Lthigh,GAT0
PHYTMO,A03,1,1,Lthigh,HAAL1
PHYTMO,A03,1,1,Lthigh,GAT1
PHYTMO,A03,1,1,Lthigh,GAT0
PHYTMO,A03,1,1,Lthigh,GAT0
PHYTMO,A03,1,1,Lthigh,HAAL1
PHYTMO,A03,1,1,Lthigh,GAT1
PHYTMO,A03,1,1,Lthigh,GAT0
PHYTMO,A03,1,1,Lthigh,GAT1
PHYTMO,A03,1,1,Lthigh,HAAL1
PHYTMO,A03,1,1,Lthigh,GAT0
PHYTMO,A03,1,1,Lthigh,GAT0
PHYTMO,A03,1,1,Lthigh,HAAR1
PHYTMO,A03,1,1,Lthigh,GHT
PHYTMO,A03,1,1,Lthigh,GAT0
PHYTMO,A03,1,1,Lthigh,GAT0
PHYTMO,A03,1,1,Lthigh,HAAL1
PHYTMO,A03,1,1,Lthigh,GHT
PHYTMO,A03,1,1,Lthigh,GAT0
PHYTMO,A03,1,1,Lthigh,GAT0
PHYTMO,A03,1,1,Lthigh,HAAL1
PHYTMO,A03,1,1,Lthigh,GAT1
PHYTMO,A03,1,1,Lthigh,GAT0
PHYTMO,A03,1,1,Lthigh,GAT0
PHYTMO,A03,1,1,Lthigh,HAAL1
PHYTMO,A03,1,1,Lthigh,GAT1
PHYTMO,A03,1,1,Lthigh,GAT0
PHYTMO,A03,1,1,Lthigh,GIS
PHYTMO,A03,1,1,Lthigh,HAAL1
PHYTMO,A03,1,1,Lthigh,GAT0
PHYTMO,A03,1,1,Lthigh,GAT0
PHYTMO,A03,1,1,Lthigh,HAAL1
PHYTMO,A03,1,1,Lthigh,GAT1
PHYTMO,A03,1,1,Lthigh,GAT0
PHYTMO,A03,1,1,Lthigh,GAT1
PHYTMO,A03,1,1,Lthigh,HAAL1
PHYTMO,A03,1,1,Lthigh,GAT0
PHYTMO,A03,1,1,Lthigh,GAT0
PHYTMO,A03,1,1,Lthigh,GAT1
PHYTMO,A03,1,1,Lthigh,HAAL1
PHYTMO,A03,1,1,Lthigh,GAT0
PHYTMO,A03,1,1,Lthigh,GAT0
PHYTMO,A03,1,1,Lthigh,HAAL1
PHYTMO,A03,1,1,Lthigh,GHT
PHYTMO,A03,1,1,Lthigh,GAT0
PHYTMO,A03,1,1,Lthigh,GAT0
PHYTMO,A03,1,1,Lthigh,HAAL1
PHYTMO,A03,1,1,Lthigh,GAT1
PHYTMO,A03,1,1,Lthigh,GAT0
PHYTMO,A03,1,1,Lthigh,GAT0
PHYTMO,A03,1,1,Lthigh,HAAL1
PHYTMO,A03,1,1,Lthigh,GAT1
PHYTMO,A03,1,1,Lthigh,GAT0
PHYTMO,A03,1,1,Lthigh,GAT0
PHYTMO,A03,1,1,Lthigh,HAAL1
PHYTMO,A03,1,1,Lthigh,GAT1
PHYTMO,A03,1,1,Lthigh,GAT0
PHYTMO,A03,1,1,Lthigh,HAAR1
PHYTMO,A03,1,1,Lthigh,HAAL1
PHYTMO,A03,1,1,Lthigh,GAT0
PHYTMO,A03,1,1,Lthigh,GAT1
PHYTMO,A03,1,1,Lthigh,HAAL1
PHYTMO,A03,1,1,Lthigh,GAT0
PHYTMO,A03,1,1,Lthigh,GAT0
PHYTMO,A03,1,1,Lthigh,GAT0
PHYTMO,A03,1,1,Lthigh,HAAL1
PHYTMO,A03,1,1,Lthigh,GHT
PHYTMO,A03,1,1,Lthigh,GAT0
PHYTMO,A03,1,1,Lthigh,GAT0
PHYTMO,A03,1,1,Lthigh,HAAL1
PHYTMO,A03,1,1,Lthigh,GAT1
PHYTMO,A03,1,1,Lthigh,GAT0
PHYTMO,A03,1,1,Lthigh,GAT0
PHYTMO,A03,1,1,Lthigh,GAT1
PHYTMO,A03,1,1,Lthigh,GAT1
PHYTMO,A03,1,1,Lthigh,GAT0
PHYTMO,A03,1,1,Lthigh,HAAL1
PHYTMO,A03,1,1,Lthigh,GAT1
PHYTMO,A03,1,1,Lthigh,GAT0
PHYTMO,A03,1,1,Lthigh,GAT0
PHYTMO,A03,1,1,Lthigh,HAAL1
PHYTMO,A03,1,1,Lthigh,GAT1
PHYTMO,A03,1,1,Lthigh,GAT0
PHYTMO,A03,1,1,Lthigh,GAT1
PHYTMO,A03,1,1,Lthigh,HAAL1
PHYTMO,A03,1,1,Lthigh,GAT0
PHYTMO,A03,1,1,Lthigh,GAT0
PHYTMO,A03,1,1,Lthigh,GAT1
PHYTMO,A03,1,1,Lthigh,HAAL1
PHYTMO,A03,1,1,Lthigh,GAT0
PHYTMO,A03,1,1,Lthigh,GAT0
PHYTMO,A03,1,1,Lthigh,HAAL1
PHYTMO,A03,1,1,Lthigh,GHT
PHYTMO,A03,1,1,Lthigh,GAT0
PHYTMO,A03,1,1,Lthigh,GAT0
PHYTMO,A03,1,1,Lthigh,HAAL1
PHYTMO,A03,1,1,Lthigh,GAT1
PHYTMO,A03,1,1,Lthigh,GAT0
PHYTMO,A03,1,1,Lthigh,GAT0
PHYTMO,A03,1,1,Lthigh,HAAR0
PHYTMO,A03,1,1,Lthigh,GAT1
PHYTMO,A03,1,1,Lthigh,GAT0
PHYTMO,A03,1,1,Lthigh,HAAL1
PHYTMO,A03,1,1,Lthigh,HAAR0
PHYTMO,A03,1,1,Lthigh,GAT0
PHYTMO,A03,1,1,Lthigh,GAT0
PHYTMO,A03,1,1,Lthigh,HAAL1
PHYTMO,A03,1,1,Lthigh,GAT1
PHYTMO,A03,1,1,Lthigh,GAT0
PHYTMO,A03,1,1,Lthigh,GAT1
PHYTMO,A03,1,1,Lthigh,HAAL1
PHYTMO,A03,1,1,Lthigh,GAT0
PHYTMO,A03,1,1,Lthigh,GAT0
PHYTMO,A03,1,1,Lthigh,GAT1
PHYTMO,A03,1,1,Lthigh,HAAL1
PHYTMO,A03,1,1,Lthigh,GAT0
PHYTMO,A03,1,1,Lthigh,GAT0
PHYTMO,A03,1,1,Lthigh,HAAL1
PHYTMO,A03,1,1,Lthigh,GHT
PHYTMO,A03,1,1,Lthigh,GAT0
PHYTMO,A03,1,1,Lthigh,GAT0
PHYTMO,A03,1,1,Lthigh,HAAL1
PHYTMO,A03,1,1,Lthigh,GHT
PHYTMO,A03,1,1,Lthigh,GAT0
PHYTMO,A03,1,1,Lthigh,GAT0
PHYTMO,A03,1,1,Lthigh,HAAL1
PHYTMO,A03,1,1,Lthigh,GAT1
PHYTMO,A03,1,1,Lthigh,GAT0
PHYTMO,A03,1,1,Lthigh,GAT0
PHYTMO,A03,1,1,Lthigh,HAAL1
PHYTMO,A03,1,1,Lthigh,GAT1
PHYTMO,A03,1,1,Lthigh,GAT0
PHYTMO,A03,1,1,Lthigh,GHT
PHYTMO,A03,1,1,Lthigh,HAAL1
PHYTMO,A03,1,1,Lthigh,GAT0
PHYTMO,A03,1,1,Lthigh,GAT0
PHYTMO,A03,1,1,Lthigh,HAAL1
PHYTMO,A03,1,1,Lthigh,GAT1
PHYTMO,A03,1,1,Lthigh,GAT0
PHYTMO,A03,1,1,Lthigh,GAT1
PHYTMO,A03,1,1,Lthigh,HAAL1
PHYTMO,A03,1,1,Lthigh,GAT0
PHYTMO,A03,1,1,Lthigh,GAT0
PHYTMO,A03,1,1,Lthigh,GAT1
PHYTMO,A03,1,1,Lthigh,HAAL1
PHYTMO,A03,1,1,Lthigh,GAT0
PHYTMO,A03,1,1,Lthigh,GAT0
PHYTMO,A03,1,1,Lthigh,GHT
PHYTMO,A03,1,1,Lthigh,HAAL1
PHYTMO,A03,1,1,Lthigh,GAT1
PHYTMO,A03,1,1,Lthigh,GAT0
PHYTMO,A03,1,1,Lthigh,GAT0
PHYTMO,A03,1,1,Lthigh,HAAL1
PHYTMO,A03,1,1,Lthigh,GAT1
PHYTMO,A03,1,1,Lthigh,GAT0
PHYTMO,A03,1,1,Lthigh,GHT
PHYTMO,A03,1,1,Lthigh,HAAL1
PHYTMO,A03,1,1,Lthigh,GAT0
PHYTMO,A03,1,1,Lthigh,GAT0
PHYTMO,A03,1,1,Lthigh,HAAL1
PHYTMO,A03,1,1,Lthigh,GAT1
PHYTMO,A03,1,1,Lthigh,GAT0
PHYTMO,A03,1,1,Lthigh,GAT0
PHYTMO,A03,1,1,Lthigh,HAAL1
PHYTMO,A03,1,1,Lthigh,GHT
PHYTMO,A03,1,1,Lthigh,GAT0
PHYTMO,A03,1,1,Lthigh,GAT1
PHYTMO,A03,1,1,Lthigh,HAAL1
PHYTMO,A03,1,1,Lthigh,GAT0
PHYTMO,A03,1,1,Lthigh,GAT0
PHYTMO,A03,1,1,Lthigh,GAT0
PHYTMO,A03,1,1,Lthigh,GHT
PHYTMO,A03,1,1,Lthigh,GAT1
PHYTMO,A03,1,1,Lthigh,GAT0
PHYTMO,A03,1,1,Lthigh,HAAL1
PHYTMO,A03,1,1,Lthigh,GAT1
PHYTMO,A03,1,1,Lthigh,GAT0
PHYTMO,A03,1,1,Lthigh,GAT0
PHYTMO,A03,1,1,Lthigh,HAAL1
PHYTMO,A03,1,1,Lthigh,GAT1
PHYTMO,A03,1,1,Lthigh,GAT0
PHYTMO,A03,1,1,Lthigh,GAT0
PHYTMO,A03,1,1,Lthigh,HAAL1
PHYTMO,A03,1,1,Lthigh,GAT1
PHYTMO,A03,1,1,Lthigh,GAT0
PHYTMO,A03,1,1,Lthigh,HAAR1
PHYTMO,A03,1,1,Lthigh,GAT1
PHYTMO,A03,1,1,Lthigh,GAT0
PHYTMO,A03,1,1,Lthigh,GAT1
PHYTMO,A03,1,1,Lthigh,HAAL1
PHYTMO,A03,1,1,Lthigh,GAT0
PHYTMO,A03,1,1,Lthigh,GAT0
PHYTMO,A03,1,1,Lthigh,GAT0
PHYTMO,A03,1,1,Lthigh,HAAL1
PHYTMO,A03,1,1,Lthigh,GHT
PHYTMO,A03,1,1,Lthigh,GAT0
PHYTMO,A03,1,1,Lthigh,GAT0
PHYTMO,A03,1,1,Lthigh,HAAR0
PHYTMO,A03,1,1,Lthigh,GAT1
PHYTMO,A03,1,1,Lthigh,GAT0
PHYTMO,A03,1,1,Lthigh,HAAL1
PHYTMO,A03,1,1,Lthigh,HAAR0
PHYTMO,A03,1,1,Lthigh,GAT0
PHYTMO,A03,1,1,Lthigh,GAT0
PHYTMO,A03,1,1,Lthigh,HAAL1
PHYTMO,A03,1,1,Lthigh,GAT1
PHYTMO,A03,1,1,Lthigh,GAT0
PHYTMO,A03,1,1,Lthigh,GAT0
PHYTMO,A03,1,1,Lthigh,HAAL1
PHYTMO,A03,1,1,Lthigh,GAT1
PHYTMO,A03,1,1,Lthigh,GAT0
PHYTMO,A03,1,1,Lthigh,GAT1
PHYTMO,A03,1,1,Lthigh,HAAL1
PHYTMO,A03,1,1,Lthigh,GAT0
PHYTMO,A03,1,1,Lthigh,GAT0
PHYTMO,A03,1,1,Lthigh,GAT1
PHYTMO,A03,1,1,Lthigh,GIS
PHYTMO,A03,1,1,Lthigh,GAT0
PHYTMO,A03,1,1,Lthigh,GAT0
PHYTMO,A03,1,1,Lthigh,HAAL1
PHYTMO,A03,1,1,Lthigh,GHT
PHYTMO,A03,1,1,Lthigh,GAT0
PHYTMO,A03,1,1,Lthigh,GAT1
PHYTMO,A03,1,1,Lthigh,HAAL1
PHYTMO,A03,1,1,Lthigh,GAT0
PHYTMO,A03,1,1,Lthigh,GAT0
PHYTMO,A03,1,1,Lthigh,GAT0
PHYTMO,A03,1,1,Lthigh,HAAR0
PHYTMO,A03,1,1,Lthigh,GAT1
PHYTMO,A03,1,1,Lthigh,GAT0
PHYTMO,A03,1,1,Lthigh,GAT0
PHYTMO,A03,1,1,Lthigh,GAT1
PHYTMO,A03,1,1,Lthigh,GAT1
PHYTMO,A03,1,1,Lthigh,GAT0
PHYTMO,A03,1,1,Lthigh,HAAL1
PHYTMO,A03,1,1,Lthigh,GAT1
PHYTMO,A03,1,1,Lthigh,GAT0
PHYTMO,A03,1,1,Lthigh,GAT1
PHYTMO,A03,1,1,Lthigh,HAAL1
PHYTMO,A03,1,1,Lthigh,GAT0
PHYTMO,A03,1,1,Lthigh,GAT0
PHYTMO,A03,1,1,Lthigh,GAT1
PHYTMO,A03,1,1,Lthigh,HAAL1
PHYTMO,A03,1,1,Lthigh,GAT0
PHYTMO,A03,1,1,Lthigh,GAT0
PHYTMO,A03,1,1,Lthigh,HAAL1
PHYTMO,A03,1,1,Lthigh,GHT
PHYTMO,A03,1,1,Lthigh,GAT0
PHYTMO,A03,1,1,Lthigh,GAT0
PHYTMO,A03,1,1,Lthigh,GAT0
PHYTMO,A03,1,1,Lthigh,GAT0
PHYTMO,A03,1,1,Lthigh,SQT1
PHYTMO,A03,1,1,Lthigh,GAT0
PHYTMO,A03,1,1,Lthigh,HAAR1
PHYTMO,A03,1,1,Lthigh,GAT0
PHYTMO,A03,1,1,Lthigh,GAT0
PHYTMO,A03,1,1,Lthigh,GAT0
PHYTMO,A03,1,1,Lthigh,GAT1
PHYTMO,A03,1,1,Lthigh,GAT0
PHYTMO,A03,1,1,Lthigh,GAT1
PHYTMO,A03,1,1,Lthigh,GAT1
PHYTMO,A03,1,1,Lthigh,GAT0
PHYTMO,A03,1,1,Lthigh,GAT0
PHYTMO,A03,1,1,Lthigh,GAT0
PHYTMO,A03,1,1,Lthigh,GAT0
PHYTMO,A03,1,1,Lthigh,SQT1
PHYTMO,A03,1,1,Lthigh,GAT0
PHYTMO,A03,1,1,Lthigh,GAT0
PHYTMO,A03,1,1,Lthigh,GAT0
PHYTMO,A03,1,1,Lthigh,GAT0
PHYTMO,A03,1,1,Lthigh,GAT0
PHYTMO,A03,1,1,Lthigh,GAT0
PHYTMO,A03,1,1,Lthigh,GAT0
PHYTMO,A03,1,1,Lthigh,HAAR0
PHYTMO,A03,1,1,Lthigh,GHT
PHYTMO,A03,1,1,Lthigh,GAT0
PHYTMO,A03,1,1,Lthigh,GAT0
PHYTMO,A03,1,1,Lthigh,GHT
PHYTMO,A03,1,1,Lthigh,GHT
PHYTMO,A03,1,1,Lthigh,GAT1
PHYTMO,A03,1,1,Lthigh,GAT0
PHYTMO,A03,1,1,Lthigh,GHT
PHYTMO,A03,1,1,Lthigh,GAT1
PHYTMO,A03,1,1,Lthigh,GAT0
PHYTMO,A03,1,1,Lthigh,GAT0
PHYTMO,A03,1,1,Lthigh,KFEL0
PHYTMO,A03,1,1,Lthigh,GAT0
PHYTMO,A03,1,1,Lthigh,GAT0
PHYTMO,A03,1,1,Lthigh,SQT1
PHYTMO,A03,1,1,Lthigh,GAT0
PHYTMO,A03,1,1,Lthigh,GAT0
PHYTMO,A03,1,1,Lthigh,GAT0
PHYTMO,A03,1,1,Lthigh,GAT0
PHYTMO,A03,1,1,Lthigh,GAT0
PHYTMO,A03,1,1,Lthigh,GAT1
PHYTMO,A03,1,1,Lthigh,GAT0
PHYTMO,A03,1,1,Lthigh,GAT0
PHYTMO,A03,1,1,Lthigh,GAT1
PHYTMO,A03,1,1,Lthigh,GAT0
PHYTMO,A03,1,1,Lthigh,GAT0
PHYTMO,A03,1,1,Lthigh,GAT0
PHYTMO,A03,1,1,Lthigh,GAT0
PHYTMO,A03,1,1,Lthigh,GAT0
PHYTMO,A03,1,1,Lthigh,GAT0
PHYTMO,A03,1,1,Lthigh,GAT0
PHYTMO,A03,1,1,Lthigh,GAT0
PHYTMO,A03,1,1,Lthigh,GAT1
PHYTMO,A03,1,1,Lthigh,GAT1
PHYTMO,A03,1,1,Lthigh,GHT
PHYTMO,A03,1,1,Lthigh,GAT0
PHYTMO,A03,1,1,Lthigh,GAT0
PHYTMO,A03,1,1,Lthigh,GAT0
PHYTMO,A03,1,1,Lthigh,GAT0
PHYTMO,A03,1,1,Lthigh,GAT0
PHYTMO,A03,1,1,Lthigh,HAAL1
PHYTMO,A03,1,1,Lthigh,GHT
PHYTMO,A03,1,1,Lthigh,GAT0
PHYTMO,A03,1,1,Lthigh,GAT0
PHYTMO,A03,1,1,Lthigh,HAAL1
PHYTMO,A03,1,1,Lthigh,GAT1
PHYTMO,A03,1,1,Lthigh,GAT0
PHYTMO,A03,1,1,Lthigh,GAT0
PHYTMO,A03,1,1,Lthigh,HAAL1
PHYTMO,A03,1,1,Lthigh,GAT1
PHYTMO,A03,1,1,Lthigh,GAT0
PHYTMO,A03,1,1,Lthigh,HAAR1
PHYTMO,A03,1,1,Lthigh,GAT1
PHYTMO,A03,1,1,Lthigh,GAT0
PHYTMO,A03,1,1,Lthigh,GAT0
PHYTMO,A03,1,1,Lthigh,HAAL1
PHYTMO,A03,1,1,Lthigh,GAT1
PHYTMO,A03,1,1,Lthigh,GAT0
PHYTMO,A03,1,1,Lthigh,GAT0
PHYTMO,A03,1,1,Lthigh,HAAL1
PHYTMO,A03,1,1,Lthigh,GHT
PHYTMO,A03,1,1,Lthigh,GAT0
PHYTMO,A03,1,1,Lthigh,GAT0
PHYTMO,A03,1,1,Lthigh,HAAR0
PHYTMO,A03,1,1,Lthigh,GHT
PHYTMO,A03,1,1,Lthigh,HAAL1
PHYTMO,A03,1,1,Lthigh,GAT0
PHYTMO,A03,1,1,Lthigh,GAT0
PHYTMO,A03,1,1,Lthigh,GAT1
PHYTMO,A03,1,1,Lthigh,HAAR0
PHYTMO,A03,1,1,Lthigh,GHT
PHYTMO,A03,1,1,Lthigh,GAT0
PHYTMO,A03,1,1,Lthigh,GAT0
PHYTMO,A03,1,1,Lthigh,GHT
PHYTMO,A03,1,1,Lthigh,HAAL1
PHYTMO,A03,1,1,Lthigh,HAAL1
PHYTMO,A03,1,1,Lthigh,GAT1
PHYTMO,A03,1,1,Lthigh,GAT0
PHYTMO,A03,1,1,Lthigh,GAT0
PHYTMO,A03,1,1,Lthigh,HAAL1
PHYTMO,A03,1,1,Lthigh,GAT1
PHYTMO,A03,1,1,Lthigh,GAT0
PHYTMO,A03,1,1,Lthigh,GAT0
PHYTMO,A03,1,1,Lthigh,HAAL1
PHYTMO,A03,1,1,Lthigh,GAT1
PHYTMO,A03,1,1,Lthigh,GAT0
PHYTMO,A03,1,1,Lthigh,GAT0
PHYTMO,A03,1,1,Lthigh,HAAL1
PHYTMO,A03,1,1,Lthigh,HAAL1
PHYTMO,A03,1,1,Lthigh,GAT1
PHYTMO,A03,1,1,Lthigh,GAT0
PHYTMO,A03,1,1,Lthigh,GAT0
PHYTMO,A03,1,1,Lthigh,GHT
PHYTMO,A03,1,1,Lthigh,HAAL1
PHYTMO,A03,1,1,Lthigh,GAT0
PHYTMO,A03,1,1,Lthigh,GAT0
PHYTMO,A03,1,1,Lthigh,GAT1
PHYTMO,A03,1,1,Lthigh,HAAR0
PHYTMO,A03,1,1,Lthigh,GHT
PHYTMO,A03,1,1,Lthigh,GAT0
PHYTMO,A03,1,1,Lthigh,GAT0
PHYTMO,A03,1,1,Lthigh,GHT
PHYTMO,A03,1,1,Lthigh,HAAL1
PHYTMO,A03,1,1,Lthigh,GAT0
PHYTMO,A03,1,1,Lthigh,GAT0
PHYTMO,A03,1,1,Lthigh,GAT1
PHYTMO,A03,1,1,Lthigh,GIS
PHYTMO,A03,1,1,Lthigh,HAAL1
PHYTMO,A03,1,1,Lthigh,GAT1
PHYTMO,A03,1,1,Lthigh,GAT0
PHYTMO,A03,1,1,Lthigh,GAT0
PHYTMO,A03,1,1,Lthigh,HAAL1
PHYTMO,A03,1,1,Lthigh,GAT0
PHYTMO,A03,1,1,Lthigh,GAT1
PHYTMO,A03,1,1,Lthigh,GAT1
PHYTMO,A03,1,1,Lthigh,GAT0
PHYTMO,A03,1,1,Lthigh,GAT0
PHYTMO,A03,1,1,Lthigh,GAT0
PHYTMO,A03,1,1,Lthigh,HAAL1
PHYTMO,A03,1,1,Lthigh,GHT
PHYTMO,A03,1,1,Lthigh,GAT0
PHYTMO,A03,1,1,Lthigh,GAT0
PHYTMO,A03,1,1,Lthigh,HAAL1
PHYTMO,A03,1,1,Lthigh,GAT1
PHYTMO,A03,1,1,Lthigh,GAT0
PHYTMO,A03,1,1,Lthigh,GAT0
PHYTMO,A03,1,1,Lthigh,GAT0
PHYTMO,A03,1,1,Lthigh,GHT
PHYTMO,A03,1,1,Lthigh,GHT
PHYTMO,A03,1,1,Lthigh,GAT0
PHYTMO,A03,1,1,Lthigh,GHT
PHYTMO,A03,1,1,Lthigh,HAAL1
PHYTMO,A03,1,1,Lthigh,GAT0
PHYTMO,A03,1,1,Lthigh,GAT0
PHYTMO,A03,1,1,Lthigh,GAT0
PHYTMO,A03,1,1,Lthigh,GAT0
PHYTMO,A03,1,1,Lthigh,HAAL1
PHYTMO,A03,1,1,Lthigh,GAT1
PHYTMO,A03,1,1,Lthigh,GAT0
PHYTMO,A03,1,1,Lthigh,HAAL1
PHYTMO,A03,1,1,Lthigh,GAT1
PHYTMO,A03,1,1,Lthigh,GAT0
PHYTMO,A03,1,1,Lthigh,GAT0
PHYTMO,A03,1,1,Lthigh,GAT0
PHYTMO,A03,1,1,Lthigh,HAAL1
PHYTMO,A03,1,1,Lthigh,GHT
PHYTMO,A03,1,1,Lthigh,GAT0
PHYTMO,A03,1,1,Lthigh,GAT1
PHYTMO,A03,1,1,Lthigh,GAT1
PHYTMO,A03,1,1,Lthigh,GAT0
PHYTMO,A03,1,1,Lthigh,GAT0
PHYTMO,A03,1,1,Lthigh,GAT0
PHYTMO,A03,1,1,Lthigh,GAT0
PHYTMO,A03,1,1,Lthigh,HAAL1
PHYTMO,A03,1,1,Lthigh,GAT1
PHYTMO,A03,1,1,Lthigh,GAT0
PHYTMO,A03,1,1,Lthigh,GAT1
PHYTMO,A03,1,1,Lthigh,HAAL1
PHYTMO,A03,1,1,Lthigh,GAT0
PHYTMO,A03,1,1,Lthigh,GAT0
PHYTMO,A03,1,1,Lthigh,GAT0
PHYTMO,A03,1,1,Lthigh,GAT0
PHYTMO,A03,1,1,Lthigh,GHT
PHYTMO,A03,1,1,Lthigh,GAT1
PHYTMO,A03,1,1,Lthigh,GAT0
PHYTMO,A03,1,1,Lthigh,GAT0
PHYTMO,A03,1,1,Lthigh,GAT0
PHYTMO,A03,1,1,Lthigh,GHT
PHYTMO,A03,1,1,Lthigh,GAT1
PHYTMO,A03,1,1,Lthigh,GAT0
PHYTMO,A03,1,1,Lthigh,GAT1
PHYTMO,A03,1,1,Lthigh,GAT0
PHYTMO,A03,1,1,Lthigh,GAT0
PHYTMO,A03,1,1,Lthigh,GAT0
PHYTMO,A03,1,1,Lthigh,GAT0
PHYTMO,A03,1,1,Lthigh,GHT
PHYTMO,A03,1,1,Lthigh,GAT0
PHYTMO,A03,1,1,Lthigh,GAT0
PHYTMO,A03,1,1,Lthigh,GAT0
PHYTMO,A03,1,1,Lthigh,GAT0
PHYTMO,A03,1,1,Lthigh,GHT
PHYTMO,A03,1,1,Lthigh,GAT0
PHYTMO,A03,1,1,Lthigh,KFER0
PHYTMO,A03,1,1,Lthigh,GAT0
PHYTMO,A03,1,1,Lthigh,GAT0
PHYTMO,A03,1,1,Lthigh,GAT0
PHYTMO,A03,1,1,Lthigh,GAT0
PHYTMO,A03,1,1,Lthigh,KFER0
PHYTMO,A03,1,1,Lthigh,GAT0
PHYTMO,A03,1,1,Lthigh,GAT0
PHYTMO,A03,1,1,Lthigh,GAT0
PHYTMO,A03,1,1,Lthigh,GAT0
PHYTMO,A03,1,1,Lthigh,GAT1
PHYTMO,A03,1,1,Lthigh,GAT0
PHYTMO,A03,1,1,Lthigh,GAT0
PHYTMO,A03,1,1,Lthigh,GAT0
PHYTMO,A03,1,1,Lthigh,GAT0
PHYTMO,A03,1,1,Lthigh,GAT0
PHYTMO,A03,1,1,Lthigh,GAT0
PHYTMO,A03,1,1,Lthigh,GAT1
PHYTMO,A03,1,1,Lthigh,GAT0
PHYTMO,A03,1,1,Lthigh,GAT0
PHYTMO,A03,1,1,Lthigh,GAT0
PHYTMO,A03,1,1,Lthigh,GAT0
PHYTMO,A03,1,1,Lthigh,GHT
PHYTMO,A03,1,1,Lthigh,GAT0
PHYTMO,A03,1,1,Lthigh,GAT0
PHYTMO,A03,1,1,Lthigh,GAT0
PHYTMO,A03,1,1,Lthigh,GAT1
PHYTMO,A03,1,1,Lthigh,GAT1
PHYTMO,A03,1,1,Lthigh,GAT0
PHYTMO,A03,1,1,Lthigh,GAT0
PHYTMO,A03,1,1,Lthigh,GAT0
PHYTMO,A03,1,1,Lthigh,GAT1
PHYTMO,A03,1,1,Lthigh,GAT0
PHYTMO,A03,1,1,Lthigh,GAT0
PHYTMO,A03,1,1,Lthigh,GAT0
PHYTMO,A03,1,1,Lthigh,GAT0
PHYTMO,A03,1,1,Lthigh,GAT1
PHYTMO,A03,1,1,Lthigh,HAAL1
PHYTMO,A03,1,1,Lthigh,GAT0
PHYTMO,A03,1,1,Lthigh,GAT0
PHYTMO,A03,1,1,Lthigh,GHT
PHYTMO,A03,1,1,Lthigh,HAAR0
PHYTMO,A03,1,1,Lthigh,HAAL1
PHYTMO,A03,1,1,Lthigh,HAAL1
PHYTMO,A03,1,1,Lthigh,HAAR1
PHYTMO,A03,1,1,Lthigh,GAT1
PHYTMO,A03,1,1,Lthigh,GHT
PHYTMO,A03,1,1,Lthigh,GAT0
PHYTMO,A03,1,1,Lthigh,GAT0
PHYTMO,A03,1,1,Lthigh,GHT
PHYTMO,A03,1,1,Lthigh,HAAR0
PHYTMO,A03,1,1,Lthigh,HAAL1
PHYTMO,A03,1,1,Lthigh,HAAL1
PHYTMO,A03,1,1,Lthigh,HAAR1
PHYTMO,A03,1,1,Lthigh,SQT0
PHYTMO,A03,1,1,Lthigh,GHT
PHYTMO,A03,1,1,Lthigh,GAT0
PHYTMO,A03,1,1,Lthigh,GAT1
PHYTMO,A03,1,1,Lthigh,GHT
PHYTMO,A03,1,1,Lthigh,GAT0
PHYTMO,A03,1,1,Lthigh,HAAR0
PHYTMO,A03,1,1,Lthigh,GAT0
PHYTMO,A03,1,1,Lthigh,GAT0
PHYTMO,A03,1,1,Lthigh,GAT1
PHYTMO,A03,1,1,Lthigh,HAAL1
PHYTMO,A03,1,1,Lthigh,GAT0
PHYTMO,A03,1,1,Lthigh,GAT0
PHYTMO,A03,1,1,Lthigh,GAT1
PHYTMO,A03,1,1,Lthigh,HAAL1
PHYTMO,A03,1,1,Lthigh,GAT0
PHYTMO,A03,1,1,Lthigh,GAT1
PHYTMO,A03,1,1,Lthigh,GAT1
PHYTMO,A03,1,1,Lthigh,GAT1
PHYTMO,A03,1,1,Lthigh,GAT1
PHYTMO,A03,1,1,Lthigh,HAAR1
PHYTMO,A03,1,1,Lthigh,GAT1
PHYTMO,A03,1,1,Lthigh,GAT1
PHYTMO,A03,1,1,Lthigh,GAT1
PHYTMO,A03,1,1,Lthigh,GAT1
PHYTMO,A03,1,1,Lthigh,GHT
PHYTMO,A03,1,1,Lthigh,GHT
PHYTMO,A03,1,1,Lthigh,GAT1
PHYTMO,A03,1,1,Lthigh,GAT1
PHYTMO,A03,1,1,Lthigh,GAT1
PHYTMO,A03,1,1,Lthigh,GHT
PHYTMO,A03,1,1,Lthigh,GHT
PHYTMO,A03,1,1,Lthigh,GHT
PHYTMO,A03,1,1,Lthigh,GHT
PHYTMO,A03,1,1,Lthigh,GHT
PHYTMO,A03,1,1,Lthigh,GHT
PHYTMO,A03,1,1,Lthigh,GHT
PHYTMO,A03,1,1,Lthigh,GHT
PHYTMO,A03,1,1,Lthigh,GHT
PHYTMO,A03,1,1,Lthigh,GHT
PHYTMO,A03,1,1,Lthigh,GHT
PHYTMO,A03,1,1,Lthigh,GHT
PHYTMO,A03,1,1,Lthigh,GHT
PHYTMO,A03,1,1,Lthigh,GHT
PHYTMO,A03,1,1,Lthigh,GHT
PHYTMO,A03,1,1,Lthigh,GHT
PHYTMO,A03,1,1,Lthigh,GHT
PHYTMO,A03,1,1,Lthigh,GHT
PHYTMO,A03,1,1,Lthigh,GHT
PHYTMO,A03,1,1,Lthigh,GHT
PHYTMO,A03,1,1,Lthigh,GHT
PHYTMO,A03,1,1,Lthigh,GHT
PHYTMO,A03,1,1,Lthigh,GHT
PHYTMO,A03,1,1,Lthigh,GHT
PHYTMO,A03,1,1,Lthigh,GHT
PHYTMO,A03,1,1,Lthigh,GHT
PHYTMO,A03,1,1,Lthigh,GHT
PHYTMO,A03,1,1,Lthigh,GHT
PHYTMO,A03,1,1,Lthigh,GHT
PHYTMO,A03,1,1,Lthigh,GHT
PHYTMO,A03,1,1,Lthigh,GHT
PHYTMO,A03,1,1,Lthigh,GHT
PHYTMO,A03,1,1,Lthigh,GHT
PHYTMO,A03,1,1,Lthigh,GHT
PHYTMO,A03,1,1,Lthigh,GHT
PHYTMO,A03,1,1,Lthigh,GHT
PHYTMO,A03,1,1,Lthigh,GHT
PHYTMO,A03,1,1,Lthigh,GHT
PHYTMO,A03,1,1,Lthigh,GHT
PHYTMO,A03,1,1,Lthigh,GHT
PHYTMO,A03,1,1,Lthigh,GHT
PHYTMO,A03,1,1,Lthigh,GHT
PHYTMO,A03,1,1,Lthigh,GHT
PHYTMO,A03,1,1,Rshin,KFER0
PHYTMO,A03,1,1,Rshin,KFER0
PHYTMO,A03,1,1,Rshin,KFER0
PHYTMO,A03,1,1,Rshin,KFER1
PHYTMO,A03,1,1,Rshin,KFER0
PHYTMO,A03,1,1,Rshin,KFER0
PHYTMO,A03,1,1,Rshin,KFER1
PHYTMO,A03,1,1,Rshin,KFER1
PHYTMO,A03,1,1,Rshin,KFER0
PHYTMO,A03,1,1,Rshin,KFER0
PHYTMO,A03,1,1,Rshin,KFER1
PHYTMO,A03,1,1,Rshin,KFER1
PHYTMO,A03,1,1,Rshin,KFER0
PHYTMO,A03,1,1,Rshin,KFER1
PHYTMO,A03,1,1,Rshin,KFER0
PHYTMO,A03,1,1,Rshin,KFER0
PHYTMO,A03,1,1,Rshin,KFER0
PHYTMO,A03,1,1,Rshin,KFER0
PHYTMO,A03,1,1,Rshin,KFER1
PHYTMO,A03,1,1,Rshin,KFER1
PHYTMO,A03,1,1,Rshin,HAAR1
PHYTMO,A03,1,1,Rshin,HAAL1
PHYTMO,A03,1,1,Rshin,GAT1
PHYTMO,A03,1,1,Rshin,GAT1
PHYTMO,A03,1,1,Rshin,GAT1
PHYTMO,A03,1,1,Rshin,GAT1
PHYTMO,A03,1,1,Rshin,HAAL1
PHYTMO,A03,1,1,Rshin,HAAL1
PHYTMO,A03,1,1,Rshin,GHT
PHYTMO,A03,1,1,Rshin,GAT0
PHYTMO,A03,1,1,Rshin,GAT0
PHYTMO,A03,1,1,Rshin,HAAL1
PHYTMO,A03,1,1,Rshin,HAAL1
PHYTMO,A03,1,1,Rshin,HAAR1
PHYTMO,A03,1,1,Rshin,GAT0
PHYTMO,A03,1,1,Rshin,GAT0
PHYTMO,A03,1,1,Rshin,GHT
PHYTMO,A03,1,1,Rshin,HAAL1
PHYTMO,A03,1,1,Rshin,GAT0
PHYTMO,A03,1,1,Rshin,GAT0
PHYTMO,A03,1,1,Rshin,GHT
PHYTMO,A03,1,1,Rshin,GHT
PHYTMO,A03,1,1,Rshin,GAT0
PHYTMO,A03,1,1,Rshin,GAT0
PHYTMO,A03,1,1,Rshin,GAT0
PHYTMO,A03,1,1,Rshin,HAAL1
PHYTMO,A03,1,1,Rshin,GAT1
PHYTMO,A03,1,1,Rshin,GHT
PHYTMO,A03,1,1,Rshin,GAT0
PHYTMO,A03,1,1,Rshin,GAT0
PHYTMO,A03,1,1,Rshin,GAT1
PHYTMO,A03,1,1,Rshin,GIS
PHYTMO,A03,1,1,Rshin,GHT
PHYTMO,A03,1,1,Rshin,GAT0
PHYTMO,A03,1,1,Rshin,GAT0
PHYTMO,A03,1,1,Rshin,HAAL1
PHYTMO,A03,1,1,Rshin,GHT
PHYTMO,A03,1,1,Rshin,GHT
PHYTMO,A03,1,1,Rshin,GAT0
PHYTMO,A03,1,1,Rshin,GAT0
PHYTMO,A03,1,1,Rshin,HAAL1
PHYTMO,A03,1,1,Rshin,GHT
PHYTMO,A03,1,1,Rshin,GAT0
PHYTMO,A03,1,1,Rshin,GAT0
PHYTMO,A03,1,1,Rshin,GAT1
PHYTMO,A03,1,1,Rshin,GIS
PHYTMO,A03,1,1,Rshin,GHT
PHYTMO,A03,1,1,Rshin,GAT0
PHYTMO,A03,1,1,Rshin,GAT0
PHYTMO,A03,1,1,Rshin,HAAL1
PHYTMO,A03,1,1,Rshin,GHT
PHYTMO,A03,1,1,Rshin,GHT
PHYTMO,A03,1,1,Rshin,GAT0
PHYTMO,A03,1,1,Rshin,GAT0
PHYTMO,A03,1,1,Rshin,HAAL1
PHYTMO,A03,1,1,Rshin,GHT
PHYTMO,A03,1,1,Rshin,GAT0
PHYTMO,A03,1,1,Rshin,GAT0
PHYTMO,A03,1,1,Rshin,GAT1
PHYTMO,A03,1,1,Rshin,GHT
PHYTMO,A03,1,1,Rshin,GHT
PHYTMO,A03,1,1,Rshin,GAT0
PHYTMO,A03,1,1,Rshin,GAT0
PHYTMO,A03,1,1,Rshin,GIS
PHYTMO,A03,1,1,Rshin,GHT
PHYTMO,A03,1,1,Rshin,GAT0
PHYTMO,A03,1,1,Rshin,GAT0
PHYTMO,A03,1,1,Rshin,GAT1
PHYTMO,A03,1,1,Rshin,GHT
PHYTMO,A03,1,1,Rshin,GHT
PHYTMO,A03,1,1,Rshin,GAT0
PHYTMO,A03,1,1,Rshin,GAT0
PHYTMO,A03,1,1,Rshin,GAT1
PHYTMO,A03,1,1,Rshin,GHT
PHYTMO,A03,1,1,Rshin,GHT
PHYTMO,A03,1,1,Rshin,GAT0
PHYTMO,A03,1,1,Rshin,GAT0
PHYTMO,A03,1,1,Rshin,GHT
PHYTMO,A03,1,1,Rshin,GHT
PHYTMO,A03,1,1,Rshin,GAT0
PHYTMO,A03,1,1,Rshin,GAT0
PHYTMO,A03,1,1,Rshin,GAT1
PHYTMO,A03,1,1,Rshin,GHT
PHYTMO,A03,1,1,Rshin,GHT
PHYTMO,A03,1,1,Rshin,GAT0
PHYTMO,A03,1,1,Rshin,GAT0
PHYTMO,A03,1,1,Rshin,GAT1
PHYTMO,A03,1,1,Rshin,GHT
PHYTMO,A03,1,1,Rshin,GHT
PHYTMO,A03,1,1,Rshin,GAT0
PHYTMO,A03,1,1,Rshin,GAT0
PHYTMO,A03,1,1,Rshin,GHT
PHYTMO,A03,1,1,Rshin,GHT
PHYTMO,A03,1,1,Rshin,HAAR1
PHYTMO,A03,1,1,Rshin,GAT0
PHYTMO,A03,1,1,Rshin,GAT0
PHYTMO,A03,1,1,Rshin,GAT0
PHYTMO,A03,1,1,Rshin,GHT
PHYTMO,A03,1,1,Rshin,GHT
PHYTMO,A03,1,1,Rshin,GAT0
PHYTMO,A03,1,1,Rshin,GAT0
PHYTMO,A03,1,1,Rshin,GHT
PHYTMO,A03,1,1,Rshin,GHT
PHYTMO,A03,1,1,Rshin,GAT0
PHYTMO,A03,1,1,Rshin,GAT0
PHYTMO,A03,1,1,Rshin,GHT
PHYTMO,A03,1,1,Rshin,GAT1
PHYTMO,A03,1,1,Rshin,GAT0
PHYTMO,A03,1,1,Rshin,GAT0
PHYTMO,A03,1,1,Rshin,GHT
PHYTMO,A03,1,1,Rshin,GAT1
PHYTMO,A03,1,1,Rshin,GAT0
PHYTMO,A03,1,1,Rshin,GHT
PHYTMO,A03,1,1,Rshin,GHT
PHYTMO,A03,1,1,Rshin,GAT0
PHYTMO,A03,1,1,Rshin,GAT1
PHYTMO,A03,1,1,Rshin,GHT
PHYTMO,A03,1,1,Rshin,GAT0
PHYTMO,A03,1,1,Rshin,GAT0
PHYTMO,A03,1,1,Rshin,GAT1
PHYTMO,A03,1,1,Rshin,GHT
PHYTMO,A03,1,1,Rshin,GAT0
PHYTMO,A03,1,1,Rshin,GAT0
PHYTMO,A03,1,1,Rshin,GAT1
PHYTMO,A03,1,1,Rshin,GHT
PHYTMO,A03,1,1,Rshin,GAT0
PHYTMO,A03,1,1,Rshin,GAT0
PHYTMO,A03,1,1,Rshin,GAT1
PHYTMO,A03,1,1,Rshin,GHT
PHYTMO,A03,1,1,Rshin,GAT0
PHYTMO,A03,1,1,Rshin,GAT0
PHYTMO,A03,1,1,Rshin,GAT1
PHYTMO,A03,1,1,Rshin,GIS
PHYTMO,A03,1,1,Rshin,GAT0
PHYTMO,A03,1,1,Rshin,GAT0
PHYTMO,A03,1,1,Rshin,GHT
PHYTMO,A03,1,1,Rshin,HAAL1
PHYTMO,A03,1,1,Rshin,GAT0
PHYTMO,A03,1,1,Rshin,GAT0
PHYTMO,A03,1,1,Rshin,GHT
PHYTMO,A03,1,1,Rshin,GAT1
PHYTMO,A03,1,1,Rshin,GAT0
PHYTMO,A03,1,1,Rshin,GHT
PHYTMO,A03,1,1,Rshin,GHT
PHYTMO,A03,1,1,Rshin,GAT0
PHYTMO,A03,1,1,Rshin,GAT0
PHYTMO,A03,1,1,Rshin,GAT0
PHYTMO,A03,1,1,Rshin,GHT
PHYTMO,A03,1,1,Rshin,GAT1
PHYTMO,A03,1,1,Rshin,GAT0
PHYTMO,A03,1,1,Rshin,GHT
PHYTMO,A03,1,1,Rshin,GHT
PHYTMO,A03,1,1,Rshin,GAT0
PHYTMO,A03,1,1,Rshin,GAT0
PHYTMO,A03,1,1,Rshin,GHT
PHYTMO,A03,1,1,Rshin,GIS
PHYTMO,A03,1,1,Rshin,GAT0
PHYTMO,A03,1,1,Rshin,GAT0
PHYTMO,A03,1,1,Rshin,GHT
PHYTMO,A03,1,1,Rshin,HAAL1
PHYTMO,A03,1,1,Rshin,GAT0
PHYTMO,A03,1,1,Rshin,GAT0
PHYTMO,A03,1,1,Rshin,GHT
PHYTMO,A03,1,1,Rshin,GAT1
PHYTMO,A03,1,1,Rshin,GAT0
PHYTMO,A03,1,1,Rshin,GHT
PHYTMO,A03,1,1,Rshin,GHT
PHYTMO,A03,1,1,Rshin,GAT0
PHYTMO,A03,1,1,Rshin,GAT0
PHYTMO,A03,1,1,Rshin,GHT
PHYTMO,A03,1,1,Rshin,GHT
PHYTMO,A03,1,1,Rshin,GAT0
PHYTMO,A03,1,1,Rshin,GAT0
PHYTMO,A03,1,1,Rshin,GHT
PHYTMO,A03,1,1,Rshin,GIS
PHYTMO,A03,1,1,Rshin,GAT0
PHYTMO,A03,1,1,Rshin,GAT0
PHYTMO,A03,1,1,Rshin,GHT
PHYTMO,A03,1,1,Rshin,GHT
PHYTMO,A03,1,1,Rshin,GAT0
PHYTMO,A03,1,1,Rshin,GAT0
PHYTMO,A03,1,1,Rshin,GHT
PHYTMO,A03,1,1,Rshin,GIS
PHYTMO,A03,1,1,Rshin,GAT0
PHYTMO,A03,1,1,Rshin,GAT0
PHYTMO,A03,1,1,Rshin,GHT
PHYTMO,A03,1,1,Rshin,GAT1
PHYTMO,A03,1,1,Rshin,GAT0
PHYTMO,A03,1,1,Rshin,GHT
PHYTMO,A03,1,1,Rshin,GHT
PHYTMO,A03,1,1,Rshin,GAT0
PHYTMO,A03,1,1,Rshin,GAT0
PHYTMO,A03,1,1,Rshin,GHT
PHYTMO,A03,1,1,Rshin,GHT
PHYTMO,A03,1,1,Rshin,GAT0
PHYTMO,A03,1,1,Rshin,GAT0
PHYTMO,A03,1,1,Rshin,GHT
PHYTMO,A03,1,1,Rshin,GHT
PHYTMO,A03,1,1,Rshin,GAT0
PHYTMO,A03,1,1,Rshin,GAT0
PHYTMO,A03,1,1,Rshin,GHT
PHYTMO,A03,1,1,Rshin,GAT1
PHYTMO,A03,1,1,Rshin,GAT0
PHYTMO,A03,1,1,Rshin,GHT
PHYTMO,A03,1,1,Rshin,GHT
PHYTMO,A03,1,1,Rshin,GAT0
PHYTMO,A03,1,1,Rshin,GAT0
PHYTMO,A03,1,1,Rshin,GHT
PHYTMO,A03,1,1,Rshin,GHT
PHYTMO,A03,1,1,Rshin,GAT0
PHYTMO,A03,1,1,Rshin,GAT0
PHYTMO,A03,1,1,Rshin,GHT
PHYTMO,A03,1,1,Rshin,GHT
PHYTMO,A03,1,1,Rshin,GAT0
PHYTMO,A03,1,1,Rshin,GAT0
PHYTMO,A03,1,1,Rshin,GHT
PHYTMO,A03,1,1,Rshin,GHT
PHYTMO,A03,1,1,Rshin,GAT0
PHYTMO,A03,1,1,Rshin,GAT0
PHYTMO,A03,1,1,Rshin,GHT
PHYTMO,A03,1,1,Rshin,GAT1
PHYTMO,A03,1,1,Rshin,GAT0
PHYTMO,A03,1,1,Rshin,GHT
PHYTMO,A03,1,1,Rshin,GHT
PHYTMO,A03,1,1,Rshin,GAT0
PHYTMO,A03,1,1,Rshin,GAT0
PHYTMO,A03,1,1,Rshin,GHT
PHYTMO,A03,1,1,Rshin,GHT
PHYTMO,A03,1,1,Rshin,GAT0
PHYTMO,A03,1,1,Rshin,GAT0
PHYTMO,A03,1,1,Rshin,GHT
PHYTMO,A03,1,1,Rshin,GHT
PHYTMO,A03,1,1,Rshin,GAT0
PHYTMO,A03,1,1,Rshin,GAT0
PHYTMO,A03,1,1,Rshin,GHT
PHYTMO,A03,1,1,Rshin,GIS
PHYTMO,A03,1,1,Rshin,GAT0
PHYTMO,A03,1,1,Rshin,GAT0
PHYTMO,A03,1,1,Rshin,GHT
PHYTMO,A03,1,1,Rshin,GAT1
PHYTMO,A03,1,1,Rshin,GAT0
PHYTMO,A03,1,1,Rshin,GHT
PHYTMO,A03,1,1,Rshin,GHT
PHYTMO,A03,1,1,Rshin,GAT0
PHYTMO,A03,1,1,Rshin,GAT0
PHYTMO,A03,1,1,Rshin,GHT
PHYTMO,A03,1,1,Rshin,GIS
PHYTMO,A03,1,1,Rshin,GAT0
PHYTMO,A03,1,1,Rshin,GAT0
PHYTMO,A03,1,1,Rshin,GAT0
PHYTMO,A03,1,1,Rshin,GHT
PHYTMO,A03,1,1,Rshin,GIS
PHYTMO,A03,1,1,Rshin,GAT0
PHYTMO,A03,1,1,Rshin,GAT0
PHYTMO,A03,1,1,Rshin,GHT
PHYTMO,A03,1,1,Rshin,GIS
PHYTMO,A03,1,1,Rshin,GAT0
PHYTMO,A03,1,1,Rshin,GAT0
PHYTMO,A03,1,1,Rshin,GHT
PHYTMO,A03,1,1,Rshin,GAT1
PHYTMO,A03,1,1,Rshin,GAT0
PHYTMO,A03,1,1,Rshin,GHT
PHYTMO,A03,1,1,Rshin,GHT
PHYTMO,A03,1,1,Rshin,GAT0
PHYTMO,A03,1,1,Rshin,GAT0
PHYTMO,A03,1,1,Rshin,GHT
PHYTMO,A03,1,1,Rshin,GIS
PHYTMO,A03,1,1,Rshin,GAT0
PHYTMO,A03,1,1,Rshin,GAT0
PHYTMO,A03,1,1,Rshin,GHT
PHYTMO,A03,1,1,Rshin,GIS
PHYTMO,A03,1,1,Rshin,GAT0
PHYTMO,A03,1,1,Rshin,GAT0
PHYTMO,A03,1,1,Rshin,GHT
PHYTMO,A03,1,1,Rshin,GAT1
PHYTMO,A03,1,1,Rshin,GAT0
PHYTMO,A03,1,1,Rshin,GHT
PHYTMO,A03,1,1,Rshin,GHT
PHYTMO,A03,1,1,Rshin,GAT0
PHYTMO,A03,1,1,Rshin,GAT0
PHYTMO,A03,1,1,Rshin,GHT
PHYTMO,A03,1,1,Rshin,GHT
PHYTMO,A03,1,1,Rshin,GAT0
PHYTMO,A03,1,1,Rshin,GAT0
PHYTMO,A03,1,1,Rshin,GHT
PHYTMO,A03,1,1,Rshin,GHT
PHYTMO,A03,1,1,Rshin,GAT0
PHYTMO,A03,1,1,Rshin,GAT0
PHYTMO,A03,1,1,Rshin,GHT
PHYTMO,A03,1,1,Rshin,GAT1
PHYTMO,A03,1,1,Rshin,GAT0
PHYTMO,A03,1,1,Rshin,GHT
PHYTMO,A03,1,1,Rshin,GHT
PHYTMO,A03,1,1,Rshin,GAT0
PHYTMO,A03,1,1,Rshin,GAT0
PHYTMO,A03,1,1,Rshin,GHT
PHYTMO,A03,1,1,Rshin,GHT
PHYTMO,A03,1,1,Rshin,GAT0
PHYTMO,A03,1,1,Rshin,GAT0
PHYTMO,A03,1,1,Rshin,GHT
PHYTMO,A03,1,1,Rshin,HAAL1
PHYTMO,A03,1,1,Rshin,GAT0
PHYTMO,A03,1,1,Rshin,GAT1
PHYTMO,A03,1,1,Rshin,GHT
PHYTMO,A03,1,1,Rshin,GAT0
PHYTMO,A03,1,1,Rshin,GAT0
PHYTMO,A03,1,1,Rshin,GHT
PHYTMO,A03,1,1,Rshin,GHT
PHYTMO,A03,1,1,Rshin,GAT0
PHYTMO,A03,1,1,Rshin,GAT1
PHYTMO,A03,1,1,Rshin,GHT
PHYTMO,A03,1,1,Rshin,GAT0
PHYTMO,A03,1,1,Rshin,GAT0
PHYTMO,A03,1,1,Rshin,GAT1
PHYTMO,A03,1,1,Rshin,GHT
PHYTMO,A03,1,1,Rshin,GAT0
PHYTMO,A03,1,1,Rshin,GAT0
PHYTMO,A03,1,1,Rshin,GAT1
PHYTMO,A03,1,1,Rshin,GHT
PHYTMO,A03,1,1,Rshin,GAT0
PHYTMO,A03,1,1,Rshin,GAT0
PHYTMO,A03,1,1,Rshin,GAT1
PHYTMO,A03,1,1,Rshin,GHT
PHYTMO,A03,1,1,Rshin,GAT0
PHYTMO,A03,1,1,Rshin,GAT0
PHYTMO,A03,1,1,Rshin,GAT1
PHYTMO,A03,1,1,Rshin,GIS
PHYTMO,A03,1,1,Rshin,GAT0
PHYTMO,A03,1,1,Rshin,GAT0
PHYTMO,A03,1,1,Rshin,GHT
PHYTMO,A03,1,1,Rshin,GIS
PHYTMO,A03,1,1,Rshin,GAT0
PHYTMO,A03,1,1,Rshin,GAT1
PHYTMO,A03,1,1,Rshin,GHT
PHYTMO,A03,1,1,Rshin,GAT0
PHYTMO,A03,1,1,Rshin,GAT0
PHYTMO,A03,1,1,Rshin,GHT
PHYTMO,A03,1,1,Rshin,GHT
PHYTMO,A03,1,1,Rshin,GAT0
PHYTMO,A03,1,1,Rshin,GAT0
PHYTMO,A03,1,1,Rshin,GHT
PHYTMO,A03,1,1,Rshin,GIS
PHYTMO,A03,1,1,Rshin,GAT0
PHYTMO,A03,1,1,Rshin,GAT0
PHYTMO,A03,1,1,Rshin,GHT
PHYTMO,A03,1,1,Rshin,GIS
PHYTMO,A03,1,1,Rshin,GAT0
PHYTMO,A03,1,1,Rshin,GAT0
PHYTMO,A03,1,1,Rshin,GHT
PHYTMO,A03,1,1,Rshin,GIS
PHYTMO,A03,1,1,Rshin,GAT0
PHYTMO,A03,1,1,Rshin,GAT0
PHYTMO,A03,1,1,Rshin,GHT
PHYTMO,A03,1,1,Rshin,HAAL1
PHYTMO,A03,1,1,Rshin,GAT0
PHYTMO,A03,1,1,Rshin,GAT0
PHYTMO,A03,1,1,Rshin,GHT
PHYTMO,A03,1,1,Rshin,GAT1
PHYTMO,A03,1,1,Rshin,GAT0
PHYTMO,A03,1,1,Rshin,GAT0
PHYTMO,A03,1,1,Rshin,GHT
PHYTMO,A03,1,1,Rshin,GAT1
PHYTMO,A03,1,1,Rshin,GAT0
PHYTMO,A03,1,1,Rshin,GHT
PHYTMO,A03,1,1,Rshin,GIS
PHYTMO,A03,1,1,Rshin,GAT0
PHYTMO,A03,1,1,Rshin,GAT0
PHYTMO,A03,1,1,Rshin,GHT
PHYTMO,A03,1,1,Rshin,HAAL1
PHYTMO,A03,1,1,Rshin,GAT0
PHYTMO,A03,1,1,Rshin,GAT0
PHYTMO,A03,1,1,Rshin,GHT
PHYTMO,A03,1,1,Rshin,HAAL1
PHYTMO,A03,1,1,Rshin,GAT0
PHYTMO,A03,1,1,Rshin,GAT0
PHYTMO,A03,1,1,Rshin,GHT
PHYTMO,A03,1,1,Rshin,HAAL1
PHYTMO,A03,1,1,Rshin,GAT0
PHYTMO,A03,1,1,Rshin,GAT0
PHYTMO,A03,1,1,Rshin,GHT
PHYTMO,A03,1,1,Rshin,GAT1
PHYTMO,A03,1,1,Rshin,GAT0
PHYTMO,A03,1,1,Rshin,GHT
PHYTMO,A03,1,1,Rshin,GHT
PHYTMO,A03,1,1,Rshin,GAT0
PHYTMO,A03,1,1,Rshin,GAT0
PHYTMO,A03,1,1,Rshin,GAT0
PHYTMO,A03,1,1,Rshin,GHT
PHYTMO,A03,1,1,Rshin,GHT
PHYTMO,A03,1,1,Rshin,GAT0
PHYTMO,A03,1,1,Rshin,GAT0
PHYTMO,A03,1,1,Rshin,GIS
PHYTMO,A03,1,1,Rshin,GHT
PHYTMO,A03,1,1,Rshin,GAT0
PHYTMO,A03,1,1,Rshin,GAT0
PHYTMO,A03,1,1,Rshin,GAT1
PHYTMO,A03,1,1,Rshin,GHT
PHYTMO,A03,1,1,Rshin,GHT
PHYTMO,A03,1,1,Rshin,GAT0
PHYTMO,A03,1,1,Rshin,GAT0
PHYTMO,A03,1,1,Rshin,HAAL1
PHYTMO,A03,1,1,Rshin,GHT
PHYTMO,A03,1,1,Rshin,GHT
PHYTMO,A03,1,1,Rshin,GAT0
PHYTMO,A03,1,1,Rshin,GAT0
PHYTMO,A03,1,1,Rshin,GIS
PHYTMO,A03,1,1,Rshin,GHT
PHYTMO,A03,1,1,Rshin,GAT0
PHYTMO,A03,1,1,Rshin,GAT0
PHYTMO,A03,1,1,Rshin,GAT1
PHYTMO,A03,1,1,Rshin,GHT
PHYTMO,A03,1,1,Rshin,GHT
PHYTMO,A03,1,1,Rshin,GAT0
PHYTMO,A03,1,1,Rshin,GAT0
PHYTMO,A03,1,1,Rshin,HAAL1
PHYTMO,A03,1,1,Rshin,GHT
PHYTMO,A03,1,1,Rshin,GHT
PHYTMO,A03,1,1,Rshin,GAT0
PHYTMO,A03,1,1,Rshin,GAT0
PHYTMO,A03,1,1,Rshin,GHT
PHYTMO,A03,1,1,Rshin,GHT
PHYTMO,A03,1,1,Rshin,GAT0
PHYTMO,A03,1,1,Rshin,GAT0
PHYTMO,A03,1,1,Rshin,GAT1
PHYTMO,A03,1,1,Rshin,GHT
PHYTMO,A03,1,1,Rshin,GHT
PHYTMO,A03,1,1,Rshin,GAT0
PHYTMO,A03,1,1,Rshin,GAT0
PHYTMO,A03,1,1,Rshin,GIS
PHYTMO,A03,1,1,Rshin,GHT
PHYTMO,A03,1,1,Rshin,GHT
PHYTMO,A03,1,1,Rshin,GAT0
PHYTMO,A03,1,1,Rshin,GAT0
PHYTMO,A03,1,1,Rshin,GHT
PHYTMO,A03,1,1,Rshin,GHT
PHYTMO,A03,1,1,Rshin,GAT0
PHYTMO,A03,1,1,Rshin,GAT0
PHYTMO,A03,1,1,Rshin,GAT1
PHYTMO,A03,1,1,Rshin,GHT
PHYTMO,A03,1,1,Rshin,GAT0
PHYTMO,A03,1,1,Rshin,GAT0
PHYTMO,A03,1,1,Rshin,GIS
PHYTMO,A03,1,1,Rshin,GHT
PHYTMO,A03,1,1,Rshin,GHT
PHYTMO,A03,1,1,Rshin,GAT0
PHYTMO,A03,1,1,Rshin,GAT0
PHYTMO,A03,1,1,Rshin,GHT
PHYTMO,A03,1,1,Rshin,GHT
PHYTMO,A03,1,1,Rshin,GAT0
PHYTMO,A03,1,1,Rshin,GAT0
PHYTMO,A03,1,1,Rshin,GAT1
PHYTMO,A03,1,1,Rshin,GHT
PHYTMO,A03,1,1,Rshin,GHT
PHYTMO,A03,1,1,Rshin,GAT0
PHYTMO,A03,1,1,Rshin,GAT0
PHYTMO,A03,1,1,Rshin,GIS
PHYTMO,A03,1,1,Rshin,GHT
PHYTMO,A03,1,1,Rshin,GHT
PHYTMO,A03,1,1,Rshin,GAT0
PHYTMO,A03,1,1,Rshin,GAT0
PHYTMO,A03,1,1,Rshin,GHT
PHYTMO,A03,1,1,Rshin,GHT
PHYTMO,A03,1,1,Rshin,GAT0
PHYTMO,A03,1,1,Rshin,GAT0
PHYTMO,A03,1,1,Rshin,GHT
PHYTMO,A03,1,1,Rshin,GHT
PHYTMO,A03,1,1,Rshin,GIS
PHYTMO,A03,1,1,Rshin,GAT0
PHYTMO,A03,1,1,Rshin,GAT0
PHYTMO,A03,1,1,Rshin,GHT
PHYTMO,A03,1,1,Rshin,GHT
PHYTMO,A03,1,1,Rshin,GAT0
PHYTMO,A03,1,1,Rshin,GAT0
PHYTMO,A03,1,1,Rshin,GAT1
PHYTMO,A03,1,1,Rshin,GHT
PHYTMO,A03,1,1,Rshin,GHT
PHYTMO,A03,1,1,Rshin,GAT0
PHYTMO,A03,1,1,Rshin,GAT0
PHYTMO,A03,1,1,Rshin,GHT
PHYTMO,A03,1,1,Rshin,GHT
PHYTMO,A03,1,1,Rshin,GIS
PHYTMO,A03,1,1,Rshin,GAT0
PHYTMO,A03,1,1,Rshin,GAT0
PHYTMO,A03,1,1,Rshin,GHT
PHYTMO,A03,1,1,Rshin,GHT
PHYTMO,A03,1,1,Rshin,GAT1
PHYTMO,A03,1,1,Rshin,GAT0
PHYTMO,A03,1,1,Rshin,GAT0
PHYTMO,A03,1,1,Rshin,GHT
PHYTMO,A03,1,1,Rshin,GHT
PHYTMO,A03,1,1,Rshin,GAT1
PHYTMO,A03,1,1,Rshin,GAT0
PHYTMO,A03,1,1,Rshin,GAT0
PHYTMO,A03,1,1,Rshin,GIS
PHYTMO,A03,1,1,Rshin,GHT
PHYTMO,A03,1,1,Rshin,GAT0
PHYTMO,A03,1,1,Rshin,GAT0
PHYTMO,A03,1,1,Rshin,HAAL1
PHYTMO,A03,1,1,Rshin,GHT
PHYTMO,A03,1,1,Rshin,GHT
PHYTMO,A03,1,1,Rshin,GAT0
PHYTMO,A03,1,1,Rshin,GAT0
PHYTMO,A03,1,1,Rshin,GIS
PHYTMO,A03,1,1,Rshin,GHT
PHYTMO,A03,1,1,Rshin,GAT1
PHYTMO,A03,1,1,Rshin,GAT0
PHYTMO,A03,1,1,Rshin,GAT0
PHYTMO,A03,1,1,Rshin,GHT
PHYTMO,A03,1,1,Rshin,GHT
PHYTMO,A03,1,1,Rshin,GAT0
PHYTMO,A03,1,1,Rshin,GAT0
PHYTMO,A03,1,1,Rshin,HAAL1
PHYTMO,A03,1,1,Rshin,GHT
PHYTMO,A03,1,1,Rshin,GHT
PHYTMO,A03,1,1,Rshin,GAT0
PHYTMO,A03,1,1,Rshin,GAT0
PHYTMO,A03,1,1,Rshin,GIS
PHYTMO,A03,1,1,Rshin,GHT
PHYTMO,A03,1,1,Rshin,GAT0
PHYTMO,A03,1,1,Rshin,GAT0
PHYTMO,A03,1,1,Rshin,HAAR0
PHYTMO,A03,1,1,Rshin,GAT1
PHYTMO,A03,1,1,Rshin,GHT
PHYTMO,A03,1,1,Rshin,GAT0
PHYTMO,A03,1,1,Rshin,GAT0
PHYTMO,A03,1,1,Rshin,GAT0
PHYTMO,A03,1,1,Rshin,GAT0
PHYTMO,A03,1,1,Rshin,GAT1
PHYTMO,A03,1,1,Rshin,GAT0
PHYTMO,A03,1,1,Rshin,GAT0
PHYTMO,A03,1,1,Rshin,GAT0
PHYTMO,A03,1,1,Rshin,GAT0
PHYTMO,A03,1,1,Rshin,GAT0
PHYTMO,A03,1,1,Rshin,GAT0
PHYTMO,A03,1,1,Rshin,GAT1
PHYTMO,A03,1,1,Rshin,GAT0
PHYTMO,A03,1,1,Rshin,GAT0
PHYTMO,A03,1,1,Rshin,GAT0
PHYTMO,A03,1,1,Rshin,GAT0
PHYTMO,A03,1,1,Rshin,GAT1
PHYTMO,A03,1,1,Rshin,GAT0
PHYTMO,A03,1,1,Rshin,GAT0
PHYTMO,A03,1,1,Rshin,GAT0
PHYTMO,A03,1,1,Rshin,GAT0
PHYTMO,A03,1,1,Rshin,GAT0
PHYTMO,A03,1,1,Rshin,GAT0
PHYTMO,A03,1,1,Rshin,GAT0
PHYTMO,A03,1,1,Rshin,GAT0
PHYTMO,A03,1,1,Rshin,GAT1
PHYTMO,A03,1,1,Rshin,GAT0
PHYTMO,A03,1,1,Rshin,GAT0
PHYTMO,A03,1,1,Rshin,GAT0
PHYTMO,A03,1,1,Rshin,GAT0
PHYTMO,A03,1,1,Rshin,GAT1
PHYTMO,A03,1,1,Rshin,GAT0
PHYTMO,A03,1,1,Rshin,GAT0
PHYTMO,A03,1,1,Rshin,GAT0
PHYTMO,A03,1,1,Rshin,GAT0
PHYTMO,A03,1,1,Rshin,GAT0
PHYTMO,A03,1,1,Rshin,GAT0
PHYTMO,A03,1,1,Rshin,GAT1
PHYTMO,A03,1,1,Rshin,GAT0
PHYTMO,A03,1,1,Rshin,GAT0
PHYTMO,A03,1,1,Rshin,GAT0
PHYTMO,A03,1,1,Rshin,GAT0
PHYTMO,A03,1,1,Rshin,GAT1
PHYTMO,A03,1,1,Rshin,GAT0
PHYTMO,A03,1,1,Rshin,GAT0
PHYTMO,A03,1,1,Rshin,GAT0
PHYTMO,A03,1,1,Rshin,GAT0
PHYTMO,A03,1,1,Rshin,GAT0
PHYTMO,A03,1,1,Rshin,GAT0
PHYTMO,A03,1,1,Rshin,GAT1
PHYTMO,A03,1,1,Rshin,GAT0
PHYTMO,A03,1,1,Rshin,GAT0
PHYTMO,A03,1,1,Rshin,GAT0
PHYTMO,A03,1,1,Rshin,GHT
PHYTMO,A03,1,1,Rshin,GHT
PHYTMO,A03,1,1,Rshin,GAT0
PHYTMO,A03,1,1,Rshin,GAT0
PHYTMO,A03,1,1,Rshin,GHT
PHYTMO,A03,1,1,Rshin,GAT0
PHYTMO,A03,1,1,Rshin,GAT0
PHYTMO,A03,1,1,Rshin,GHT
PHYTMO,A03,1,1,Rshin,GHT
PHYTMO,A03,1,1,Rshin,GAT0
PHYTMO,A03,1,1,Rshin,GAT0
PHYTMO,A03,1,1,Rshin,GAT1
PHYTMO,A03,1,1,Rshin,GAT1
PHYTMO,A03,1,1,Rshin,GHT
PHYTMO,A03,1,1,Rshin,GHT
PHYTMO,A03,1,1,Rshin,GAT0
PHYTMO,A03,1,1,Rshin,GAT0
PHYTMO,A03,1,1,Rshin,GAT1
PHYTMO,A03,1,1,Rshin,GAT0
PHYTMO,A03,1,1,Rshin,GHT
PHYTMO,A03,1,1,Rshin,GAT1
PHYTMO,A03,1,1,Rshin,HAAR1
PHYTMO,A03,1,1,Rshin,SQT0
PHYTMO,A03,1,1,Rshin,GAT0
PHYTMO,A03,1,1,Rshin,GHT
PHYTMO,A03,1,1,Rshin,GAT0
PHYTMO,A03,1,1,Rshin,GAT1
PHYTMO,A03,1,1,Rshin,GAT1
PHYTMO,A03,1,1,Rshin,GHT
PHYTMO,A03,1,1,Rshin,HAAR1
PHYTMO,A03,1,1,Rshin,GAT1
PHYTMO,A03,1,1,Rshin,GAT1
PHYTMO,A03,1,1,Rshin,GHT
PHYTMO,A03,1,1,Rshin,GHT
PHYTMO,A03,1,1,Rshin,HAAR1
PHYTMO,A03,1,1,Rshin,GAT1
PHYTMO,A03,1,1,Rshin,GAT1
PHYTMO,A03,1,1,Rshin,GHT
PHYTMO,A03,1,1,Rshin,GHT
PHYTMO,A03,1,1,Rshin,HAAR1
PHYTMO,A03,1,1,Rshin,GHT
PHYTMO,A03,1,1,Rshin,GHT
PHYTMO,A03,1,1,Rshin,GHT
PHYTMO,A03,1,1,Rshin,GHT
PHYTMO,A03,1,1,Rshin,GHT
PHYTMO,A03,1,1,Rshin,GHT
PHYTMO,A03,1,1,Rshin,GHT
PHYTMO,A03,1,1,Rshin,GHT
PHYTMO,A03,1,1,Rshin,GHT
PHYTMO,A03,1,1,Rshin,GHT
PHYTMO,A03,1,1,Rshin,GHT
PHYTMO,A03,1,1,Rshin,GHT
PHYTMO,A03,1,1,Rshin,GHT
PHYTMO,A03,1,1,Rshin,GHT
PHYTMO,A03,1,1,Rshin,GHT
PHYTMO,A03,1,1,Rshin,GHT
PHYTMO,A03,1,1,Rshin,GHT
PHYTMO,A03,1,1,Rshin,GHT
PHYTMO,A03,1,1,Rshin,GHT
PHYTMO,A03,1,1,Rshin,GHT
PHYTMO,A03,1,1,Rshin,GHT
PHYTMO,A03,1,1,Rshin,GHT
PHYTMO,A03,1,1,Rshin,GHT
PHYTMO,A03,1,1,Rshin,GHT
PHYTMO,A03,1,1,Rshin,GHT
PHYTMO,A03,1,1,Rshin,GHT
PHYTMO,A03,1,1,Rshin,GHT
PHYTMO,A03,1,1,Rshin,GHT
PHYTMO,A03,1,1,Rshin,GHT
PHYTMO,A03,1,1,Rshin,GHT
PHYTMO,A03,1,1,Rshin,GHT
PHYTMO,A03,1,1,Rshin,GHT
PHYTMO,A03,1,1,Rshin,GHT
PHYTMO,A03,1,1,Rshin,GHT
PHYTMO,A03,1,1,Rshin,GHT
PHYTMO,A03,1,1,Rshin,GHT
PHYTMO,A03,1,1,Rshin,GHT
PHYTMO,A03,1,1,Rshin,GHT
PHYTMO,A03,1,1,Rshin,GHT
PHYTMO,A03,1,1,Rshin,GHT
PHYTMO,A03,1,1,Rshin,GHT
PHYTMO,A03,1,1,Rshin,GHT
PHYTMO,A03,1,1,Rshin,GHT
PHYTMO,A03,1,1,Rshin,GHT
PHYTMO,A03,1,1,Rshin,GHT
PHYTMO,A03,1,1,Rshin,GHT
PHYTMO,A03,1,1,Rshin,GHT
PHYTMO,A03,1,1,Rshin,GHT
PHYTMO,A03,1,1,Rshin,GHT
PHYTMO,A03,1,1,Rshin,GHT
PHYTMO,A03,1,1,Rthigh,SQT1
PHYTMO,A03,1,1,Rthigh,SQT1
PHYTMO,A03,1,1,Rthigh,SQT1
PHYTMO,A03,1,1,Rthigh,GHT
PHYTMO,A03,1,1,Rthigh,GHT
PHYTMO,A03,1,1,Rthigh,HAAR1
PHYTMO,A03,1,1,Rthigh,HAAR1
PHYTMO,A03,1,1,Rthigh,KFER1
PHYTMO,A03,1,1,Rthigh,GHT
PHYTMO,A03,1,1,Rthigh,GHT
PHYTMO,A03,1,1,Rthigh,GHT
PHYTMO,A03,1,1,Rthigh,GAT1
PHYTMO,A03,1,1,Rthigh,GAT1
PHYTMO,A03,1,1,Rthigh,HAAR1
PHYTMO,A03,1,1,Rthigh,GAT1
PHYTMO,A03,1,1,Rthigh,GAT1
PHYTMO,A03,1,1,Rthigh,GHT
PHYTMO,A03,1,1,Rthigh,GAT1
PHYTMO,A03,1,1,Rthigh,KFER0
PHYTMO,A03,1,1,Rthigh,GAT1
PHYTMO,A03,1,1,Rthigh,GAT1
PHYTMO,A03,1,1,Rthigh,GAT0
PHYTMO,A03,1,1,Rthigh,GHT
PHYTMO,A03,1,1,Rthigh,GAT1
PHYTMO,A03,1,1,Rthigh,GAT0
PHYTMO,A03,1,1,Rthigh,GAT0
PHYTMO,A03,1,1,Rthigh,GAT0
PHYTMO,A03,1,1,Rthigh,GAT1
PHYTMO,A03,1,1,Rthigh,GAT1
PHYTMO,A03,1,1,Rthigh,GAT0
PHYTMO,A03,1,1,Rthigh,GAT0
PHYTMO,A03,1,1,Rthigh,GAT1
PHYTMO,A03,1,1,Rthigh,GAT0
PHYTMO,A03,1,1,Rthigh,GAT0
PHYTMO,A03,1,1,Rthigh,GIS
PHYTMO,A03,1,1,Rthigh,GAT1
PHYTMO,A03,1,1,Rthigh,GAT1
PHYTMO,A03,1,1,Rthigh,GAT0
PHYTMO,A03,1,1,Rthigh,GAT0
PHYTMO,A03,1,1,Rthigh,GIS
PHYTMO,A03,1,1,Rthigh,GAT1
PHYTMO,A03,1,1,Rthigh,GAT0
PHYTMO,A03,1,1,Rthigh,GAT0
PHYTMO,A03,1,1,Rthigh,GIS
PHYTMO,A03,1,1,Rthigh,GAT1
PHYTMO,A03,1,1,Rthigh,GAT1
PHYTMO,A03,1,1,Rthigh,HAAL1
PHYTMO,A03,1,1,Rthigh,GAT0
PHYTMO,A03,1,1,Rthigh,GAT0
PHYTMO,A03,1,1,Rthigh,GAT1
PHYTMO,A03,1,1,Rthigh,GAT1
PHYTMO,A03,1,1,Rthigh,GAT0
PHYTMO,A03,1,1,Rthigh,GAT0
PHYTMO,A03,1,1,Rthigh,GIS
PHYTMO,A03,1,1,Rthigh,GAT1
PHYTMO,A03,1,1,Rthigh,GAT1
PHYTMO,A03,1,1,Rthigh,GAT0
PHYTMO,A03,1,1,Rthigh,GAT0
PHYTMO,A03,1,1,Rthigh,GIS
PHYTMO,A03,1,1,Rthigh,GAT1
PHYTMO,A03,1,1,Rthigh,GAT0
PHYTMO,A03,1,1,Rthigh,GAT0
PHYTMO,A03,1,1,Rthigh,GIS
PHYTMO,A03,1,1,Rthigh,GAT1
PHYTMO,A03,1,1,Rthigh,GAT1
PHYTMO,A03,1,1,Rthigh,GAT0
PHYTMO,A03,1,1,Rthigh,GAT0
PHYTMO,A03,1,1,Rthigh,GHT
PHYTMO,A03,1,1,Rthigh,GAT1
PHYTMO,A03,1,1,Rthigh,GAT1
PHYTMO,A03,1,1,Rthigh,GAT0
PHYTMO,A03,1,1,Rthigh,GAT0
PHYTMO,A03,1,1,Rthigh,GAT1
PHYTMO,A03,1,1,Rthigh,GAT1
PHYTMO,A03,1,1,Rthigh,GHT
PHYTMO,A03,1,1,Rthigh,GAT0
PHYTMO,A03,1,1,Rthigh,GAT0
PHYTMO,A03,1,1,Rthigh,GAT1
PHYTMO,A03,1,1,Rthigh,GAT1
PHYTMO,A03,1,1,Rthigh,GAT0
PHYTMO,A03,1,1,Rthigh,GAT0
PHYTMO,A03,1,1,Rthigh,GIS
PHYTMO,A03,1,1,Rthigh,GAT1
PHYTMO,A03,1,1,Rthigh,GAT1
PHYTMO,A03,1,1,Rthigh,GAT0
PHYTMO,A03,1,1,Rthigh,GAT0
PHYTMO,A03,1,1,Rthigh,GAT1
PHYTMO,A03,1,1,Rthigh,GAT1
PHYTMO,A03,1,1,Rthigh,GHT
PHYTMO,A03,1,1,Rthigh,GAT0
PHYTMO,A03,1,1,Rthigh,GAT0
PHYTMO,A03,1,1,Rthigh,GAT0
PHYTMO,A03,1,1,Rthigh,GAT1
PHYTMO,A03,1,1,Rthigh,GIS
PHYTMO,A03,1,1,Rthigh,GAT0
PHYTMO,A03,1,1,Rthigh,GAT1
PHYTMO,A03,1,1,Rthigh,GAT1
PHYTMO,A03,1,1,Rthigh,GAT0
PHYTMO,A03,1,1,Rthigh,GAT0
PHYTMO,A03,1,1,Rthigh,GAT1
PHYTMO,A03,1,1,Rthigh,GAT1
PHYTMO,A03,1,1,Rthigh,GAT0
PHYTMO,A03,1,1,Rthigh,GAT0
PHYTMO,A03,1,1,Rthigh,GAT1
PHYTMO,A03,1,1,Rthigh,GAT1
PHYTMO,A03,1,1,Rthigh,GAT0
PHYTMO,A03,1,1,Rthigh,GAT0
PHYTMO,A03,1,1,Rthigh,GAT1
PHYTMO,A03,1,1,Rthigh,GAT1
PHYTMO,A03,1,1,Rthigh,GAT0
PHYTMO,A03,1,1,Rthigh,GAT0
PHYTMO,A03,1,1,Rthigh,GAT1
PHYTMO,A03,1,1,Rthigh,GIS
PHYTMO,A03,1,1,Rthigh,GAT0
PHYTMO,A03,1,1,Rthigh,GAT1
PHYTMO,A03,1,1,Rthigh,GAT1
PHYTMO,A03,1,1,Rthigh,GAT0
PHYTMO,A03,1,1,Rthigh,GAT0
PHYTMO,A03,1,1,Rthigh,GAT1
PHYTMO,A03,1,1,Rthigh,GAT1
PHYTMO,A03,1,1,Rthigh,GAT0
PHYTMO,A03,1,1,Rthigh,GAT0
PHYTMO,A03,1,1,Rthigh,GAT1
PHYTMO,A03,1,1,Rthigh,GAT1
PHYTMO,A03,1,1,Rthigh,GAT0
PHYTMO,A03,1,1,Rthigh,GAT0
PHYTMO,A03,1,1,Rthigh,GAT0
PHYTMO,A03,1,1,Rthigh,GAT1
PHYTMO,A03,1,1,Rthigh,GHT
PHYTMO,A03,1,1,Rthigh,GAT0
PHYTMO,A03,1,1,Rthigh,GAT0
PHYTMO,A03,1,1,Rthigh,GAT1
PHYTMO,A03,1,1,Rthigh,GHT
PHYTMO,A03,1,1,Rthigh,GAT0
PHYTMO,A03,1,1,Rthigh,GAT1
PHYTMO,A03,1,1,Rthigh,GIS
PHYTMO,A03,1,1,Rthigh,GAT0
PHYTMO,A03,1,1,Rthigh,GAT0
PHYTMO,A03,1,1,Rthigh,GAT1
PHYTMO,A03,1,1,Rthigh,GIS
PHYTMO,A03,1,1,Rthigh,GAT0
PHYTMO,A03,1,1,Rthigh,GAT1
PHYTMO,A03,1,1,Rthigh,GAT1
PHYTMO,A03,1,1,Rthigh,GAT0
PHYTMO,A03,1,1,Rthigh,GAT0
PHYTMO,A03,1,1,Rthigh,GAT1
PHYTMO,A03,1,1,Rthigh,GIS
PHYTMO,A03,1,1,Rthigh,GAT0
PHYTMO,A03,1,1,Rthigh,GAT1
PHYTMO,A03,1,1,Rthigh,GAT1
PHYTMO,A03,1,1,Rthigh,GAT0
PHYTMO,A03,1,1,Rthigh,GAT0
PHYTMO,A03,1,1,Rthigh,GAT1
PHYTMO,A03,1,1,Rthigh,GAT1
PHYTMO,A03,1,1,Rthigh,GAT0
PHYTMO,A03,1,1,Rthigh,GAT0
PHYTMO,A03,1,1,Rthigh,GAT1
PHYTMO,A03,1,1,Rthigh,GAT1
PHYTMO,A03,1,1,Rthigh,GAT0
PHYTMO,A03,1,1,Rthigh,GAT0
PHYTMO,A03,1,1,Rthigh,GAT1
PHYTMO,A03,1,1,Rthigh,GIS
PHYTMO,A03,1,1,Rthigh,GAT0
PHYTMO,A03,1,1,Rthigh,GAT0
PHYTMO,A03,1,1,Rthigh,GAT1
PHYTMO,A03,1,1,Rthigh,GIS
PHYTMO,A03,1,1,Rthigh,GAT0
PHYTMO,A03,1,1,Rthigh,GAT0
PHYTMO,A03,1,1,Rthigh,GAT1
PHYTMO,A03,1,1,Rthigh,GIS
PHYTMO,A03,1,1,Rthigh,GAT0
PHYTMO,A03,1,1,Rthigh,GAT1
PHYTMO,A03,1,1,Rthigh,GAT1
PHYTMO,A03,1,1,Rthigh,GAT0
PHYTMO,A03,1,1,Rthigh,GAT0
PHYTMO,A03,1,1,Rthigh,GAT1
PHYTMO,A03,1,1,Rthigh,GIS
PHYTMO,A03,1,1,Rthigh,GAT0
PHYTMO,A03,1,1,Rthigh,GAT0
PHYTMO,A03,1,1,Rthigh,GAT1
PHYTMO,A03,1,1,Rthigh,GIS
PHYTMO,A03,1,1,Rthigh,GAT0
PHYTMO,A03,1,1,Rthigh,GAT0
PHYTMO,A03,1,1,Rthigh,GAT1
PHYTMO,A03,1,1,Rthigh,GIS
PHYTMO,A03,1,1,Rthigh,GAT0
PHYTMO,A03,1,1,Rthigh,GAT1
PHYTMO,A03,1,1,Rthigh,GAT1
PHYTMO,A03,1,1,Rthigh,GAT0
PHYTMO,A03,1,1,Rthigh,GAT0
PHYTMO,A03,1,1,Rthigh,GAT1
PHYTMO,A03,1,1,Rthigh,GIS
PHYTMO,A03,1,1,Rthigh,GAT0
PHYTMO,A03,1,1,Rthigh,GAT0
PHYTMO,A03,1,1,Rthigh,GAT1
PHYTMO,A03,1,1,Rthigh,GHT
PHYTMO,A03,1,1,Rthigh,GAT0
PHYTMO,A03,1,1,Rthigh,GAT0
PHYTMO,A03,1,1,Rthigh,GAT1
PHYTMO,A03,1,1,Rthigh,GHT
PHYTMO,A03,1,1,Rthigh,GAT0
PHYTMO,A03,1,1,Rthigh,GAT0
PHYTMO,A03,1,1,Rthigh,GAT1
PHYTMO,A03,1,1,Rthigh,GHT
PHYTMO,A03,1,1,Rthigh,GAT0
PHYTMO,A03,1,1,Rthigh,GAT1
PHYTMO,A03,1,1,Rthigh,GAT1
PHYTMO,A03,1,1,Rthigh,GAT0
PHYTMO,A03,1,1,Rthigh,GAT0
PHYTMO,A03,1,1,Rthigh,GAT1
PHYTMO,A03,1,1,Rthigh,GIS
PHYTMO,A03,1,1,Rthigh,GAT0
PHYTMO,A03,1,1,Rthigh,GAT0
PHYTMO,A03,1,1,Rthigh,GAT1
PHYTMO,A03,1,1,Rthigh,HAAR1
PHYTMO,A03,1,1,Rthigh,GAT0
PHYTMO,A03,1,1,Rthigh,GAT1
PHYTMO,A03,1,1,Rthigh,GAT1
PHYTMO,A03,1,1,Rthigh,GAT0
PHYTMO,A03,1,1,Rthigh,GAT0
PHYTMO,A03,1,1,Rthigh,GAT0
PHYTMO,A03,1,1,Rthigh,GAT1
PHYTMO,A03,1,1,Rthigh,GIS
PHYTMO,A03,1,1,Rthigh,GAT0
PHYTMO,A03,1,1,Rthigh,GAT1
PHYTMO,A03,1,1,Rthigh,GAT1
PHYTMO,A03,1,1,Rthigh,GAT0
PHYTMO,A03,1,1,Rthigh,GAT0
PHYTMO,A03,1,1,Rthigh,GAT1
PHYTMO,A03,1,1,Rthigh,GIS
PHYTMO,A03,1,1,Rthigh,GAT0
PHYTMO,A03,1,1,Rthigh,GAT1
PHYTMO,A03,1,1,Rthigh,GAT1
PHYTMO,A03,1,1,Rthigh,GAT0
PHYTMO,A03,1,1,Rthigh,GAT0
PHYTMO,A03,1,1,Rthigh,GAT1
PHYTMO,A03,1,1,Rthigh,GAT1
PHYTMO,A03,1,1,Rthigh,GAT0
PHYTMO,A03,1,1,Rthigh,GAT0
PHYTMO,A03,1,1,Rthigh,GAT0
PHYTMO,A03,1,1,Rthigh,GAT1
PHYTMO,A03,1,1,Rthigh,GHT
PHYTMO,A03,1,1,Rthigh,GAT0
PHYTMO,A03,1,1,Rthigh,GAT0
PHYTMO,A03,1,1,Rthigh,GAT1
PHYTMO,A03,1,1,Rthigh,GHT
PHYTMO,A03,1,1,Rthigh,GAT0
PHYTMO,A03,1,1,Rthigh,GAT1
PHYTMO,A03,1,1,Rthigh,GIS
PHYTMO,A03,1,1,Rthigh,GAT0
PHYTMO,A03,1,1,Rthigh,GAT1
PHYTMO,A03,1,1,Rthigh,GAT1
PHYTMO,A03,1,1,Rthigh,GAT0
PHYTMO,A03,1,1,Rthigh,GAT0
PHYTMO,A03,1,1,Rthigh,GAT1
PHYTMO,A03,1,1,Rthigh,GAT1
PHYTMO,A03,1,1,Rthigh,GAT0
PHYTMO,A03,1,1,Rthigh,GAT0
PHYTMO,A03,1,1,Rthigh,GAT1
PHYTMO,A03,1,1,Rthigh,GIS
PHYTMO,A03,1,1,Rthigh,GAT0
PHYTMO,A03,1,1,Rthigh,GAT0
PHYTMO,A03,1,1,Rthigh,GAT1
PHYTMO,A03,1,1,Rthigh,GIS
PHYTMO,A03,1,1,Rthigh,GAT0
PHYTMO,A03,1,1,Rthigh,GAT1
PHYTMO,A03,1,1,Rthigh,GAT1
PHYTMO,A03,1,1,Rthigh,GAT0
PHYTMO,A03,1,1,Rthigh,GAT0
PHYTMO,A03,1,1,Rthigh,GAT1
PHYTMO,A03,1,1,Rthigh,GAT1
PHYTMO,A03,1,1,Rthigh,GAT0
PHYTMO,A03,1,1,Rthigh,GAT0
PHYTMO,A03,1,1,Rthigh,GAT1
PHYTMO,A03,1,1,Rthigh,GIS
PHYTMO,A03,1,1,Rthigh,GAT0
PHYTMO,A03,1,1,Rthigh,GAT0
PHYTMO,A03,1,1,Rthigh,GAT1
PHYTMO,A03,1,1,Rthigh,GIS
PHYTMO,A03,1,1,Rthigh,GAT0
PHYTMO,A03,1,1,Rthigh,GAT0
PHYTMO,A03,1,1,Rthigh,GAT1
PHYTMO,A03,1,1,Rthigh,GIS
PHYTMO,A03,1,1,Rthigh,GAT0
PHYTMO,A03,1,1,Rthigh,GAT0
PHYTMO,A03,1,1,Rthigh,GAT1
PHYTMO,A03,1,1,Rthigh,HAAL1
PHYTMO,A03,1,1,Rthigh,GAT0
PHYTMO,A03,1,1,Rthigh,GAT1
PHYTMO,A03,1,1,Rthigh,GAT1
PHYTMO,A03,1,1,Rthigh,GAT0
PHYTMO,A03,1,1,Rthigh,GAT0
PHYTMO,A03,1,1,Rthigh,GAT1
PHYTMO,A03,1,1,Rthigh,GIS
PHYTMO,A03,1,1,Rthigh,GAT0
PHYTMO,A03,1,1,Rthigh,GAT1
PHYTMO,A03,1,1,Rthigh,GAT1
PHYTMO,A03,1,1,Rthigh,GAT0
PHYTMO,A03,1,1,Rthigh,GAT0
PHYTMO,A03,1,1,Rthigh,GAT1
PHYTMO,A03,1,1,Rthigh,GAT1
PHYTMO,A03,1,1,Rthigh,GAT0
PHYTMO,A03,1,1,Rthigh,GAT0
PHYTMO,A03,1,1,Rthigh,GAT1
PHYTMO,A03,1,1,Rthigh,GIS
PHYTMO,A03,1,1,Rthigh,GAT0
PHYTMO,A03,1,1,Rthigh,GAT0
PHYTMO,A03,1,1,Rthigh,GAT1
PHYTMO,A03,1,1,Rthigh,GHT
PHYTMO,A03,1,1,Rthigh,GAT0
PHYTMO,A03,1,1,Rthigh,GAT0
PHYTMO,A03,1,1,Rthigh,GAT1
PHYTMO,A03,1,1,Rthigh,GHT
PHYTMO,A03,1,1,Rthigh,GAT0
PHYTMO,A03,1,1,Rthigh,GAT0
PHYTMO,A03,1,1,Rthigh,GAT1
PHYTMO,A03,1,1,Rthigh,GHT
PHYTMO,A03,1,1,Rthigh,GAT0
PHYTMO,A03,1,1,Rthigh,GAT1
PHYTMO,A03,1,1,Rthigh,GAT1
PHYTMO,A03,1,1,Rthigh,GAT0
PHYTMO,A03,1,1,Rthigh,GAT0
PHYTMO,A03,1,1,Rthigh,GAT1
PHYTMO,A03,1,1,Rthigh,GIS
PHYTMO,A03,1,1,Rthigh,GAT0
PHYTMO,A03,1,1,Rthigh,GAT0
PHYTMO,A03,1,1,Rthigh,GAT1
PHYTMO,A03,1,1,Rthigh,HAAR1
PHYTMO,A03,1,1,Rthigh,GAT0
PHYTMO,A03,1,1,Rthigh,GAT1
PHYTMO,A03,1,1,Rthigh,GAT1
PHYTMO,A03,1,1,Rthigh,GAT0
PHYTMO,A03,1,1,Rthigh,GAT0
PHYTMO,A03,1,1,Rthigh,GAT1
PHYTMO,A03,1,1,Rthigh,GIS
PHYTMO,A03,1,1,Rthigh,GAT0
PHYTMO,A03,1,1,Rthigh,GAT0
PHYTMO,A03,1,1,Rthigh,GAT1
PHYTMO,A03,1,1,Rthigh,GIS
PHYTMO,A03,1,1,Rthigh,GAT0
PHYTMO,A03,1,1,Rthigh,GAT1
PHYTMO,A03,1,1,Rthigh,GAT1
PHYTMO,A03,1,1,Rthigh,GAT0
PHYTMO,A03,1,1,Rthigh,GAT0
PHYTMO,A03,1,1,Rthigh,GAT1
PHYTMO,A03,1,1,Rthigh,GAT1
PHYTMO,A03,1,1,Rthigh,GAT0
PHYTMO,A03,1,1,Rthigh,GAT0
PHYTMO,A03,1,1,Rthigh,GAT0
PHYTMO,A03,1,1,Rthigh,GAT1
PHYTMO,A03,1,1,Rthigh,GHT
PHYTMO,A03,1,1,Rthigh,GAT0
PHYTMO,A03,1,1,Rthigh,GAT1
PHYTMO,A03,1,1,Rthigh,GIS
PHYTMO,A03,1,1,Rthigh,GAT0
PHYTMO,A03,1,1,Rthigh,GAT0
PHYTMO,A03,1,1,Rthigh,GAT1
PHYTMO,A03,1,1,Rthigh,HAAL1
PHYTMO,A03,1,1,Rthigh,GAT0
PHYTMO,A03,1,1,Rthigh,GAT1
PHYTMO,A03,1,1,Rthigh,GAT1
PHYTMO,A03,1,1,Rthigh,GAT0
PHYTMO,A03,1,1,Rthigh,GAT0
PHYTMO,A03,1,1,Rthigh,GAT1
PHYTMO,A03,1,1,Rthigh,GAT1
PHYTMO,A03,1,1,Rthigh,GAT0
PHYTMO,A03,1,1,Rthigh,GAT0
PHYTMO,A03,1,1,Rthigh,GAT1
PHYTMO,A03,1,1,Rthigh,GIS
PHYTMO,A03,1,1,Rthigh,GAT0
PHYTMO,A03,1,1,Rthigh,GAT1
PHYTMO,A03,1,1,Rthigh,GAT1
PHYTMO,A03,1,1,Rthigh,GAT0
PHYTMO,A03,1,1,Rthigh,GAT0
PHYTMO,A03,1,1,Rthigh,GAT1
PHYTMO,A03,1,1,Rthigh,GAT1
PHYTMO,A03,1,1,Rthigh,GAT0
PHYTMO,A03,1,1,Rthigh,GAT0
PHYTMO,A03,1,1,Rthigh,GAT1
PHYTMO,A03,1,1,Rthigh,GIS
PHYTMO,A03,1,1,Rthigh,GAT0
PHYTMO,A03,1,1,Rthigh,GAT0
PHYTMO,A03,1,1,Rthigh,GAT1
PHYTMO,A03,1,1,Rthigh,GHT
PHYTMO,A03,1,1,Rthigh,GAT0
PHYTMO,A03,1,1,Rthigh,GAT0
PHYTMO,A03,1,1,Rthigh,GAT1
PHYTMO,A03,1,1,Rthigh,GIS
PHYTMO,A03,1,1,Rthigh,GAT0
PHYTMO,A03,1,1,Rthigh,GAT1
PHYTMO,A03,1,1,Rthigh,GAT1
PHYTMO,A03,1,1,Rthigh,GAT0
PHYTMO,A03,1,1,Rthigh,GAT0
PHYTMO,A03,1,1,Rthigh,GAT1
PHYTMO,A03,1,1,Rthigh,GAT1
PHYTMO,A03,1,1,Rthigh,GAT0
PHYTMO,A03,1,1,Rthigh,GHT
PHYTMO,A03,1,1,Rthigh,GAT1
PHYTMO,A03,1,1,Rthigh,GAT0
PHYTMO,A03,1,1,Rthigh,GAT0
PHYTMO,A03,1,1,Rthigh,GAT1
PHYTMO,A03,1,1,Rthigh,GAT1
PHYTMO,A03,1,1,Rthigh,GAT0
PHYTMO,A03,1,1,Rthigh,GAT0
PHYTMO,A03,1,1,Rthigh,GAT1
PHYTMO,A03,1,1,Rthigh,GAT1
PHYTMO,A03,1,1,Rthigh,GAT0
PHYTMO,A03,1,1,Rthigh,GAT0
PHYTMO,A03,1,1,Rthigh,GAT1
PHYTMO,A03,1,1,Rthigh,GAT1
PHYTMO,A03,1,1,Rthigh,GAT0
PHYTMO,A03,1,1,Rthigh,GHT
PHYTMO,A03,1,1,Rthigh,GAT1
PHYTMO,A03,1,1,Rthigh,GAT0
PHYTMO,A03,1,1,Rthigh,GAT0
PHYTMO,A03,1,1,Rthigh,GAT0
PHYTMO,A03,1,1,Rthigh,GAT1
PHYTMO,A03,1,1,Rthigh,GHT
PHYTMO,A03,1,1,Rthigh,GAT0
PHYTMO,A03,1,1,Rthigh,GAT0
PHYTMO,A03,1,1,Rthigh,GAT1
PHYTMO,A03,1,1,Rthigh,GHT
PHYTMO,A03,1,1,Rthigh,GAT0
PHYTMO,A03,1,1,Rthigh,GAT1
PHYTMO,A03,1,1,Rthigh,GAT1
PHYTMO,A03,1,1,Rthigh,GAT0
PHYTMO,A03,1,1,Rthigh,GAT0
PHYTMO,A03,1,1,Rthigh,GAT1
PHYTMO,A03,1,1,Rthigh,GIS
PHYTMO,A03,1,1,Rthigh,GAT0
PHYTMO,A03,1,1,Rthigh,GAT1
PHYTMO,A03,1,1,Rthigh,GAT1
PHYTMO,A03,1,1,Rthigh,GAT0
PHYTMO,A03,1,1,Rthigh,GAT0
PHYTMO,A03,1,1,Rthigh,GAT1
PHYTMO,A03,1,1,Rthigh,GAT1
PHYTMO,A03,1,1,Rthigh,GAT0
PHYTMO,A03,1,1,Rthigh,GAT0
PHYTMO,A03,1,1,Rthigh,GAT1
PHYTMO,A03,1,1,Rthigh,GAT1
PHYTMO,A03,1,1,Rthigh,GAT0
PHYTMO,A03,1,1,Rthigh,GAT0
PHYTMO,A03,1,1,Rthigh,GAT1
PHYTMO,A03,1,1,Rthigh,GAT0
PHYTMO,A03,1,1,Rthigh,GAT0
PHYTMO,A03,1,1,Rthigh,GAT1
PHYTMO,A03,1,1,Rthigh,GIS
PHYTMO,A03,1,1,Rthigh,GAT0
PHYTMO,A03,1,1,Rthigh,KFEL0
PHYTMO,A03,1,1,Rthigh,GAT0
PHYTMO,A03,1,1,Rthigh,SQT0
PHYTMO,A03,1,1,Rthigh,GAT1
PHYTMO,A03,1,1,Rthigh,GAT0
PHYTMO,A03,1,1,Rthigh,GAT0
PHYTMO,A03,1,1,Rthigh,KFEL1
PHYTMO,A03,1,1,Rthigh,GAT0
PHYTMO,A03,1,1,Rthigh,GIS
PHYTMO,A03,1,1,Rthigh,GHT
PHYTMO,A03,1,1,Rthigh,GAT0
PHYTMO,A03,1,1,Rthigh,GAT0
PHYTMO,A03,1,1,Rthigh,GAT0
PHYTMO,A03,1,1,Rthigh,GAT1
PHYTMO,A03,1,1,Rthigh,GAT0
PHYTMO,A03,1,1,Rthigh,GHT
PHYTMO,A03,1,1,Rthigh,GAT0
PHYTMO,A03,1,1,Rthigh,GAT0
PHYTMO,A03,1,1,Rthigh,GAT0
PHYTMO,A03,1,1,Rthigh,GAT0
PHYTMO,A03,1,1,Rthigh,GAT0
PHYTMO,A03,1,1,Rthigh,GAT0
PHYTMO,A03,1,1,Rthigh,KFER0
PHYTMO,A03,1,1,Rthigh,GAT1
PHYTMO,A03,1,1,Rthigh,GAT0
PHYTMO,A03,1,1,Rthigh,GAT0
PHYTMO,A03,1,1,Rthigh,GAT0
PHYTMO,A03,1,1,Rthigh,GAT1
PHYTMO,A03,1,1,Rthigh,GAT0
PHYTMO,A03,1,1,Rthigh,GAT0
PHYTMO,A03,1,1,Rthigh,GAT1
PHYTMO,A03,1,1,Rthigh,GAT0
PHYTMO,A03,1,1,Rthigh,GHT
PHYTMO,A03,1,1,Rthigh,KFEL1
PHYTMO,A03,1,1,Rthigh,GAT0
PHYTMO,A03,1,1,Rthigh,GAT0
PHYTMO,A03,1,1,Rthigh,GAT0
PHYTMO,A03,1,1,Rthigh,GIS
PHYTMO,A03,1,1,Rthigh,GAT1
PHYTMO,A03,1,1,Rthigh,GAT1
PHYTMO,A03,1,1,Rthigh,GAT0
PHYTMO,A03,1,1,Rthigh,GAT0
PHYTMO,A03,1,1,Rthigh,GHT
PHYTMO,A03,1,1,Rthigh,GAT1
PHYTMO,A03,1,1,Rthigh,GAT0
PHYTMO,A03,1,1,Rthigh,GAT0
PHYTMO,A03,1,1,Rthigh,GHT
PHYTMO,A03,1,1,Rthigh,GAT1
PHYTMO,A03,1,1,Rthigh,GAT1
PHYTMO,A03,1,1,Rthigh,GHT
PHYTMO,A03,1,1,Rthigh,GAT0
PHYTMO,A03,1,1,Rthigh,GAT0
PHYTMO,A03,1,1,Rthigh,GAT1
PHYTMO,A03,1,1,Rthigh,GAT1
PHYTMO,A03,1,1,Rthigh,GHT
PHYTMO,A03,1,1,Rthigh,GAT0
PHYTMO,A03,1,1,Rthigh,GAT0
PHYTMO,A03,1,1,Rthigh,GAT1
PHYTMO,A03,1,1,Rthigh,GAT1
PHYTMO,A03,1,1,Rthigh,GAT0
PHYTMO,A03,1,1,Rthigh,GAT0
PHYTMO,A03,1,1,Rthigh,GIS
PHYTMO,A03,1,1,Rthigh,GAT1
PHYTMO,A03,1,1,Rthigh,GAT1
PHYTMO,A03,1,1,Rthigh,GAT0
PHYTMO,A03,1,1,Rthigh,GAT0
PHYTMO,A03,1,1,Rthigh,GAT1
PHYTMO,A03,1,1,Rthigh,GAT1
PHYTMO,A03,1,1,Rthigh,GHT
PHYTMO,A03,1,1,Rthigh,GAT0
PHYTMO,A03,1,1,Rthigh,GAT0
PHYTMO,A03,1,1,Rthigh,GAT1
PHYTMO,A03,1,1,Rthigh,GAT1
PHYTMO,A03,1,1,Rthigh,GAT0
PHYTMO,A03,1,1,Rthigh,GAT0
PHYTMO,A03,1,1,Rthigh,GIS
PHYTMO,A03,1,1,Rthigh,GAT1
PHYTMO,A03,1,1,Rthigh,GAT1
PHYTMO,A03,1,1,Rthigh,GAT0
PHYTMO,A03,1,1,Rthigh,GAT0
PHYTMO,A03,1,1,Rthigh,GAT1
PHYTMO,A03,1,1,Rthigh,GAT1
PHYTMO,A03,1,1,Rthigh,GAT0
PHYTMO,A03,1,1,Rthigh,GAT0
PHYTMO,A03,1,1,Rthigh,GAT1
PHYTMO,A03,1,1,Rthigh,GAT1
PHYTMO,A03,1,1,Rthigh,GAT0
PHYTMO,A03,1,1,Rthigh,GAT0
PHYTMO,A03,1,1,Rthigh,GAT1
PHYTMO,A03,1,1,Rthigh,GAT1
PHYTMO,A03,1,1,Rthigh,GAT0
PHYTMO,A03,1,1,Rthigh,GAT0
PHYTMO,A03,1,1,Rthigh,GAT1
PHYTMO,A03,1,1,Rthigh,GAT1
PHYTMO,A03,1,1,Rthigh,GAT0
PHYTMO,A03,1,1,Rthigh,GAT0
PHYTMO,A03,1,1,Rthigh,GAT0
PHYTMO,A03,1,1,Rthigh,GAT0
PHYTMO,A03,1,1,Rthigh,GAT1
PHYTMO,A03,1,1,Rthigh,GIS
PHYTMO,A03,1,1,Rthigh,GAT0
PHYTMO,A03,1,1,Rthigh,GAT0
PHYTMO,A03,1,1,Rthigh,GAT1
PHYTMO,A03,1,1,Rthigh,GHT
PHYTMO,A03,1,1,Rthigh,GAT0
PHYTMO,A03,1,1,Rthigh,GAT1
PHYTMO,A03,1,1,Rthigh,GAT1
PHYTMO,A03,1,1,Rthigh,GAT0
PHYTMO,A03,1,1,Rthigh,GAT0
PHYTMO,A03,1,1,Rthigh,GAT0
PHYTMO,A03,1,1,Rthigh,SQT1
PHYTMO,A03,1,1,Rthigh,GAT1
PHYTMO,A03,1,1,Rthigh,GAT0
PHYTMO,A03,1,1,Rthigh,GAT0
PHYTMO,A03,1,1,Rthigh,GAT0
PHYTMO,A03,1,1,Rthigh,GAT0
PHYTMO,A03,1,1,Rthigh,KFER0
PHYTMO,A03,1,1,Rthigh,GAT0
PHYTMO,A03,1,1,Rthigh,GAT0
PHYTMO,A03,1,1,Rthigh,GAT1
PHYTMO,A03,1,1,Rthigh,GAT0
PHYTMO,A03,1,1,Rthigh,GAT0
PHYTMO,A03,1,1,Rthigh,GAT0
PHYTMO,A03,1,1,Rthigh,GAT0
PHYTMO,A03,1,1,Rthigh,GAT0
PHYTMO,A03,1,1,Rthigh,GAT0
PHYTMO,A03,1,1,Rthigh,GAT1
PHYTMO,A03,1,1,Rthigh,GAT0
PHYTMO,A03,1,1,Rthigh,GAT0
PHYTMO,A03,1,1,Rthigh,GAT0
PHYTMO,A03,1,1,Rthigh,GAT1
PHYTMO,A03,1,1,Rthigh,GAT0
PHYTMO,A03,1,1,Rthigh,GAT0
PHYTMO,A03,1,1,Rthigh,HAAR0
PHYTMO,A03,1,1,Rthigh,GAT1
PHYTMO,A03,1,1,Rthigh,GAT1
PHYTMO,A03,1,1,Rthigh,GAT0
PHYTMO,A03,1,1,Rthigh,HAAL1
PHYTMO,A03,1,1,Rthigh,GHT
PHYTMO,A03,1,1,Rthigh,GAT0
PHYTMO,A03,1,1,Rthigh,GAT1
PHYTMO,A03,1,1,Rthigh,GAT0
PHYTMO,A03,1,1,Rthigh,GAT0
PHYTMO,A03,1,1,Rthigh,HAAL1
PHYTMO,A03,1,1,Rthigh,GAT1
PHYTMO,A03,1,1,Rthigh,GAT1
PHYTMO,A03,1,1,Rthigh,GAT0
PHYTMO,A03,1,1,Rthigh,GAT0
PHYTMO,A03,1,1,Rthigh,GAT1
PHYTMO,A03,1,1,Rthigh,GAT0
PHYTMO,A03,1,1,Rthigh,HAAR0
PHYTMO,A03,1,1,Rthigh,GHT
PHYTMO,A03,1,1,Rthigh,GAT1
PHYTMO,A03,1,1,Rthigh,GAT0
PHYTMO,A03,1,1,Rthigh,GAT0
PHYTMO,A03,1,1,Rthigh,GAT0
PHYTMO,A03,1,1,Rthigh,GAT0
PHYTMO,A03,1,1,Rthigh,GAT0
PHYTMO,A03,1,1,Rthigh,GAT0
PHYTMO,A03,1,1,Rthigh,GAT0
PHYTMO,A03,1,1,Rthigh,GAT0
PHYTMO,A03,1,1,Rthigh,GAT0
PHYTMO,A03,1,1,Rthigh,HAAR1
PHYTMO,A03,1,1,Rthigh,GAT1
PHYTMO,A03,1,1,Rthigh,GAT1
PHYTMO,A03,1,1,Rthigh,GAT1
PHYTMO,A03,1,1,Rthigh,GHT
PHYTMO,A03,1,1,Rthigh,GHT
PHYTMO,A03,1,1,Rthigh,GAT1
PHYTMO,A03,1,1,Rthigh,GAT1
PHYTMO,A03,1,1,Rthigh,GAT1
PHYTMO,A03,1,1,Rthigh,GAT1
PHYTMO,A03,1,1,Rthigh,GHT
PHYTMO,A03,1,1,Rthigh,GHT
PHYTMO,A03,1,1,Rthigh,GHT
PHYTMO,A03,1,1,Rthigh,GHT
PHYTMO,A03,1,1,Rthigh,GHT
PHYTMO,A03,1,1,Rthigh,GHT
PHYTMO,A03,1,1,Rthigh,GHT
PHYTMO,A03,1,1,Rthigh,GHT
PHYTMO,A03,1,1,Rthigh,GHT
PHYTMO,A03,1,1,Rthigh,GHT
PHYTMO,A03,1,1,Rthigh,GHT
PHYTMO,A03,1,1,Rthigh,GHT
PHYTMO,A03,1,1,Rthigh,GHT
PHYTMO,A03,1,1,Rthigh,GHT
PHYTMO,A03,1,1,Rthigh,GHT
PHYTMO,A03,1,1,Rthigh,GHT
PHYTMO,A03,1,1,Rthigh,GHT
PHYTMO,A03,1,1,Rthigh,GHT
PHYTMO,A03,1,1,Rthigh,GHT
PHYTMO,A03,1,1,Rthigh,GHT
PHYTMO,A03,1,1,Rthigh,GHT
PHYTMO,A03,1,1,Rthigh,GHT
PHYTMO,A03,1,1,Rthigh,GHT
PHYTMO,A03,1,1,Rthigh,GHT
PHYTMO,A03,1,1,Rthigh,GHT
PHYTMO,A03,1,1,Rthigh,GHT
PHYTMO,A03,1,1,Rthigh,GHT
PHYTMO,A03,1,1,Rthigh,GHT
PHYTMO,A03,1,1,Rthigh,GHT
PHYTMO,A03,1,1,Rthigh,GHT
PHYTMO,A03,1,1,Rthigh,GHT
PHYTMO,A03,1,1,Rthigh,GHT
PHYTMO,A03,1,1,Rthigh,GHT
PHYTMO,A03,1,1,Rthigh,GHT
PHYTMO,A03,1,1,Rthigh,GHT
PHYTMO,A03,1,1,Rthigh,GHT
PHYTMO,A03,1,1,Rthigh,GHT
PHYTMO,A03,1,1,Rthigh,GHT
PHYTMO,A03,1,1,Rthigh,GHT
PHYTMO,A03,1,1,Rthigh,GHT
PHYTMO,A03,1,1,Rthigh,GHT
PHYTMO,A03,1,1,Rthigh,GHT
PHYTMO,A03,1,1,Rthigh,GHT
PHYTMO,A03,1,1,Rthigh,GHT
PHYTMO,A03,1,1,Rthigh,GHT
PHYTMO,A03,1,1,Rthigh,GHT
PHYTMO,A03,1,1,Rthigh,GHT
PHYTMO,A03,1,1,Rthigh,GHT
PHYTMO,A03,1,1,Rthigh,GHT
PHYTMO,A03,1,2,Lshin,KFEL1
PHYTMO,A03,1,2,Lshin,KFEL1
PHYTMO,A03,1,2,Lshin,HAAR1
PHYTMO,A03,1,2,Lshin,KFEL1
PHYTMO,A03,1,2,Lshin,GAT0
PHYTMO,A03,1,2,Lshin,GAT0
PHYTMO,A03,1,2,Lshin,HAAR1
PHYTMO,A03,1,2,Lshin,GAT0
PHYTMO,A03,1,2,Lshin,GAT0
PHYTMO,A03,1,2,Lshin,GAT0
PHYTMO,A03,1,2,Lshin,GAT0
PHYTMO,A03,1,2,Lshin,HAAL1
PHYTMO,A03,1,2,Lshin,HAAL0
PHYTMO,A03,1,2,Lshin,GAT0
PHYTMO,A03,1,2,Lshin,GAT0
PHYTMO,A03,1,2,Lshin,HAAL0
PHYTMO,A03,1,2,Lshin,HAAL0
PHYTMO,A03,1,2,Lshin,HAAR0
PHYTMO,A03,1,2,Lshin,HAAL1
PHYTMO,A03,1,2,Lshin,GAT0
PHYTMO,A03,1,2,Lshin,GAT0
PHYTMO,A03,1,2,Lshin,HAAL0
PHYTMO,A03,1,2,Lshin,HAAL1
PHYTMO,A03,1,2,Lshin,HAAL1
PHYTMO,A03,1,2,Lshin,GAT0
PHYTMO,A03,1,2,Lshin,GAT0
PHYTMO,A03,1,2,Lshin,HAAL0
PHYTMO,A03,1,2,Lshin,GIS
PHYTMO,A03,1,2,Lshin,GIS
PHYTMO,A03,1,2,Lshin,HAAL0
PHYTMO,A03,1,2,Lshin,HAAR1
PHYTMO,A03,1,2,Lshin,KFEL1
PHYTMO,A03,1,2,Lshin,HAAL1
PHYTMO,A03,1,2,Lshin,HAAL1
PHYTMO,A03,1,2,Lshin,GAT0
PHYTMO,A03,1,2,Lshin,GAT0
PHYTMO,A03,1,2,Lshin,GIS
PHYTMO,A03,1,2,Lshin,HAAL0
PHYTMO,A03,1,2,Lshin,HAAL0
PHYTMO,A03,1,2,Lshin,GIS
PHYTMO,A03,1,2,Lshin,HAAR1
PHYTMO,A03,1,2,Lshin,KFEL1
PHYTMO,A03,1,2,Lshin,HAAL1
PHYTMO,A03,1,2,Lshin,HAAL1
PHYTMO,A03,1,2,Lshin,GAT0
PHYTMO,A03,1,2,Lshin,GAT0
PHYTMO,A03,1,2,Lshin,HAAL0
PHYTMO,A03,1,2,Lshin,GIS
PHYTMO,A03,1,2,Lshin,GIS
PHYTMO,A03,1,2,Lshin,GAT0
PHYTMO,A03,1,2,Lshin,GAT0
PHYTMO,A03,1,2,Lshin,HAAL1
PHYTMO,A03,1,2,Lshin,GAT0
PHYTMO,A03,1,2,Lshin,GAT0
PHYTMO,A03,1,2,Lshin,GIS
PHYTMO,A03,1,2,Lshin,GAT0
PHYTMO,A03,1,2,Lshin,GAT0
PHYTMO,A03,1,2,Lshin,GAT0
PHYTMO,A03,1,2,Lshin,GHT
PHYTMO,A03,1,2,Lshin,GIS
PHYTMO,A03,1,2,Lshin,GAT0
PHYTMO,A03,1,2,Lshin,GAT0
PHYTMO,A03,1,2,Lshin,GIS
PHYTMO,A03,1,2,Lshin,GIS
PHYTMO,A03,1,2,Lshin,GAT0
PHYTMO,A03,1,2,Lshin,GAT0
PHYTMO,A03,1,2,Lshin,GAT0
PHYTMO,A03,1,2,Lshin,GIS
PHYTMO,A03,1,2,Lshin,GHT
PHYTMO,A03,1,2,Lshin,GAT0
PHYTMO,A03,1,2,Lshin,GAT0
PHYTMO,A03,1,2,Lshin,GIS
PHYTMO,A03,1,2,Lshin,GIS
PHYTMO,A03,1,2,Lshin,GAT0
PHYTMO,A03,1,2,Lshin,GAT0
PHYTMO,A03,1,2,Lshin,HAAL0
PHYTMO,A03,1,2,Lshin,GIS
PHYTMO,A03,1,2,Lshin,GAT0
PHYTMO,A03,1,2,Lshin,GAT0
PHYTMO,A03,1,2,Lshin,GAT0
PHYTMO,A03,1,2,Lshin,GIS
PHYTMO,A03,1,2,Lshin,GHT
PHYTMO,A03,1,2,Lshin,GAT0
PHYTMO,A03,1,2,Lshin,GAT0
PHYTMO,A03,1,2,Lshin,HAAL0
PHYTMO,A03,1,2,Lshin,GIS
PHYTMO,A03,1,2,Lshin,GAT0
PHYTMO,A03,1,2,Lshin,GAT0
PHYTMO,A03,1,2,Lshin,HAAL0
PHYTMO,A03,1,2,Lshin,GIS
PHYTMO,A03,1,2,Lshin,GAT0
PHYTMO,A03,1,2,Lshin,GAT0
PHYTMO,A03,1,2,Lshin,GAT0
PHYTMO,A03,1,2,Lshin,GIS
PHYTMO,A03,1,2,Lshin,GHT
PHYTMO,A03,1,2,Lshin,GAT0
PHYTMO,A03,1,2,Lshin,GAT0
PHYTMO,A03,1,2,Lshin,GIS
PHYTMO,A03,1,2,Lshin,GIS
PHYTMO,A03,1,2,Lshin,GAT0
PHYTMO,A03,1,2,Lshin,GAT0
PHYTMO,A03,1,2,Lshin,GIS
PHYTMO,A03,1,2,Lshin,GIS
PHYTMO,A03,1,2,Lshin,GAT0
PHYTMO,A03,1,2,Lshin,GAT0
PHYTMO,A03,1,2,Lshin,GAT0
PHYTMO,A03,1,2,Lshin,GIS
PHYTMO,A03,1,2,Lshin,GIS
PHYTMO,A03,1,2,Lshin,GAT0
PHYTMO,A03,1,2,Lshin,GAT0
PHYTMO,A03,1,2,Lshin,GIS
PHYTMO,A03,1,2,Lshin,GIS
PHYTMO,A03,1,2,Lshin,GAT0
PHYTMO,A03,1,2,Lshin,GAT0
PHYTMO,A03,1,2,Lshin,GAT0
PHYTMO,A03,1,2,Lshin,GIS
PHYTMO,A03,1,2,Lshin,GIS
PHYTMO,A03,1,2,Lshin,GAT0
PHYTMO,A03,1,2,Lshin,GAT0
PHYTMO,A03,1,2,Lshin,GIS
PHYTMO,A03,1,2,Lshin,GIS
PHYTMO,A03,1,2,Lshin,GAT0
PHYTMO,A03,1,2,Lshin,GAT0
PHYTMO,A03,1,2,Lshin,GAT0
PHYTMO,A03,1,2,Lshin,GIS
PHYTMO,A03,1,2,Lshin,GHT
PHYTMO,A03,1,2,Lshin,GAT0
PHYTMO,A03,1,2,Lshin,GAT0
PHYTMO,A03,1,2,Lshin,GIS
PHYTMO,A03,1,2,Lshin,GHT
PHYTMO,A03,1,2,Lshin,GAT0
PHYTMO,A03,1,2,Lshin,GAT0
PHYTMO,A03,1,2,Lshin,GIS
PHYTMO,A03,1,2,Lshin,GHT
PHYTMO,A03,1,2,Lshin,GAT0
PHYTMO,A03,1,2,Lshin,GAT0
PHYTMO,A03,1,2,Lshin,HAAL0
PHYTMO,A03,1,2,Lshin,GIS
PHYTMO,A03,1,2,Lshin,GAT0
PHYTMO,A03,1,2,Lshin,GAT0
PHYTMO,A03,1,2,Lshin,HAAL0
PHYTMO,A03,1,2,Lshin,GIS
PHYTMO,A03,1,2,Lshin,GAT0
PHYTMO,A03,1,2,Lshin,GAT0
PHYTMO,A03,1,2,Lshin,GAT0
PHYTMO,A03,1,2,Lshin,GIS
PHYTMO,A03,1,2,Lshin,GHT
PHYTMO,A03,1,2,Lshin,GAT0
PHYTMO,A03,1,2,Lshin,GAT0
PHYTMO,A03,1,2,Lshin,HAAL0
PHYTMO,A03,1,2,Lshin,GIS
PHYTMO,A03,1,2,Lshin,GAT0
PHYTMO,A03,1,2,Lshin,GAT0
PHYTMO,A03,1,2,Lshin,HAAL0
PHYTMO,A03,1,2,Lshin,GIS
PHYTMO,A03,1,2,Lshin,GAT0
PHYTMO,A03,1,2,Lshin,GAT0
PHYTMO,A03,1,2,Lshin,GAT0
PHYTMO,A03,1,2,Lshin,GIS
PHYTMO,A03,1,2,Lshin,GIS
PHYTMO,A03,1,2,Lshin,GAT0
PHYTMO,A03,1,2,Lshin,GHT
PHYTMO,A03,1,2,Lshin,GHT
PHYTMO,A03,1,2,Lshin,GIS
PHYTMO,A03,1,2,Lshin,GIS
PHYTMO,A03,1,2,Lshin,GHT
PHYTMO,A03,1,2,Lshin,GAT0
PHYTMO,A03,1,2,Lshin,GAT0
PHYTMO,A03,1,2,Lshin,GIS
PHYTMO,A03,1,2,Lshin,GIS
PHYTMO,A03,1,2,Lshin,GAT0
PHYTMO,A03,1,2,Lshin,GAT0
PHYTMO,A03,1,2,Lshin,GIS
PHYTMO,A03,1,2,Lshin,GIS
PHYTMO,A03,1,2,Lshin,GAT0
PHYTMO,A03,1,2,Lshin,GAT0
PHYTMO,A03,1,2,Lshin,GAT0
PHYTMO,A03,1,2,Lshin,GIS
PHYTMO,A03,1,2,Lshin,GHT
PHYTMO,A03,1,2,Lshin,GAT0
PHYTMO,A03,1,2,Lshin,GAT0
PHYTMO,A03,1,2,Lshin,GAT0
PHYTMO,A03,1,2,Lshin,GAT0
PHYTMO,A03,1,2,Lshin,GAT0
PHYTMO,A03,1,2,Lshin,KFEL0
PHYTMO,A03,1,2,Lshin,GIS
PHYTMO,A03,1,2,Lshin,GAT0
PHYTMO,A03,1,2,Lshin,GAT0
PHYTMO,A03,1,2,Lshin,GAT0
PHYTMO,A03,1,2,Lshin,HAAR0
PHYTMO,A03,1,2,Lshin,GIS
PHYTMO,A03,1,2,Lshin,GAT0
PHYTMO,A03,1,2,Lshin,GAT0
PHYTMO,A03,1,2,Lshin,HAAL0
PHYTMO,A03,1,2,Lshin,HAAL0
PHYTMO,A03,1,2,Lshin,GIS
PHYTMO,A03,1,2,Lshin,GAT0
PHYTMO,A03,1,2,Lshin,GAT0
PHYTMO,A03,1,2,Lshin,KFER1
PHYTMO,A03,1,2,Lshin,KFEL1
PHYTMO,A03,1,2,Lshin,GAT0
PHYTMO,A03,1,2,Lshin,GAT0
PHYTMO,A03,1,2,Lshin,KFEL1
PHYTMO,A03,1,2,Lshin,GAT0
PHYTMO,A03,1,2,Lshin,GAT0
PHYTMO,A03,1,2,Lshin,GHT
PHYTMO,A03,1,2,Lshin,GHT
PHYTMO,A03,1,2,Lshin,GAT0
PHYTMO,A03,1,2,Lshin,GAT0
PHYTMO,A03,1,2,Lshin,GAT0
PHYTMO,A03,1,2,Lshin,GAT0
PHYTMO,A03,1,2,Lshin,GAT0
PHYTMO,A03,1,2,Lshin,GHT
PHYTMO,A03,1,2,Lshin,GHT
PHYTMO,A03,1,2,Lshin,GAT0
PHYTMO,A03,1,2,Lshin,GAT0
PHYTMO,A03,1,2,Lshin,KFEL0
PHYTMO,A03,1,2,Lshin,HAAL0
PHYTMO,A03,1,2,Lshin,GIS
PHYTMO,A03,1,2,Lshin,GAT0
PHYTMO,A03,1,2,Lshin,GAT0
PHYTMO,A03,1,2,Lshin,GIS
PHYTMO,A03,1,2,Lshin,HAAL0
PHYTMO,A03,1,2,Lshin,GAT0
PHYTMO,A03,1,2,Lshin,GAT0
PHYTMO,A03,1,2,Lshin,GIS
PHYTMO,A03,1,2,Lshin,KFER1
PHYTMO,A03,1,2,Lshin,SQT0
PHYTMO,A03,1,2,Lshin,GAT0
PHYTMO,A03,1,2,Lshin,GAT0
PHYTMO,A03,1,2,Lshin,KFER1
PHYTMO,A03,1,2,Lshin,KFEL1
PHYTMO,A03,1,2,Lshin,GAT0
PHYTMO,A03,1,2,Lshin,GAT0
PHYTMO,A03,1,2,Lshin,KFEL1
PHYTMO,A03,1,2,Lshin,HAAL1
PHYTMO,A03,1,2,Lshin,GAT0
PHYTMO,A03,1,2,Lshin,GAT0
PHYTMO,A03,1,2,Lshin,GHT
PHYTMO,A03,1,2,Lshin,GAT0
PHYTMO,A03,1,2,Lshin,HAAL1
PHYTMO,A03,1,2,Lshin,GHT
PHYTMO,A03,1,2,Lshin,GAT0
PHYTMO,A03,1,2,Lshin,GAT0
PHYTMO,A03,1,2,Lshin,GAT0
PHYTMO,A03,1,2,Lshin,GAT0
PHYTMO,A03,1,2,Lshin,GAT0
PHYTMO,A03,1,2,Lshin,GAT0
PHYTMO,A03,1,2,Lshin,GIS
PHYTMO,A03,1,2,Lshin,GIS
PHYTMO,A03,1,2,Lshin,GAT0
PHYTMO,A03,1,2,Lshin,GAT0
PHYTMO,A03,1,2,Lshin,GHT
PHYTMO,A03,1,2,Lshin,HAAL0
PHYTMO,A03,1,2,Lshin,GAT0
PHYTMO,A03,1,2,Lshin,HAAL1
PHYTMO,A03,1,2,Lshin,GAT0
PHYTMO,A03,1,2,Lshin,GAT0
PHYTMO,A03,1,2,Lshin,GHT
PHYTMO,A03,1,2,Lshin,GAT0
PHYTMO,A03,1,2,Lshin,HAAL1
PHYTMO,A03,1,2,Lshin,GHT
PHYTMO,A03,1,2,Lshin,GAT0
PHYTMO,A03,1,2,Lshin,GAT0
PHYTMO,A03,1,2,Lshin,KFEL0
PHYTMO,A03,1,2,Lshin,GAT0
PHYTMO,A03,1,2,Lshin,GIS
PHYTMO,A03,1,2,Lshin,GIS
PHYTMO,A03,1,2,Lshin,GAT0
PHYTMO,A03,1,2,Lshin,GAT0
PHYTMO,A03,1,2,Lshin,GIS
PHYTMO,A03,1,2,Lshin,GIS
PHYTMO,A03,1,2,Lshin,GAT0
PHYTMO,A03,1,2,Lshin,GAT0
PHYTMO,A03,1,2,Lshin,GAT0
PHYTMO,A03,1,2,Lshin,GIS
PHYTMO,A03,1,2,Lshin,HAAL0
PHYTMO,A03,1,2,Lshin,GAT0
PHYTMO,A03,1,2,Lshin,GAT0
PHYTMO,A03,1,2,Lshin,GIS
PHYTMO,A03,1,2,Lshin,GIS
PHYTMO,A03,1,2,Lshin,GAT0
PHYTMO,A03,1,2,Lshin,GAT0
PHYTMO,A03,1,2,Lshin,GAT0
PHYTMO,A03,1,2,Lshin,GIS
PHYTMO,A03,1,2,Lshin,GHT
PHYTMO,A03,1,2,Lshin,GAT0
PHYTMO,A03,1,2,Lshin,GAT0
PHYTMO,A03,1,2,Lshin,GIS
PHYTMO,A03,1,2,Lshin,GHT
PHYTMO,A03,1,2,Lshin,GAT0
PHYTMO,A03,1,2,Lshin,GAT0
PHYTMO,A03,1,2,Lshin,GIS
PHYTMO,A03,1,2,Lshin,GHT
PHYTMO,A03,1,2,Lshin,GAT0
PHYTMO,A03,1,2,Lshin,GAT0
PHYTMO,A03,1,2,Lshin,GIS
PHYTMO,A03,1,2,Lshin,GIS
PHYTMO,A03,1,2,Lshin,GAT0
PHYTMO,A03,1,2,Lshin,GAT0
PHYTMO,A03,1,2,Lshin,GAT0
PHYTMO,A03,1,2,Lshin,GIS
PHYTMO,A03,1,2,Lshin,GHT
PHYTMO,A03,1,2,Lshin,GAT0
PHYTMO,A03,1,2,Lshin,GAT0
PHYTMO,A03,1,2,Lshin,GIS
PHYTMO,A03,1,2,Lshin,GHT
PHYTMO,A03,1,2,Lshin,GAT0
PHYTMO,A03,1,2,Lshin,GAT0
PHYTMO,A03,1,2,Lshin,GIS
PHYTMO,A03,1,2,Lshin,GIS
PHYTMO,A03,1,2,Lshin,GAT0
PHYTMO,A03,1,2,Lshin,GAT0
PHYTMO,A03,1,2,Lshin,HAAL0
PHYTMO,A03,1,2,Lshin,GIS
PHYTMO,A03,1,2,Lshin,GAT0
PHYTMO,A03,1,2,Lshin,GAT0
PHYTMO,A03,1,2,Lshin,GHT
PHYTMO,A03,1,2,Lshin,GIS
PHYTMO,A03,1,2,Lshin,GAT0
PHYTMO,A03,1,2,Lshin,GAT0
PHYTMO,A03,1,2,Lshin,GAT0
PHYTMO,A03,1,2,Lshin,GIS
PHYTMO,A03,1,2,Lshin,GIS
PHYTMO,A03,1,2,Lshin,GAT0
PHYTMO,A03,1,2,Lshin,GAT0
PHYTMO,A03,1,2,Lshin,GHT
PHYTMO,A03,1,2,Lshin,GIS
PHYTMO,A03,1,2,Lshin,GAT0
PHYTMO,A03,1,2,Lshin,GAT0
PHYTMO,A03,1,2,Lshin,GAT0
PHYTMO,A03,1,2,Lshin,GIS
PHYTMO,A03,1,2,Lshin,GIS
PHYTMO,A03,1,2,Lshin,GAT0
PHYTMO,A03,1,2,Lshin,GAT0
PHYTMO,A03,1,2,Lshin,GAT0
PHYTMO,A03,1,2,Lshin,GIS
PHYTMO,A03,1,2,Lshin,GHT
PHYTMO,A03,1,2,Lshin,GAT0
PHYTMO,A03,1,2,Lshin,GAT0
PHYTMO,A03,1,2,Lshin,GIS
PHYTMO,A03,1,2,Lshin,GHT
PHYTMO,A03,1,2,Lshin,GAT0
PHYTMO,A03,1,2,Lshin,GAT0
PHYTMO,A03,1,2,Lshin,GIS
PHYTMO,A03,1,2,Lshin,GHT
PHYTMO,A03,1,2,Lshin,GAT0
PHYTMO,A03,1,2,Lshin,GAT0
PHYTMO,A03,1,2,Lshin,GAT0
PHYTMO,A03,1,2,Lshin,GIS
PHYTMO,A03,1,2,Lshin,GHT
PHYTMO,A03,1,2,Lshin,GAT0
PHYTMO,A03,1,2,Lshin,HAAL0
PHYTMO,A03,1,2,Lshin,GIS
PHYTMO,A03,1,2,Lshin,GHT
PHYTMO,A03,1,2,Lshin,GHT
PHYTMO,A03,1,2,Lshin,GAT0
PHYTMO,A03,1,2,Lshin,GAT0
PHYTMO,A03,1,2,Lshin,GIS
PHYTMO,A03,1,2,Lshin,GHT
PHYTMO,A03,1,2,Lshin,GAT0
PHYTMO,A03,1,2,Lshin,GAT0
PHYTMO,A03,1,2,Lshin,GIS
PHYTMO,A03,1,2,Lshin,GHT
PHYTMO,A03,1,2,Lshin,GAT0
PHYTMO,A03,1,2,Lshin,GAT0
PHYTMO,A03,1,2,Lshin,GIS
PHYTMO,A03,1,2,Lshin,GIS
PHYTMO,A03,1,2,Lshin,GAT0
PHYTMO,A03,1,2,Lshin,GAT0
PHYTMO,A03,1,2,Lshin,HAAL0
PHYTMO,A03,1,2,Lshin,GIS
PHYTMO,A03,1,2,Lshin,GAT0
PHYTMO,A03,1,2,Lshin,GAT0
PHYTMO,A03,1,2,Lshin,GAT0
PHYTMO,A03,1,2,Lshin,GAT0
PHYTMO,A03,1,2,Lshin,GHT
PHYTMO,A03,1,2,Lshin,GHT
PHYTMO,A03,1,2,Lshin,GAT0
PHYTMO,A03,1,2,Lshin,GAT0
PHYTMO,A03,1,2,Lshin,GHT
PHYTMO,A03,1,2,Lshin,GAT0
PHYTMO,A03,1,2,Lshin,GAT0
PHYTMO,A03,1,2,Lshin,GAT0
PHYTMO,A03,1,2,Lshin,GAT0
PHYTMO,A03,1,2,Lshin,GAT0
PHYTMO,A03,1,2,Lshin,GAT0
PHYTMO,A03,1,2,Lshin,GIS
PHYTMO,A03,1,2,Lshin,GAT0
PHYTMO,A03,1,2,Lshin,GAT0
PHYTMO,A03,1,2,Lshin,GAT0
PHYTMO,A03,1,2,Lshin,GAT0
PHYTMO,A03,1,2,Lshin,GAT0
PHYTMO,A03,1,2,Lshin,GAT0
PHYTMO,A03,1,2,Lshin,GAT0
PHYTMO,A03,1,2,Lshin,GAT0
PHYTMO,A03,1,2,Lshin,GHT
PHYTMO,A03,1,2,Lshin,GAT0
PHYTMO,A03,1,2,Lshin,GAT0
PHYTMO,A03,1,2,Lshin,GIS
PHYTMO,A03,1,2,Lshin,GAT0
PHYTMO,A03,1,2,Lshin,GAT0
PHYTMO,A03,1,2,Lshin,GAT0
PHYTMO,A03,1,2,Lshin,GAT0
PHYTMO,A03,1,2,Lshin,GAT0
PHYTMO,A03,1,2,Lshin,GAT0
PHYTMO,A03,1,2,Lshin,GHT
PHYTMO,A03,1,2,Lshin,GAT0
PHYTMO,A03,1,2,Lshin,GAT0
PHYTMO,A03,1,2,Lshin,GAT0
PHYTMO,A03,1,2,Lshin,GAT0
PHYTMO,A03,1,2,Lshin,GHT
PHYTMO,A03,1,2,Lshin,GAT0
PHYTMO,A03,1,2,Lshin,GAT0
PHYTMO,A03,1,2,Lshin,GAT0
PHYTMO,A03,1,2,Lshin,GAT0
PHYTMO,A03,1,2,Lshin,GAT0
PHYTMO,A03,1,2,Lshin,GAT0
PHYTMO,A03,1,2,Lshin,GHT
PHYTMO,A03,1,2,Lshin,GAT0
PHYTMO,A03,1,2,Lshin,GAT0
PHYTMO,A03,1,2,Lshin,GAT0
PHYTMO,A03,1,2,Lshin,GAT0
PHYTMO,A03,1,2,Lshin,GAT0
PHYTMO,A03,1,2,Lshin,GAT0
PHYTMO,A03,1,2,Lshin,GIS
PHYTMO,A03,1,2,Lshin,GAT0
PHYTMO,A03,1,2,Lshin,GAT0
PHYTMO,A03,1,2,Lshin,GHT
PHYTMO,A03,1,2,Lshin,GAT0
PHYTMO,A03,1,2,Lshin,GAT0
PHYTMO,A03,1,2,Lshin,GAT0
PHYTMO,A03,1,2,Lshin,GAT0
PHYTMO,A03,1,2,Lshin,GAT0
PHYTMO,A03,1,2,Lshin,GAT0
PHYTMO,A03,1,2,Lshin,GIS
PHYTMO,A03,1,2,Lshin,GAT0
PHYTMO,A03,1,2,Lshin,GAT0
PHYTMO,A03,1,2,Lshin,GAT0
PHYTMO,A03,1,2,Lshin,GAT0
PHYTMO,A03,1,2,Lshin,GAT0
PHYTMO,A03,1,2,Lshin,GAT0
PHYTMO,A03,1,2,Lshin,GAT0
PHYTMO,A03,1,2,Lshin,GAT0
PHYTMO,A03,1,2,Lshin,GAT0
PHYTMO,A03,1,2,Lshin,GAT0
PHYTMO,A03,1,2,Lshin,GHT
PHYTMO,A03,1,2,Lshin,GAT0
PHYTMO,A03,1,2,Lshin,GAT0
PHYTMO,A03,1,2,Lshin,GIS
PHYTMO,A03,1,2,Lshin,GAT0
PHYTMO,A03,1,2,Lshin,GAT0
PHYTMO,A03,1,2,Lshin,GAT0
PHYTMO,A03,1,2,Lshin,GAT0
PHYTMO,A03,1,2,Lshin,GAT0
PHYTMO,A03,1,2,Lshin,GAT0
PHYTMO,A03,1,2,Lshin,HAAL1
PHYTMO,A03,1,2,Lshin,GAT0
PHYTMO,A03,1,2,Lshin,GAT0
PHYTMO,A03,1,2,Lshin,GAT0
PHYTMO,A03,1,2,Lshin,GAT0
PHYTMO,A03,1,2,Lshin,GHT
PHYTMO,A03,1,2,Lshin,GAT0
PHYTMO,A03,1,2,Lshin,GAT0
PHYTMO,A03,1,2,Lshin,GAT0
PHYTMO,A03,1,2,Lshin,GAT0
PHYTMO,A03,1,2,Lshin,GAT0
PHYTMO,A03,1,2,Lshin,GAT0
PHYTMO,A03,1,2,Lshin,GIS
PHYTMO,A03,1,2,Lshin,GAT0
PHYTMO,A03,1,2,Lshin,GAT0
PHYTMO,A03,1,2,Lshin,GAT0
PHYTMO,A03,1,2,Lshin,GAT0
PHYTMO,A03,1,2,Lshin,GAT0
PHYTMO,A03,1,2,Lshin,KFER0
PHYTMO,A03,1,2,Lshin,GAT0
PHYTMO,A03,1,2,Lshin,GAT0
PHYTMO,A03,1,2,Lshin,HAAL0
PHYTMO,A03,1,2,Lshin,GIS
PHYTMO,A03,1,2,Lshin,GIS
PHYTMO,A03,1,2,Lshin,GAT0
PHYTMO,A03,1,2,Lshin,GAT0
PHYTMO,A03,1,2,Lshin,GHT
PHYTMO,A03,1,2,Lshin,GIS
PHYTMO,A03,1,2,Lshin,HAAR0
PHYTMO,A03,1,2,Lshin,GHT
PHYTMO,A03,1,2,Lshin,GAT0
PHYTMO,A03,1,2,Lshin,GAT0
PHYTMO,A03,1,2,Lshin,HAAL0
PHYTMO,A03,1,2,Lshin,GIS
PHYTMO,A03,1,2,Lshin,GIS
PHYTMO,A03,1,2,Lshin,GAT0
PHYTMO,A03,1,2,Lshin,GAT0
PHYTMO,A03,1,2,Lshin,GIS
PHYTMO,A03,1,2,Lshin,GIS
PHYTMO,A03,1,2,Lshin,GAT0
PHYTMO,A03,1,2,Lshin,GAT0
PHYTMO,A03,1,2,Lshin,GHT
PHYTMO,A03,1,2,Lshin,GIS
PHYTMO,A03,1,2,Lshin,GHT
PHYTMO,A03,1,2,Lshin,GAT0
PHYTMO,A03,1,2,Lshin,GAT0
PHYTMO,A03,1,2,Lshin,HAAL0
PHYTMO,A03,1,2,Lshin,GIS
PHYTMO,A03,1,2,Lshin,GAT0
PHYTMO,A03,1,2,Lshin,GAT0
PHYTMO,A03,1,2,Lshin,GHT
PHYTMO,A03,1,2,Lshin,GIS
PHYTMO,A03,1,2,Lshin,GAT0
PHYTMO,A03,1,2,Lshin,GAT0
PHYTMO,A03,1,2,Lshin,GHT
PHYTMO,A03,1,2,Lshin,HAAL0
PHYTMO,A03,1,2,Lshin,GIS
PHYTMO,A03,1,2,Lshin,GAT0
PHYTMO,A03,1,2,Lshin,GAT0
PHYTMO,A03,1,2,Lshin,GAT0
PHYTMO,A03,1,2,Lshin,GAT0
PHYTMO,A03,1,2,Lshin,GHT
PHYTMO,A03,1,2,Lshin,GAT0
PHYTMO,A03,1,2,Lshin,GAT0
PHYTMO,A03,1,2,Lshin,GAT0
PHYTMO,A03,1,2,Lshin,GAT0
PHYTMO,A03,1,2,Lshin,GHT
PHYTMO,A03,1,2,Lshin,SQT1
PHYTMO,A03,1,2,Lshin,HAAR0
PHYTMO,A03,1,2,Lshin,HAAR0
PHYTMO,A03,1,2,Lshin,GHT
PHYTMO,A03,1,2,Lshin,GHT
PHYTMO,A03,1,2,Lshin,HAAR0
PHYTMO,A03,1,2,Lshin,HAAR0
PHYTMO,A03,1,2,Lshin,GHT
PHYTMO,A03,1,2,Lshin,GHT
PHYTMO,A03,1,2,Lshin,HAAR0
PHYTMO,A03,1,2,Lshin,GHT
PHYTMO,A03,1,2,Lshin,GHT
PHYTMO,A03,1,2,Lshin,SQT1
PHYTMO,A03,1,2,Lshin,GHT
PHYTMO,A03,1,2,Lshin,GHT
PHYTMO,A03,1,2,Lshin,GHT
PHYTMO,A03,1,2,Lshin,GHT
PHYTMO,A03,1,2,Lshin,GHT
PHYTMO,A03,1,2,Lshin,GHT
PHYTMO,A03,1,2,Lshin,GHT
PHYTMO,A03,1,2,Lshin,GHT
PHYTMO,A03,1,2,Lshin,GHT
PHYTMO,A03,1,2,Lshin,GHT
PHYTMO,A03,1,2,Lshin,GHT
PHYTMO,A03,1,2,Lshin,GHT
PHYTMO,A03,1,2,Lshin,GHT
PHYTMO,A03,1,2,Lshin,GHT
PHYTMO,A03,1,2,Lshin,GHT
PHYTMO,A03,1,2,Lshin,GHT
PHYTMO,A03,1,2,Lshin,GHT
PHYTMO,A03,1,2,Lshin,GHT
PHYTMO,A03,1,2,Lshin,GHT
PHYTMO,A03,1,2,Lshin,GHT
PHYTMO,A03,1,2,Lshin,GHT
PHYTMO,A03,1,2,Lshin,GHT
PHYTMO,A03,1,2,Lshin,GHT
PHYTMO,A03,1,2,Lshin,GHT
PHYTMO,A03,1,2,Lshin,GHT
PHYTMO,A03,1,2,Lshin,GHT
PHYTMO,A03,1,2,Lshin,GHT
PHYTMO,A03,1,2,Lshin,GHT
PHYTMO,A03,1,2,Lshin,GHT
PHYTMO,A03,1,2,Lshin,GHT
PHYTMO,A03,1,2,Lshin,GHT
PHYTMO,A03,1,2,Lshin,GHT
PHYTMO,A03,1,2,Lshin,GHT
PHYTMO,A03,1,2,Lshin,GHT
PHYTMO,A03,1,2,Lshin,GHT
PHYTMO,A03,1,2,Lshin,GHT
PHYTMO,A03,1,2,Lshin,GHT
PHYTMO,A03,1,2,Lshin,GHT
PHYTMO,A03,1,2,Lthigh,HAAR1
PHYTMO,A03,1,2,Lthigh,HAAL0
PHYTMO,A03,1,2,Lthigh,HAAL0
PHYTMO,A03,1,2,Lthigh,HAAL0
PHYTMO,A03,1,2,Lthigh,KFER0
PHYTMO,A03,1,2,Lthigh,GAT0
PHYTMO,A03,1,2,Lthigh,HAAR1
PHYTMO,A03,1,2,Lthigh,HAAL1
PHYTMO,A03,1,2,Lthigh,GAT0
PHYTMO,A03,1,2,Lthigh,GAT0
PHYTMO,A03,1,2,Lthigh,HAAR1
PHYTMO,A03,1,2,Lthigh,HAAL0
PHYTMO,A03,1,2,Lthigh,GAT0
PHYTMO,A03,1,2,Lthigh,GAT0
PHYTMO,A03,1,2,Lthigh,GAT0
PHYTMO,A03,1,2,Lthigh,GAT0
PHYTMO,A03,1,2,Lthigh,HAAL0
PHYTMO,A03,1,2,Lthigh,GAT0
PHYTMO,A03,1,2,Lthigh,GAT0
PHYTMO,A03,1,2,Lthigh,HAAL0
PHYTMO,A03,1,2,Lthigh,HAAR1
PHYTMO,A03,1,2,Lthigh,GAT0
PHYTMO,A03,1,2,Lthigh,KFEL0
PHYTMO,A03,1,2,Lthigh,HAAR1
PHYTMO,A03,1,2,Lthigh,HAAL0
PHYTMO,A03,1,2,Lthigh,GAT0
PHYTMO,A03,1,2,Lthigh,GAT0
PHYTMO,A03,1,2,Lthigh,HAAL0
PHYTMO,A03,1,2,Lthigh,KFEL0
PHYTMO,A03,1,2,Lthigh,GIS
PHYTMO,A03,1,2,Lthigh,GAT0
PHYTMO,A03,1,2,Lthigh,GAT0
PHYTMO,A03,1,2,Lthigh,HAAR1
PHYTMO,A03,1,2,Lthigh,GIS
PHYTMO,A03,1,2,Lthigh,KFEL0
PHYTMO,A03,1,2,Lthigh,HAAL1
PHYTMO,A03,1,2,Lthigh,HAAL0
PHYTMO,A03,1,2,Lthigh,GIS
PHYTMO,A03,1,2,Lthigh,GIS
PHYTMO,A03,1,2,Lthigh,GAT0
PHYTMO,A03,1,2,Lthigh,GAT0
PHYTMO,A03,1,2,Lthigh,HAAR1
PHYTMO,A03,1,2,Lthigh,GAT0
PHYTMO,A03,1,2,Lthigh,GIS
PHYTMO,A03,1,2,Lthigh,GIS
PHYTMO,A03,1,2,Lthigh,GAT0
PHYTMO,A03,1,2,Lthigh,HAAR1
PHYTMO,A03,1,2,Lthigh,HAAR0
PHYTMO,A03,1,2,Lthigh,GIS
PHYTMO,A03,1,2,Lthigh,GAT0
PHYTMO,A03,1,2,Lthigh,GAT0
PHYTMO,A03,1,2,Lthigh,HAAR1
PHYTMO,A03,1,2,Lthigh,KFEL0
PHYTMO,A03,1,2,Lthigh,HAAL0
PHYTMO,A03,1,2,Lthigh,GAT0
PHYTMO,A03,1,2,Lthigh,GAT0
PHYTMO,A03,1,2,Lthigh,GIS
PHYTMO,A03,1,2,Lthigh,KFEL1
PHYTMO,A03,1,2,Lthigh,HAAL0
PHYTMO,A03,1,2,Lthigh,HAAL0
PHYTMO,A03,1,2,Lthigh,GAT0
PHYTMO,A03,1,2,Lthigh,GAT0
PHYTMO,A03,1,2,Lthigh,GIS
PHYTMO,A03,1,2,Lthigh,SQT0
PHYTMO,A03,1,2,Lthigh,GAT0
PHYTMO,A03,1,2,Lthigh,GAT0
PHYTMO,A03,1,2,Lthigh,GAT0
PHYTMO,A03,1,2,Lthigh,GIS
PHYTMO,A03,1,2,Lthigh,GAT0
PHYTMO,A03,1,2,Lthigh,GAT0
PHYTMO,A03,1,2,Lthigh,GAT0
PHYTMO,A03,1,2,Lthigh,GIS
PHYTMO,A03,1,2,Lthigh,GAT0
PHYTMO,A03,1,2,Lthigh,GAT0
PHYTMO,A03,1,2,Lthigh,GAT0
PHYTMO,A03,1,2,Lthigh,GAT0
PHYTMO,A03,1,2,Lthigh,HAAL0
PHYTMO,A03,1,2,Lthigh,GAT0
PHYTMO,A03,1,2,Lthigh,GAT0
PHYTMO,A03,1,2,Lthigh,GAT0
PHYTMO,A03,1,2,Lthigh,GAT0
PHYTMO,A03,1,2,Lthigh,HAAL0
PHYTMO,A03,1,2,Lthigh,GAT0
PHYTMO,A03,1,2,Lthigh,HAAR0
PHYTMO,A03,1,2,Lthigh,GAT0
PHYTMO,A03,1,2,Lthigh,GAT0
PHYTMO,A03,1,2,Lthigh,GAT0
PHYTMO,A03,1,2,Lthigh,HAAL1
PHYTMO,A03,1,2,Lthigh,HAAR1
PHYTMO,A03,1,2,Lthigh,GAT0
PHYTMO,A03,1,2,Lthigh,GAT0
PHYTMO,A03,1,2,Lthigh,HAAL0
PHYTMO,A03,1,2,Lthigh,HAAR1
PHYTMO,A03,1,2,Lthigh,GAT0
PHYTMO,A03,1,2,Lthigh,HAAL0
PHYTMO,A03,1,2,Lthigh,HAAR1
PHYTMO,A03,1,2,Lthigh,GAT0
PHYTMO,A03,1,2,Lthigh,GAT0
PHYTMO,A03,1,2,Lthigh,KFER1
PHYTMO,A03,1,2,Lthigh,GAT0
PHYTMO,A03,1,2,Lthigh,GAT0
PHYTMO,A03,1,2,Lthigh,KFER1
PHYTMO,A03,1,2,Lthigh,KFEL0
PHYTMO,A03,1,2,Lthigh,KFEL1
PHYTMO,A03,1,2,Lthigh,GAT0
PHYTMO,A03,1,2,Lthigh,GAT0
PHYTMO,A03,1,2,Lthigh,KFEL0
PHYTMO,A03,1,2,Lthigh,HAAL0
PHYTMO,A03,1,2,Lthigh,SQT1
PHYTMO,A03,1,2,Lthigh,GAT0
PHYTMO,A03,1,2,Lthigh,HAAL0
PHYTMO,A03,1,2,Lthigh,GAT0
PHYTMO,A03,1,2,Lthigh,HAAR0
PHYTMO,A03,1,2,Lthigh,HAAL0
PHYTMO,A03,1,2,Lthigh,GAT0
PHYTMO,A03,1,2,Lthigh,GIS
PHYTMO,A03,1,2,Lthigh,HAAL0
PHYTMO,A03,1,2,Lthigh,GAT0
PHYTMO,A03,1,2,Lthigh,GHT
PHYTMO,A03,1,2,Lthigh,GIS
PHYTMO,A03,1,2,Lthigh,GAT0
PHYTMO,A03,1,2,Lthigh,HAAL0
PHYTMO,A03,1,2,Lthigh,GAT0
PHYTMO,A03,1,2,Lthigh,GAT0
PHYTMO,A03,1,2,Lthigh,HAAR1
PHYTMO,A03,1,2,Lthigh,GHT
PHYTMO,A03,1,2,Lthigh,GAT0
PHYTMO,A03,1,2,Lthigh,GAT0
PHYTMO,A03,1,2,Lthigh,GAT0
PHYTMO,A03,1,2,Lthigh,HAAR1
PHYTMO,A03,1,2,Lthigh,KFEL0
PHYTMO,A03,1,2,Lthigh,KFEL1
PHYTMO,A03,1,2,Lthigh,GAT0
PHYTMO,A03,1,2,Lthigh,GAT0
PHYTMO,A03,1,2,Lthigh,KFEL1
PHYTMO,A03,1,2,Lthigh,GAT0
PHYTMO,A03,1,2,Lthigh,GAT0
PHYTMO,A03,1,2,Lthigh,GAT0
PHYTMO,A03,1,2,Lthigh,HAAL0
PHYTMO,A03,1,2,Lthigh,GHT
PHYTMO,A03,1,2,Lthigh,GAT0
PHYTMO,A03,1,2,Lthigh,GAT0
PHYTMO,A03,1,2,Lthigh,GAT0
PHYTMO,A03,1,2,Lthigh,HAAL0
PHYTMO,A03,1,2,Lthigh,GIS
PHYTMO,A03,1,2,Lthigh,GAT0
PHYTMO,A03,1,2,Lthigh,GAT0
PHYTMO,A03,1,2,Lthigh,GIS
PHYTMO,A03,1,2,Lthigh,GHT
PHYTMO,A03,1,2,Lthigh,GAT0
PHYTMO,A03,1,2,Lthigh,GAT0
PHYTMO,A03,1,2,Lthigh,GHT
PHYTMO,A03,1,2,Lthigh,HAAL1
PHYTMO,A03,1,2,Lthigh,GAT0
PHYTMO,A03,1,2,Lthigh,GAT0
PHYTMO,A03,1,2,Lthigh,GIS
PHYTMO,A03,1,2,Lthigh,GIS
PHYTMO,A03,1,2,Lthigh,GAT0
PHYTMO,A03,1,2,Lthigh,GAT0
PHYTMO,A03,1,2,Lthigh,GAT0
PHYTMO,A03,1,2,Lthigh,HAAL0
PHYTMO,A03,1,2,Lthigh,GIS
PHYTMO,A03,1,2,Lthigh,GAT0
PHYTMO,A03,1,2,Lthigh,GAT0
PHYTMO,A03,1,2,Lthigh,GAT0
PHYTMO,A03,1,2,Lthigh,HAAR0
PHYTMO,A03,1,2,Lthigh,GHT
PHYTMO,A03,1,2,Lthigh,GAT0
PHYTMO,A03,1,2,Lthigh,GHT
PHYTMO,A03,1,2,Lthigh,HAAR1
PHYTMO,A03,1,2,Lthigh,GAT0
PHYTMO,A03,1,2,Lthigh,GAT0
PHYTMO,A03,1,2,Lthigh,GAT0
PHYTMO,A03,1,2,Lthigh,GAT0
PHYTMO,A03,1,2,Lthigh,GHT
PHYTMO,A03,1,2,Lthigh,GHT
PHYTMO,A03,1,2,Lthigh,GAT0
PHYTMO,A03,1,2,Lthigh,HAAL0
PHYTMO,A03,1,2,Lthigh,GIS
PHYTMO,A03,1,2,Lthigh,GAT0
PHYTMO,A03,1,2,Lthigh,GAT0
PHYTMO,A03,1,2,Lthigh,GAT0
PHYTMO,A03,1,2,Lthigh,HAAR0
PHYTMO,A03,1,2,Lthigh,GHT
PHYTMO,A03,1,2,Lthigh,GAT0
PHYTMO,A03,1,2,Lthigh,GHT
PHYTMO,A03,1,2,Lthigh,HAAL0
PHYTMO,A03,1,2,Lthigh,GAT0
PHYTMO,A03,1,2,Lthigh,GAT0
PHYTMO,A03,1,2,Lthigh,GAT0
PHYTMO,A03,1,2,Lthigh,GAT0
PHYTMO,A03,1,2,Lthigh,GHT
PHYTMO,A03,1,2,Lthigh,GHT
PHYTMO,A03,1,2,Lthigh,GAT0
PHYTMO,A03,1,2,Lthigh,GIS
PHYTMO,A03,1,2,Lthigh,HAAL1
PHYTMO,A03,1,2,Lthigh,GAT0
PHYTMO,A03,1,2,Lthigh,GAT0
PHYTMO,A03,1,2,Lthigh,GAT0
PHYTMO,A03,1,2,Lthigh,GAT0
PHYTMO,A03,1,2,Lthigh,HAAL0
PHYTMO,A03,1,2,Lthigh,GHT
PHYTMO,A03,1,2,Lthigh,GHT
PHYTMO,A03,1,2,Lthigh,HAAL0
PHYTMO,A03,1,2,Lthigh,GAT0
PHYTMO,A03,1,2,Lthigh,GAT0
PHYTMO,A03,1,2,Lthigh,GAT0
PHYTMO,A03,1,2,Lthigh,GAT0
PHYTMO,A03,1,2,Lthigh,GHT
PHYTMO,A03,1,2,Lthigh,HAAL0
PHYTMO,A03,1,2,Lthigh,GAT0
PHYTMO,A03,1,2,Lthigh,GAT0
PHYTMO,A03,1,2,Lthigh,GIS
PHYTMO,A03,1,2,Lthigh,GHT
PHYTMO,A03,1,2,Lthigh,GAT0
PHYTMO,A03,1,2,Lthigh,GAT0
PHYTMO,A03,1,2,Lthigh,GAT0
PHYTMO,A03,1,2,Lthigh,HAAR1
PHYTMO,A03,1,2,Lthigh,GIS
PHYTMO,A03,1,2,Lthigh,GAT0
PHYTMO,A03,1,2,Lthigh,GAT0
PHYTMO,A03,1,2,Lthigh,GAT0
PHYTMO,A03,1,2,Lthigh,GHT
PHYTMO,A03,1,2,Lthigh,GHT
PHYTMO,A03,1,2,Lthigh,GAT0
PHYTMO,A03,1,2,Lthigh,GHT
PHYTMO,A03,1,2,Lthigh,HAAL1
PHYTMO,A03,1,2,Lthigh,GAT0
PHYTMO,A03,1,2,Lthigh,GAT0
PHYTMO,A03,1,2,Lthigh,GAT0
PHYTMO,A03,1,2,Lthigh,GAT0
PHYTMO,A03,1,2,Lthigh,GHT
PHYTMO,A03,1,2,Lthigh,GHT
PHYTMO,A03,1,2,Lthigh,GAT0
PHYTMO,A03,1,2,Lthigh,HAAL0
PHYTMO,A03,1,2,Lthigh,GIS
PHYTMO,A03,1,2,Lthigh,GAT0
PHYTMO,A03,1,2,Lthigh,GAT0
PHYTMO,A03,1,2,Lthigh,GAT0
PHYTMO,A03,1,2,Lthigh,GHT
PHYTMO,A03,1,2,Lthigh,GHT
PHYTMO,A03,1,2,Lthigh,GAT0
PHYTMO,A03,1,2,Lthigh,GHT
PHYTMO,A03,1,2,Lthigh,HAAL0
PHYTMO,A03,1,2,Lthigh,GAT0
PHYTMO,A03,1,2,Lthigh,GAT0
PHYTMO,A03,1,2,Lthigh,GAT0
PHYTMO,A03,1,2,Lthigh,GIS
PHYTMO,A03,1,2,Lthigh,GHT
PHYTMO,A03,1,2,Lthigh,GAT0
PHYTMO,A03,1,2,Lthigh,GAT0
PHYTMO,A03,1,2,Lthigh,HAAL0
PHYTMO,A03,1,2,Lthigh,GIS
PHYTMO,A03,1,2,Lthigh,GAT0
PHYTMO,A03,1,2,Lthigh,GAT0
PHYTMO,A03,1,2,Lthigh,GAT0
PHYTMO,A03,1,2,Lthigh,GAT0
PHYTMO,A03,1,2,Lthigh,GHT
PHYTMO,A03,1,2,Lthigh,GHT
PHYTMO,A03,1,2,Lthigh,GHT
PHYTMO,A03,1,2,Lthigh,HAAL0
PHYTMO,A03,1,2,Lthigh,GAT0
PHYTMO,A03,1,2,Lthigh,GAT0
PHYTMO,A03,1,2,Lthigh,GAT0
PHYTMO,A03,1,2,Lthigh,GAT0
PHYTMO,A03,1,2,Lthigh,HAAR1
PHYTMO,A03,1,2,Lthigh,GHT
PHYTMO,A03,1,2,Lthigh,GAT0
PHYTMO,A03,1,2,Lthigh,GIS
PHYTMO,A03,1,2,Lthigh,HAAL1
PHYTMO,A03,1,2,Lthigh,GAT0
PHYTMO,A03,1,2,Lthigh,GAT0
PHYTMO,A03,1,2,Lthigh,GAT0
PHYTMO,A03,1,2,Lthigh,GAT0
PHYTMO,A03,1,2,Lthigh,HAAL0
PHYTMO,A03,1,2,Lthigh,GIS
PHYTMO,A03,1,2,Lthigh,GHT
PHYTMO,A03,1,2,Lthigh,GIS
PHYTMO,A03,1,2,Lthigh,GAT0
PHYTMO,A03,1,2,Lthigh,GAT0
PHYTMO,A03,1,2,Lthigh,GAT0
PHYTMO,A03,1,2,Lthigh,GAT0
PHYTMO,A03,1,2,Lthigh,GHT
PHYTMO,A03,1,2,Lthigh,HAAL0
PHYTMO,A03,1,2,Lthigh,GAT0
PHYTMO,A03,1,2,Lthigh,GHT
PHYTMO,A03,1,2,Lthigh,GIS
PHYTMO,A03,1,2,Lthigh,GAT0
PHYTMO,A03,1,2,Lthigh,GAT0
PHYTMO,A03,1,2,Lthigh,GAT0
PHYTMO,A03,1,2,Lthigh,GAT0
PHYTMO,A03,1,2,Lthigh,HAAL0
PHYTMO,A03,1,2,Lthigh,GIS
PHYTMO,A03,1,2,Lthigh,GAT0
PHYTMO,A03,1,2,Lthigh,GIS
PHYTMO,A03,1,2,Lthigh,GIS
PHYTMO,A03,1,2,Lthigh,GAT0
PHYTMO,A03,1,2,Lthigh,GAT0
PHYTMO,A03,1,2,Lthigh,GAT0
PHYTMO,A03,1,2,Lthigh,GHT
PHYTMO,A03,1,2,Lthigh,HAAL0
PHYTMO,A03,1,2,Lthigh,GAT0
PHYTMO,A03,1,2,Lthigh,GAT0
PHYTMO,A03,1,2,Lthigh,GIS
PHYTMO,A03,1,2,Lthigh,GAT0
PHYTMO,A03,1,2,Lthigh,GAT0
PHYTMO,A03,1,2,Lthigh,GHT
PHYTMO,A03,1,2,Lthigh,GAT0
PHYTMO,A03,1,2,Lthigh,GIS
PHYTMO,A03,1,2,Lthigh,HAAR0
PHYTMO,A03,1,2,Lthigh,GAT0
PHYTMO,A03,1,2,Lthigh,GAT0
PHYTMO,A03,1,2,Lthigh,GAT0
PHYTMO,A03,1,2,Lthigh,HAAR1
PHYTMO,A03,1,2,Lthigh,GHT
PHYTMO,A03,1,2,Lthigh,GAT0
PHYTMO,A03,1,2,Lthigh,GHT
PHYTMO,A03,1,2,Lthigh,HAAL0
PHYTMO,A03,1,2,Lthigh,GAT0
PHYTMO,A03,1,2,Lthigh,GAT0
PHYTMO,A03,1,2,Lthigh,GAT0
PHYTMO,A03,1,2,Lthigh,GAT0
PHYTMO,A03,1,2,Lthigh,HAAL0
PHYTMO,A03,1,2,Lthigh,GHT
PHYTMO,A03,1,2,Lthigh,GAT0
PHYTMO,A03,1,2,Lthigh,GIS
PHYTMO,A03,1,2,Lthigh,HAAL1
PHYTMO,A03,1,2,Lthigh,GAT0
PHYTMO,A03,1,2,Lthigh,GAT0
PHYTMO,A03,1,2,Lthigh,GAT0
PHYTMO,A03,1,2,Lthigh,GAT0
PHYTMO,A03,1,2,Lthigh,GHT
PHYTMO,A03,1,2,Lthigh,GHT
PHYTMO,A03,1,2,Lthigh,GAT0
PHYTMO,A03,1,2,Lthigh,GIS
PHYTMO,A03,1,2,Lthigh,HAAR1
PHYTMO,A03,1,2,Lthigh,GAT0
PHYTMO,A03,1,2,Lthigh,GAT0
PHYTMO,A03,1,2,Lthigh,GAT0
PHYTMO,A03,1,2,Lthigh,GHT
PHYTMO,A03,1,2,Lthigh,GHT
PHYTMO,A03,1,2,Lthigh,GAT0
PHYTMO,A03,1,2,Lthigh,GHT
PHYTMO,A03,1,2,Lthigh,HAAL1
PHYTMO,A03,1,2,Lthigh,GAT0
PHYTMO,A03,1,2,Lthigh,GAT0
PHYTMO,A03,1,2,Lthigh,GAT0
PHYTMO,A03,1,2,Lthigh,GAT0
PHYTMO,A03,1,2,Lthigh,HAAL0
PHYTMO,A03,1,2,Lthigh,GIS
PHYTMO,A03,1,2,Lthigh,GAT0
PHYTMO,A03,1,2,Lthigh,GAT0
PHYTMO,A03,1,2,Lthigh,GAT0
PHYTMO,A03,1,2,Lthigh,GHT
PHYTMO,A03,1,2,Lthigh,GHT
PHYTMO,A03,1,2,Lthigh,GAT0
PHYTMO,A03,1,2,Lthigh,GHT
PHYTMO,A03,1,2,Lthigh,HAAL1
PHYTMO,A03,1,2,Lthigh,GAT0
PHYTMO,A03,1,2,Lthigh,GAT0
PHYTMO,A03,1,2,Lthigh,GAT0
PHYTMO,A03,1,2,Lthigh,GAT0
PHYTMO,A03,1,2,Lthigh,HAAL0
PHYTMO,A03,1,2,Lthigh,GIS
PHYTMO,A03,1,2,Lthigh,GAT0
PHYTMO,A03,1,2,Lthigh,GAT0
PHYTMO,A03,1,2,Lthigh,GIS
PHYTMO,A03,1,2,Lthigh,GHT
PHYTMO,A03,1,2,Lthigh,GAT0
PHYTMO,A03,1,2,Lthigh,GAT0
PHYTMO,A03,1,2,Lthigh,GHT
PHYTMO,A03,1,2,Lthigh,HAAL0
PHYTMO,A03,1,2,Lthigh,GAT0
PHYTMO,A03,1,2,Lthigh,GAT0
PHYTMO,A03,1,2,Lthigh,GAT0
PHYTMO,A03,1,2,Lthigh,GIS
PHYTMO,A03,1,2,Lthigh,GHT
PHYTMO,A03,1,2,Lthigh,GAT0
PHYTMO,A03,1,2,Lthigh,GAT0
PHYTMO,A03,1,2,Lthigh,GHT
PHYTMO,A03,1,2,Lthigh,GIS
PHYTMO,A03,1,2,Lthigh,GAT0
PHYTMO,A03,1,2,Lthigh,GAT0
PHYTMO,A03,1,2,Lthigh,GIS
PHYTMO,A03,1,2,Lthigh,GAT0
PHYTMO,A03,1,2,Lthigh,GAT0
PHYTMO,A03,1,2,Lthigh,GHT
PHYTMO,A03,1,2,Lthigh,GAT0
PHYTMO,A03,1,2,Lthigh,HAAL0
PHYTMO,A03,1,2,Lthigh,GIS
PHYTMO,A03,1,2,Lthigh,GAT0
PHYTMO,A03,1,2,Lthigh,GAT0
PHYTMO,A03,1,2,Lthigh,GAT0
PHYTMO,A03,1,2,Lthigh,HAAL0
PHYTMO,A03,1,2,Lthigh,GHT
PHYTMO,A03,1,2,Lthigh,GAT0
PHYTMO,A03,1,2,Lthigh,GHT
PHYTMO,A03,1,2,Lthigh,HAAL1
PHYTMO,A03,1,2,Lthigh,GAT0
PHYTMO,A03,1,2,Lthigh,GAT0
PHYTMO,A03,1,2,Lthigh,GAT0
PHYTMO,A03,1,2,Lthigh,GAT0
PHYTMO,A03,1,2,Lthigh,GHT
PHYTMO,A03,1,2,Lthigh,GIS
PHYTMO,A03,1,2,Lthigh,GAT0
PHYTMO,A03,1,2,Lthigh,HAAL0
PHYTMO,A03,1,2,Lthigh,GIS
PHYTMO,A03,1,2,Lthigh,GAT0
PHYTMO,A03,1,2,Lthigh,HAAL1
PHYTMO,A03,1,2,Lthigh,GAT0
PHYTMO,A03,1,2,Lthigh,GAT0
PHYTMO,A03,1,2,Lthigh,GAT0
PHYTMO,A03,1,2,Lthigh,GAT0
PHYTMO,A03,1,2,Lthigh,HAAL0
PHYTMO,A03,1,2,Lthigh,GAT0
PHYTMO,A03,1,2,Lthigh,GHT
PHYTMO,A03,1,2,Lthigh,GAT0
PHYTMO,A03,1,2,Lthigh,GAT0
PHYTMO,A03,1,2,Lthigh,HAAL0
PHYTMO,A03,1,2,Lthigh,GAT0
PHYTMO,A03,1,2,Lthigh,GHT
PHYTMO,A03,1,2,Lthigh,GAT0
PHYTMO,A03,1,2,Lthigh,GAT0
PHYTMO,A03,1,2,Lthigh,GHT
PHYTMO,A03,1,2,Lthigh,GAT0
PHYTMO,A03,1,2,Lthigh,GAT0
PHYTMO,A03,1,2,Lthigh,GAT0
PHYTMO,A03,1,2,Lthigh,SQT1
PHYTMO,A03,1,2,Lthigh,GHT
PHYTMO,A03,1,2,Lthigh,GAT0
PHYTMO,A03,1,2,Lthigh,GAT0
PHYTMO,A03,1,2,Lthigh,GAT0
PHYTMO,A03,1,2,Lthigh,HAAR0
PHYTMO,A03,1,2,Lthigh,GAT0
PHYTMO,A03,1,2,Lthigh,GAT0
PHYTMO,A03,1,2,Lthigh,GAT0
PHYTMO,A03,1,2,Lthigh,GAT0
PHYTMO,A03,1,2,Lthigh,HAAR0
PHYTMO,A03,1,2,Lthigh,GAT0
PHYTMO,A03,1,2,Lthigh,HAAL0
PHYTMO,A03,1,2,Lthigh,GAT0
PHYTMO,A03,1,2,Lthigh,GAT0
PHYTMO,A03,1,2,Lthigh,HAAL1
PHYTMO,A03,1,2,Lthigh,GAT0
PHYTMO,A03,1,2,Lthigh,GHT
PHYTMO,A03,1,2,Lthigh,GAT0
PHYTMO,A03,1,2,Lthigh,GAT0
PHYTMO,A03,1,2,Lthigh,GIS
PHYTMO,A03,1,2,Lthigh,GAT0
PHYTMO,A03,1,2,Lthigh,GHT
PHYTMO,A03,1,2,Lthigh,GAT0
PHYTMO,A03,1,2,Lthigh,GAT0
PHYTMO,A03,1,2,Lthigh,GHT
PHYTMO,A03,1,2,Lthigh,GHT
PHYTMO,A03,1,2,Lthigh,GAT0
PHYTMO,A03,1,2,Lthigh,GAT0
PHYTMO,A03,1,2,Lthigh,GIS
PHYTMO,A03,1,2,Lthigh,GAT0
PHYTMO,A03,1,2,Lthigh,GHT
PHYTMO,A03,1,2,Lthigh,GAT0
PHYTMO,A03,1,2,Lthigh,GAT0
PHYTMO,A03,1,2,Lthigh,GIS
PHYTMO,A03,1,2,Lthigh,GAT0
PHYTMO,A03,1,2,Lthigh,HAAL1
PHYTMO,A03,1,2,Lthigh,GAT0
PHYTMO,A03,1,2,Lthigh,GHT
PHYTMO,A03,1,2,Lthigh,SQT1
PHYTMO,A03,1,2,Lthigh,GAT0
PHYTMO,A03,1,2,Lthigh,GAT0
PHYTMO,A03,1,2,Lthigh,GIS
PHYTMO,A03,1,2,Lthigh,HAAR1
PHYTMO,A03,1,2,Lthigh,KFER0
PHYTMO,A03,1,2,Lthigh,GHT
PHYTMO,A03,1,2,Lthigh,GAT0
PHYTMO,A03,1,2,Lthigh,GAT0
PHYTMO,A03,1,2,Lthigh,HAAR0
PHYTMO,A03,1,2,Lthigh,GHT
PHYTMO,A03,1,2,Lthigh,GAT0
PHYTMO,A03,1,2,Lthigh,GIS
PHYTMO,A03,1,2,Lthigh,HAAL1
PHYTMO,A03,1,2,Lthigh,GAT0
PHYTMO,A03,1,2,Lthigh,GAT0
PHYTMO,A03,1,2,Lthigh,GIS
PHYTMO,A03,1,2,Lthigh,HAAL0
PHYTMO,A03,1,2,Lthigh,GAT0
PHYTMO,A03,1,2,Lthigh,GAT0
PHYTMO,A03,1,2,Lthigh,GIS
PHYTMO,A03,1,2,Lthigh,HAAL0
PHYTMO,A03,1,2,Lthigh,GAT0
PHYTMO,A03,1,2,Lthigh,GAT0
PHYTMO,A03,1,2,Lthigh,HAAL1
PHYTMO,A03,1,2,Lthigh,GHT
PHYTMO,A03,1,2,Lthigh,GAT0
PHYTMO,A03,1,2,Lthigh,GHT
PHYTMO,A03,1,2,Lthigh,GHT
PHYTMO,A03,1,2,Lthigh,GIS
PHYTMO,A03,1,2,Lthigh,GAT0
PHYTMO,A03,1,2,Lthigh,GAT0
PHYTMO,A03,1,2,Lthigh,GHT
PHYTMO,A03,1,2,Lthigh,GAT0
PHYTMO,A03,1,2,Lthigh,GHT
PHYTMO,A03,1,2,Lthigh,GAT0
PHYTMO,A03,1,2,Lthigh,GAT0
PHYTMO,A03,1,2,Lthigh,GHT
PHYTMO,A03,1,2,Lthigh,SQT1
PHYTMO,A03,1,2,Lthigh,GAT0
PHYTMO,A03,1,2,Lthigh,HAAR0
PHYTMO,A03,1,2,Lthigh,GHT
PHYTMO,A03,1,2,Lthigh,GAT0
PHYTMO,A03,1,2,Lthigh,GAT0
PHYTMO,A03,1,2,Lthigh,GAT0
PHYTMO,A03,1,2,Lthigh,GHT
PHYTMO,A03,1,2,Lthigh,GHT
PHYTMO,A03,1,2,Lthigh,SQT1
PHYTMO,A03,1,2,Lthigh,GHT
PHYTMO,A03,1,2,Lthigh,GHT
PHYTMO,A03,1,2,Lthigh,HAAR0
PHYTMO,A03,1,2,Lthigh,GHT
PHYTMO,A03,1,2,Lthigh,GHT
PHYTMO,A03,1,2,Lthigh,HAAR0
PHYTMO,A03,1,2,Lthigh,HAAR0
PHYTMO,A03,1,2,Lthigh,GHT
PHYTMO,A03,1,2,Lthigh,GHT
PHYTMO,A03,1,2,Lthigh,HAAR0
PHYTMO,A03,1,2,Lthigh,HAAR0
PHYTMO,A03,1,2,Lthigh,SQT0
PHYTMO,A03,1,2,Lthigh,GHT
PHYTMO,A03,1,2,Lthigh,GHT
PHYTMO,A03,1,2,Lthigh,HAAR0
PHYTMO,A03,1,2,Lthigh,SQT0
PHYTMO,A03,1,2,Lthigh,GHT
PHYTMO,A03,1,2,Lthigh,GHT
PHYTMO,A03,1,2,Lthigh,GHT
PHYTMO,A03,1,2,Lthigh,GHT
PHYTMO,A03,1,2,Lthigh,HAAR0
PHYTMO,A03,1,2,Lthigh,SQT1
PHYTMO,A03,1,2,Lthigh,GHT
PHYTMO,A03,1,2,Lthigh,GHT
PHYTMO,A03,1,2,Lthigh,GHT
PHYTMO,A03,1,2,Lthigh,SQT1
PHYTMO,A03,1,2,Lthigh,GHT
PHYTMO,A03,1,2,Lthigh,GHT
PHYTMO,A03,1,2,Lthigh,GHT
PHYTMO,A03,1,2,Lthigh,SQT1
PHYTMO,A03,1,2,Lthigh,GHT
PHYTMO,A03,1,2,Lthigh,GHT
PHYTMO,A03,1,2,Lthigh,GHT
PHYTMO,A03,1,2,Lthigh,GHT
PHYTMO,A03,1,2,Lthigh,GHT
PHYTMO,A03,1,2,Lthigh,SQT1
PHYTMO,A03,1,2,Lthigh,GHT
PHYTMO,A03,1,2,Lthigh,GHT
PHYTMO,A03,1,2,Lthigh,GHT
PHYTMO,A03,1,2,Lthigh,SQT1
PHYTMO,A03,1,2,Lthigh,GHT
PHYTMO,A03,1,2,Lthigh,GHT
PHYTMO,A03,1,2,Lthigh,GHT
PHYTMO,A03,1,2,Lthigh,GHT
PHYTMO,A03,1,2,Lthigh,GHT
PHYTMO,A03,1,2,Lthigh,GHT
PHYTMO,A03,1,2,Lthigh,GHT
PHYTMO,A03,1,2,Lthigh,GHT
PHYTMO,A03,1,2,Lthigh,GHT
PHYTMO,A03,1,2,Lthigh,GHT
PHYTMO,A03,1,2,Lthigh,GHT
PHYTMO,A03,1,2,Lthigh,GHT
PHYTMO,A03,1,2,Lthigh,GHT
PHYTMO,A03,1,2,Lthigh,GHT
PHYTMO,A03,1,2,Lthigh,GHT
PHYTMO,A03,1,2,Lthigh,GHT
PHYTMO,A03,1,2,Lthigh,GHT
PHYTMO,A03,1,2,Lthigh,GHT
PHYTMO,A03,1,2,Lthigh,GHT
PHYTMO,A03,1,2,Lthigh,GHT
PHYTMO,A03,1,2,Rshin,HAAR1
PHYTMO,A03,1,2,Rshin,HAAR1
PHYTMO,A03,1,2,Rshin,HAAR1
PHYTMO,A03,1,2,Rshin,GAT0
PHYTMO,A03,1,2,Rshin,KFEL1
PHYTMO,A03,1,2,Rshin,GAT0
PHYTMO,A03,1,2,Rshin,GAT0
PHYTMO,A03,1,2,Rshin,HAAL0
PHYTMO,A03,1,2,Rshin,GAT0
PHYTMO,A03,1,2,Rshin,GAT0
PHYTMO,A03,1,2,Rshin,GAT0
PHYTMO,A03,1,2,Rshin,GAT0
PHYTMO,A03,1,2,Rshin,HAAL0
PHYTMO,A03,1,2,Rshin,GAT0
PHYTMO,A03,1,2,Rshin,GAT0
PHYTMO,A03,1,2,Rshin,HAAR0
PHYTMO,A03,1,2,Rshin,HAAL0
PHYTMO,A03,1,2,Rshin,HAAL0
PHYTMO,A03,1,2,Rshin,GAT0
PHYTMO,A03,1,2,Rshin,GAT0
PHYTMO,A03,1,2,Rshin,HAAL0
PHYTMO,A03,1,2,Rshin,HAAL0
PHYTMO,A03,1,2,Rshin,GAT0
PHYTMO,A03,1,2,Rshin,GAT0
PHYTMO,A03,1,2,Rshin,HAAL0
PHYTMO,A03,1,2,Rshin,GIS
PHYTMO,A03,1,2,Rshin,GAT0
PHYTMO,A03,1,2,Rshin,GAT0
PHYTMO,A03,1,2,Rshin,KFEL0
PHYTMO,A03,1,2,Rshin,KFEL0
PHYTMO,A03,1,2,Rshin,HAAR0
PHYTMO,A03,1,2,Rshin,HAAR0
PHYTMO,A03,1,2,Rshin,HAAL0
PHYTMO,A03,1,2,Rshin,HAAL0
PHYTMO,A03,1,2,Rshin,GIS
PHYTMO,A03,1,2,Rshin,GIS
PHYTMO,A03,1,2,Rshin,GAT0
PHYTMO,A03,1,2,Rshin,GAT0
PHYTMO,A03,1,2,Rshin,KFEL0
PHYTMO,A03,1,2,Rshin,KFEL0
PHYTMO,A03,1,2,Rshin,HAAR0
PHYTMO,A03,1,2,Rshin,GAT0
PHYTMO,A03,1,2,Rshin,GAT0
PHYTMO,A03,1,2,Rshin,HAAL0
PHYTMO,A03,1,2,Rshin,GIS
PHYTMO,A03,1,2,Rshin,GAT0
PHYTMO,A03,1,2,Rshin,HAAL1
PHYTMO,A03,1,2,Rshin,GAT0
PHYTMO,A03,1,2,Rshin,GAT0
PHYTMO,A03,1,2,Rshin,GAT0
PHYTMO,A03,1,2,Rshin,GAT0
PHYTMO,A03,1,2,Rshin,GAT0
PHYTMO,A03,1,2,Rshin,GAT0
PHYTMO,A03,1,2,Rshin,GIS
PHYTMO,A03,1,2,Rshin,GAT0
PHYTMO,A03,1,2,Rshin,GAT0
PHYTMO,A03,1,2,Rshin,GAT0
PHYTMO,A03,1,2,Rshin,GAT0
PHYTMO,A03,1,2,Rshin,GIS
PHYTMO,A03,1,2,Rshin,GAT0
PHYTMO,A03,1,2,Rshin,GAT0
PHYTMO,A03,1,2,Rshin,GAT0
PHYTMO,A03,1,2,Rshin,GAT0
PHYTMO,A03,1,2,Rshin,GAT0
PHYTMO,A03,1,2,Rshin,GAT0
PHYTMO,A03,1,2,Rshin,GIS
PHYTMO,A03,1,2,Rshin,GAT0
PHYTMO,A03,1,2,Rshin,GAT0
PHYTMO,A03,1,2,Rshin,GAT0
PHYTMO,A03,1,2,Rshin,GAT0
PHYTMO,A03,1,2,Rshin,GIS
PHYTMO,A03,1,2,Rshin,GAT0
PHYTMO,A03,1,2,Rshin,GAT0
PHYTMO,A03,1,2,Rshin,GAT0
PHYTMO,A03,1,2,Rshin,GIS
PHYTMO,A03,1,2,Rshin,GAT0
PHYTMO,A03,1,2,Rshin,GAT0
PHYTMO,A03,1,2,Rshin,GAT0
PHYTMO,A03,1,2,Rshin,GAT0
PHYTMO,A03,1,2,Rshin,GIS
PHYTMO,A03,1,2,Rshin,GAT0
PHYTMO,A03,1,2,Rshin,GAT0
PHYTMO,A03,1,2,Rshin,GAT0
PHYTMO,A03,1,2,Rshin,GAT0
PHYTMO,A03,1,2,Rshin,GIS
PHYTMO,A03,1,2,Rshin,GAT0
PHYTMO,A03,1,2,Rshin,GAT0
PHYTMO,A03,1,2,Rshin,GAT0
PHYTMO,A03,1,2,Rshin,GAT0
PHYTMO,A03,1,2,Rshin,GIS
PHYTMO,A03,1,2,Rshin,GAT0
PHYTMO,A03,1,2,Rshin,GAT0
PHYTMO,A03,1,2,Rshin,GAT0
PHYTMO,A03,1,2,Rshin,GAT0
PHYTMO,A03,1,2,Rshin,GAT0
PHYTMO,A03,1,2,Rshin,GHT
PHYTMO,A03,1,2,Rshin,GIS
PHYTMO,A03,1,2,Rshin,GAT0
PHYTMO,A03,1,2,Rshin,GAT0
PHYTMO,A03,1,2,Rshin,GHT
PHYTMO,A03,1,2,Rshin,GHT
PHYTMO,A03,1,2,Rshin,GAT0
PHYTMO,A03,1,2,Rshin,GAT0
PHYTMO,A03,1,2,Rshin,GAT0
PHYTMO,A03,1,2,Rshin,GHT
PHYTMO,A03,1,2,Rshin,HAAL0
PHYTMO,A03,1,2,Rshin,GAT0
PHYTMO,A03,1,2,Rshin,GAT0
PHYTMO,A03,1,2,Rshin,GHT
PHYTMO,A03,1,2,Rshin,GIS
PHYTMO,A03,1,2,Rshin,GAT0
PHYTMO,A03,1,2,Rshin,GAT0
PHYTMO,A03,1,2,Rshin,GHT
PHYTMO,A03,1,2,Rshin,GHT
PHYTMO,A03,1,2,Rshin,GAT0
PHYTMO,A03,1,2,Rshin,GAT0
PHYTMO,A03,1,2,Rshin,GAT0
PHYTMO,A03,1,2,Rshin,GHT
PHYTMO,A03,1,2,Rshin,HAAL0
PHYTMO,A03,1,2,Rshin,GAT0
PHYTMO,A03,1,2,Rshin,GAT0
PHYTMO,A03,1,2,Rshin,GHT
PHYTMO,A03,1,2,Rshin,GHT
PHYTMO,A03,1,2,Rshin,GAT0
PHYTMO,A03,1,2,Rshin,GAT0
PHYTMO,A03,1,2,Rshin,GAT0
PHYTMO,A03,1,2,Rshin,GHT
PHYTMO,A03,1,2,Rshin,HAAL1
PHYTMO,A03,1,2,Rshin,GAT0
PHYTMO,A03,1,2,Rshin,GAT0
PHYTMO,A03,1,2,Rshin,GHT
PHYTMO,A03,1,2,Rshin,HAAL0
PHYTMO,A03,1,2,Rshin,GAT0
PHYTMO,A03,1,2,Rshin,GAT0
PHYTMO,A03,1,2,Rshin,GAT0
PHYTMO,A03,1,2,Rshin,GHT
PHYTMO,A03,1,2,Rshin,HAAL1
PHYTMO,A03,1,2,Rshin,GAT0
PHYTMO,A03,1,2,Rshin,GAT0
PHYTMO,A03,1,2,Rshin,GHT
PHYTMO,A03,1,2,Rshin,HAAL1
PHYTMO,A03,1,2,Rshin,GAT0
PHYTMO,A03,1,2,Rshin,GHT
PHYTMO,A03,1,2,Rshin,GHT
PHYTMO,A03,1,2,Rshin,GAT0
PHYTMO,A03,1,2,Rshin,GAT0
PHYTMO,A03,1,2,Rshin,GAT0
PHYTMO,A03,1,2,Rshin,GHT
PHYTMO,A03,1,2,Rshin,HAAL0
PHYTMO,A03,1,2,Rshin,GAT0
PHYTMO,A03,1,2,Rshin,GAT0
PHYTMO,A03,1,2,Rshin,GHT
PHYTMO,A03,1,2,Rshin,GIS
PHYTMO,A03,1,2,Rshin,GAT0
PHYTMO,A03,1,2,Rshin,GAT0
PHYTMO,A03,1,2,Rshin,GHT
PHYTMO,A03,1,2,Rshin,GHT
PHYTMO,A03,1,2,Rshin,GAT0
PHYTMO,A03,1,2,Rshin,GAT0
PHYTMO,A03,1,2,Rshin,GAT0
PHYTMO,A03,1,2,Rshin,GHT
PHYTMO,A03,1,2,Rshin,HAAL0
PHYTMO,A03,1,2,Rshin,GAT0
PHYTMO,A03,1,2,Rshin,GAT0
PHYTMO,A03,1,2,Rshin,GHT
PHYTMO,A03,1,2,Rshin,GIS
PHYTMO,A03,1,2,Rshin,GAT0
PHYTMO,A03,1,2,Rshin,GAT0
PHYTMO,A03,1,2,Rshin,GHT
PHYTMO,A03,1,2,Rshin,GHT
PHYTMO,A03,1,2,Rshin,GAT0
PHYTMO,A03,1,2,Rshin,GAT0
PHYTMO,A03,1,2,Rshin,GAT0
PHYTMO,A03,1,2,Rshin,GHT
PHYTMO,A03,1,2,Rshin,HAAL0
PHYTMO,A03,1,2,Rshin,GAT0
PHYTMO,A03,1,2,Rshin,GAT0
PHYTMO,A03,1,2,Rshin,GHT
PHYTMO,A03,1,2,Rshin,GIS
PHYTMO,A03,1,2,Rshin,GAT0
PHYTMO,A03,1,2,Rshin,GAT0
PHYTMO,A03,1,2,Rshin,GHT
PHYTMO,A03,1,2,Rshin,GHT
PHYTMO,A03,1,2,Rshin,GAT0
PHYTMO,A03,1,2,Rshin,GAT0
PHYTMO,A03,1,2,Rshin,GAT0
PHYTMO,A03,1,2,Rshin,GHT
PHYTMO,A03,1,2,Rshin,HAAL0
PHYTMO,A03,1,2,Rshin,GAT0
PHYTMO,A03,1,2,Rshin,GAT0
PHYTMO,A03,1,2,Rshin,GHT
PHYTMO,A03,1,2,Rshin,GIS
PHYTMO,A03,1,2,Rshin,GAT0
PHYTMO,A03,1,2,Rshin,GAT0
PHYTMO,A03,1,2,Rshin,GHT
PHYTMO,A03,1,2,Rshin,GHT
PHYTMO,A03,1,2,Rshin,GAT0
PHYTMO,A03,1,2,Rshin,GAT0
PHYTMO,A03,1,2,Rshin,GAT0
PHYTMO,A03,1,2,Rshin,GHT
PHYTMO,A03,1,2,Rshin,HAAL0
PHYTMO,A03,1,2,Rshin,GAT0
PHYTMO,A03,1,2,Rshin,GAT0
PHYTMO,A03,1,2,Rshin,GHT
PHYTMO,A03,1,2,Rshin,GHT
PHYTMO,A03,1,2,Rshin,GAT0
PHYTMO,A03,1,2,Rshin,GAT0
PHYTMO,A03,1,2,Rshin,GHT
PHYTMO,A03,1,2,Rshin,GHT
PHYTMO,A03,1,2,Rshin,GAT0
PHYTMO,A03,1,2,Rshin,GAT0
PHYTMO,A03,1,2,Rshin,GAT0
PHYTMO,A03,1,2,Rshin,GHT
PHYTMO,A03,1,2,Rshin,GIS
PHYTMO,A03,1,2,Rshin,GAT0
PHYTMO,A03,1,2,Rshin,GAT0
PHYTMO,A03,1,2,Rshin,GHT
PHYTMO,A03,1,2,Rshin,GHT
PHYTMO,A03,1,2,Rshin,GAT0
PHYTMO,A03,1,2,Rshin,GAT0
PHYTMO,A03,1,2,Rshin,GHT
PHYTMO,A03,1,2,Rshin,GHT
PHYTMO,A03,1,2,Rshin,GAT0
PHYTMO,A03,1,2,Rshin,GAT0
PHYTMO,A03,1,2,Rshin,GAT0
PHYTMO,A03,1,2,Rshin,GIS
PHYTMO,A03,1,2,Rshin,GIS
PHYTMO,A03,1,2,Rshin,GAT0
PHYTMO,A03,1,2,Rshin,GAT0
PHYTMO,A03,1,2,Rshin,GAT0
PHYTMO,A03,1,2,Rshin,GHT
PHYTMO,A03,1,2,Rshin,GIS
PHYTMO,A03,1,2,Rshin,GAT0
PHYTMO,A03,1,2,Rshin,GAT0
PHYTMO,A03,1,2,Rshin,GHT
PHYTMO,A03,1,2,Rshin,GHT
PHYTMO,A03,1,2,Rshin,GAT0
PHYTMO,A03,1,2,Rshin,GAT0
PHYTMO,A03,1,2,Rshin,GAT0
PHYTMO,A03,1,2,Rshin,GHT
PHYTMO,A03,1,2,Rshin,HAAL0
PHYTMO,A03,1,2,Rshin,GAT0
PHYTMO,A03,1,2,Rshin,GAT0
PHYTMO,A03,1,2,Rshin,GHT
PHYTMO,A03,1,2,Rshin,GIS
PHYTMO,A03,1,2,Rshin,GAT0
PHYTMO,A03,1,2,Rshin,GAT0
PHYTMO,A03,1,2,Rshin,GAT0
PHYTMO,A03,1,2,Rshin,GHT
PHYTMO,A03,1,2,Rshin,HAAL0
PHYTMO,A03,1,2,Rshin,GAT0
PHYTMO,A03,1,2,Rshin,GAT0
PHYTMO,A03,1,2,Rshin,GHT
PHYTMO,A03,1,2,Rshin,HAAL0
PHYTMO,A03,1,2,Rshin,GAT0
PHYTMO,A03,1,2,Rshin,GAT0
PHYTMO,A03,1,2,Rshin,GHT
PHYTMO,A03,1,2,Rshin,GIS
PHYTMO,A03,1,2,Rshin,GAT0
PHYTMO,A03,1,2,Rshin,GAT0
PHYTMO,A03,1,2,Rshin,GAT0
PHYTMO,A03,1,2,Rshin,GHT
PHYTMO,A03,1,2,Rshin,HAAL0
PHYTMO,A03,1,2,Rshin,GAT0
PHYTMO,A03,1,2,Rshin,GAT0
PHYTMO,A03,1,2,Rshin,GHT
PHYTMO,A03,1,2,Rshin,HAAL0
PHYTMO,A03,1,2,Rshin,GAT0
PHYTMO,A03,1,2,Rshin,GAT0
PHYTMO,A03,1,2,Rshin,GHT
PHYTMO,A03,1,2,Rshin,GIS
PHYTMO,A03,1,2,Rshin,GAT0
PHYTMO,A03,1,2,Rshin,GAT0
PHYTMO,A03,1,2,Rshin,GAT0
PHYTMO,A03,1,2,Rshin,GHT
PHYTMO,A03,1,2,Rshin,HAAR0
PHYTMO,A03,1,2,Rshin,GAT0
PHYTMO,A03,1,2,Rshin,GAT0
PHYTMO,A03,1,2,Rshin,GHT
PHYTMO,A03,1,2,Rshin,HAAL0
PHYTMO,A03,1,2,Rshin,GAT0
PHYTMO,A03,1,2,Rshin,GAT0
PHYTMO,A03,1,2,Rshin,GAT0
PHYTMO,A03,1,2,Rshin,GHT
PHYTMO,A03,1,2,Rshin,HAAL1
PHYTMO,A03,1,2,Rshin,GAT0
PHYTMO,A03,1,2,Rshin,GAT0
PHYTMO,A03,1,2,Rshin,GHT
PHYTMO,A03,1,2,Rshin,HAAL1
PHYTMO,A03,1,2,Rshin,GAT0
PHYTMO,A03,1,2,Rshin,GAT0
PHYTMO,A03,1,2,Rshin,GHT
PHYTMO,A03,1,2,Rshin,HAAL0
PHYTMO,A03,1,2,Rshin,GAT0
PHYTMO,A03,1,2,Rshin,GAT0
PHYTMO,A03,1,2,Rshin,GAT0
PHYTMO,A03,1,2,Rshin,GHT
PHYTMO,A03,1,2,Rshin,HAAL1
PHYTMO,A03,1,2,Rshin,GAT0
PHYTMO,A03,1,2,Rshin,GAT0
PHYTMO,A03,1,2,Rshin,GHT
PHYTMO,A03,1,2,Rshin,HAAL1
PHYTMO,A03,1,2,Rshin,GAT0
PHYTMO,A03,1,2,Rshin,GAT0
PHYTMO,A03,1,2,Rshin,GHT
PHYTMO,A03,1,2,Rshin,HAAL0
PHYTMO,A03,1,2,Rshin,GAT0
PHYTMO,A03,1,2,Rshin,GAT0
PHYTMO,A03,1,2,Rshin,GHT
PHYTMO,A03,1,2,Rshin,GHT
PHYTMO,A03,1,2,Rshin,GAT0
PHYTMO,A03,1,2,Rshin,GAT0
PHYTMO,A03,1,2,Rshin,GHT
PHYTMO,A03,1,2,Rshin,GHT
PHYTMO,A03,1,2,Rshin,GAT0
PHYTMO,A03,1,2,Rshin,GAT0
PHYTMO,A03,1,2,Rshin,GHT
PHYTMO,A03,1,2,Rshin,GHT
PHYTMO,A03,1,2,Rshin,GAT0
PHYTMO,A03,1,2,Rshin,GAT0
PHYTMO,A03,1,2,Rshin,GAT0
PHYTMO,A03,1,2,Rshin,GHT
PHYTMO,A03,1,2,Rshin,HAAL0
PHYTMO,A03,1,2,Rshin,GAT0
PHYTMO,A03,1,2,Rshin,GAT0
PHYTMO,A03,1,2,Rshin,GHT
PHYTMO,A03,1,2,Rshin,GIS
PHYTMO,A03,1,2,Rshin,GAT0
PHYTMO,A03,1,2,Rshin,GAT0
PHYTMO,A03,1,2,Rshin,GHT
PHYTMO,A03,1,2,Rshin,GHT
PHYTMO,A03,1,2,Rshin,GAT0
PHYTMO,A03,1,2,Rshin,GAT0
PHYTMO,A03,1,2,Rshin,GAT0
PHYTMO,A03,1,2,Rshin,GHT
PHYTMO,A03,1,2,Rshin,HAAL0
PHYTMO,A03,1,2,Rshin,GAT0
PHYTMO,A03,1,2,Rshin,GAT0
PHYTMO,A03,1,2,Rshin,GHT
PHYTMO,A03,1,2,Rshin,GHT
PHYTMO,A03,1,2,Rshin,GAT0
PHYTMO,A03,1,2,Rshin,GAT0
PHYTMO,A03,1,2,Rshin,GAT0
PHYTMO,A03,1,2,Rshin,GHT
PHYTMO,A03,1,2,Rshin,GHT
PHYTMO,A03,1,2,Rshin,GAT0
PHYTMO,A03,1,2,Rshin,GAT0
PHYTMO,A03,1,2,Rshin,GAT0
PHYTMO,A03,1,2,Rshin,GHT
PHYTMO,A03,1,2,Rshin,HAAL0
PHYTMO,A03,1,2,Rshin,GAT0
PHYTMO,A03,1,2,Rshin,GAT0
PHYTMO,A03,1,2,Rshin,GHT
PHYTMO,A03,1,2,Rshin,GIS
PHYTMO,A03,1,2,Rshin,GAT0
PHYTMO,A03,1,2,Rshin,GAT0
PHYTMO,A03,1,2,Rshin,GHT
PHYTMO,A03,1,2,Rshin,GHT
PHYTMO,A03,1,2,Rshin,GAT0
PHYTMO,A03,1,2,Rshin,GAT0
PHYTMO,A03,1,2,Rshin,GAT0
PHYTMO,A03,1,2,Rshin,GHT
PHYTMO,A03,1,2,Rshin,HAAL0
PHYTMO,A03,1,2,Rshin,GAT0
PHYTMO,A03,1,2,Rshin,GAT0
PHYTMO,A03,1,2,Rshin,GHT
PHYTMO,A03,1,2,Rshin,GIS
PHYTMO,A03,1,2,Rshin,GAT0
PHYTMO,A03,1,2,Rshin,GAT0
PHYTMO,A03,1,2,Rshin,GAT0
PHYTMO,A03,1,2,Rshin,GHT
PHYTMO,A03,1,2,Rshin,HAAR0
PHYTMO,A03,1,2,Rshin,GAT0
PHYTMO,A03,1,2,Rshin,GAT0
PHYTMO,A03,1,2,Rshin,GHT
PHYTMO,A03,1,2,Rshin,HAAL0
PHYTMO,A03,1,2,Rshin,GAT0
PHYTMO,A03,1,2,Rshin,GAT0
PHYTMO,A03,1,2,Rshin,GHT
PHYTMO,A03,1,2,Rshin,GIS
PHYTMO,A03,1,2,Rshin,GAT0
PHYTMO,A03,1,2,Rshin,GAT0
PHYTMO,A03,1,2,Rshin,GAT0
PHYTMO,A03,1,2,Rshin,GHT
PHYTMO,A03,1,2,Rshin,HAAR0
PHYTMO,A03,1,2,Rshin,GAT0
PHYTMO,A03,1,2,Rshin,GAT0
PHYTMO,A03,1,2,Rshin,GHT
PHYTMO,A03,1,2,Rshin,HAAL0
PHYTMO,A03,1,2,Rshin,GAT0
PHYTMO,A03,1,2,Rshin,GAT0
PHYTMO,A03,1,2,Rshin,GHT
PHYTMO,A03,1,2,Rshin,GIS
PHYTMO,A03,1,2,Rshin,GAT0
PHYTMO,A03,1,2,Rshin,GAT0
PHYTMO,A03,1,2,Rshin,GAT0
PHYTMO,A03,1,2,Rshin,GHT
PHYTMO,A03,1,2,Rshin,HAAL0
PHYTMO,A03,1,2,Rshin,GAT0
PHYTMO,A03,1,2,Rshin,GAT0
PHYTMO,A03,1,2,Rshin,GHT
PHYTMO,A03,1,2,Rshin,HAAL0
PHYTMO,A03,1,2,Rshin,GAT0
PHYTMO,A03,1,2,Rshin,GAT0
PHYTMO,A03,1,2,Rshin,GAT0
PHYTMO,A03,1,2,Rshin,GAT0
PHYTMO,A03,1,2,Rshin,GHT
PHYTMO,A03,1,2,Rshin,GAT0
PHYTMO,A03,1,2,Rshin,GAT0
PHYTMO,A03,1,2,Rshin,GAT0
PHYTMO,A03,1,2,Rshin,GAT0
PHYTMO,A03,1,2,Rshin,GHT
PHYTMO,A03,1,2,Rshin,GAT0
PHYTMO,A03,1,2,Rshin,GAT0
PHYTMO,A03,1,2,Rshin,GAT0
PHYTMO,A03,1,2,Rshin,GAT0
PHYTMO,A03,1,2,Rshin,GHT
PHYTMO,A03,1,2,Rshin,GAT0
PHYTMO,A03,1,2,Rshin,GAT0
PHYTMO,A03,1,2,Rshin,GAT0
PHYTMO,A03,1,2,Rshin,GAT0
PHYTMO,A03,1,2,Rshin,GAT0
PHYTMO,A03,1,2,Rshin,GAT0
PHYTMO,A03,1,2,Rshin,GHT
PHYTMO,A03,1,2,Rshin,GAT0
PHYTMO,A03,1,2,Rshin,GAT0
PHYTMO,A03,1,2,Rshin,GAT0
PHYTMO,A03,1,2,Rshin,GAT0
PHYTMO,A03,1,2,Rshin,GHT
PHYTMO,A03,1,2,Rshin,GAT0
PHYTMO,A03,1,2,Rshin,GAT0
PHYTMO,A03,1,2,Rshin,GAT0
PHYTMO,A03,1,2,Rshin,GAT0
PHYTMO,A03,1,2,Rshin,GAT0
PHYTMO,A03,1,2,Rshin,GAT0
PHYTMO,A03,1,2,Rshin,GHT
PHYTMO,A03,1,2,Rshin,GAT0
PHYTMO,A03,1,2,Rshin,GAT0
PHYTMO,A03,1,2,Rshin,GAT0
PHYTMO,A03,1,2,Rshin,GAT0
PHYTMO,A03,1,2,Rshin,GHT
PHYTMO,A03,1,2,Rshin,GAT0
PHYTMO,A03,1,2,Rshin,GAT0
PHYTMO,A03,1,2,Rshin,GAT0
PHYTMO,A03,1,2,Rshin,GAT0
PHYTMO,A03,1,2,Rshin,GAT0
PHYTMO,A03,1,2,Rshin,GAT0
PHYTMO,A03,1,2,Rshin,GHT
PHYTMO,A03,1,2,Rshin,GAT0
PHYTMO,A03,1,2,Rshin,GAT0
PHYTMO,A03,1,2,Rshin,GAT0
PHYTMO,A03,1,2,Rshin,GAT0
PHYTMO,A03,1,2,Rshin,GAT0
PHYTMO,A03,1,2,Rshin,GAT0
PHYTMO,A03,1,2,Rshin,GHT
PHYTMO,A03,1,2,Rshin,GAT0
PHYTMO,A03,1,2,Rshin,GAT0
PHYTMO,A03,1,2,Rshin,GAT0
PHYTMO,A03,1,2,Rshin,GAT0
PHYTMO,A03,1,2,Rshin,GAT0
PHYTMO,A03,1,2,Rshin,GAT0
PHYTMO,A03,1,2,Rshin,GHT
PHYTMO,A03,1,2,Rshin,SQT1
PHYTMO,A03,1,2,Rshin,GAT0
PHYTMO,A03,1,2,Rshin,GHT
PHYTMO,A03,1,2,Rshin,GAT0
PHYTMO,A03,1,2,Rshin,GIS
PHYTMO,A03,1,2,Rshin,HAAL1
PHYTMO,A03,1,2,Rshin,GAT0
PHYTMO,A03,1,2,Rshin,HAAL0
PHYTMO,A03,1,2,Rshin,GHT
PHYTMO,A03,1,2,Rshin,GHT
PHYTMO,A03,1,2,Rshin,GAT0
PHYTMO,A03,1,2,Rshin,GAT0
PHYTMO,A03,1,2,Rshin,GHT
PHYTMO,A03,1,2,Rshin,GHT
PHYTMO,A03,1,2,Rshin,HAAL1
PHYTMO,A03,1,2,Rshin,GAT0
PHYTMO,A03,1,2,Rshin,GAT0
PHYTMO,A03,1,2,Rshin,HAAR0
PHYTMO,A03,1,2,Rshin,SQT0
PHYTMO,A03,1,2,Rshin,GAT0
PHYTMO,A03,1,2,Rshin,GAT0
PHYTMO,A03,1,2,Rshin,HAAR0
PHYTMO,A03,1,2,Rshin,GIS
PHYTMO,A03,1,2,Rshin,GHT
PHYTMO,A03,1,2,Rshin,GAT0
PHYTMO,A03,1,2,Rshin,GAT0
PHYTMO,A03,1,2,Rshin,HAAL0
PHYTMO,A03,1,2,Rshin,GHT
PHYTMO,A03,1,2,Rshin,GAT0
PHYTMO,A03,1,2,Rshin,GAT0
PHYTMO,A03,1,2,Rshin,HAAR0
PHYTMO,A03,1,2,Rshin,GIS
PHYTMO,A03,1,2,Rshin,GHT
PHYTMO,A03,1,2,Rshin,GAT0
PHYTMO,A03,1,2,Rshin,GAT0
PHYTMO,A03,1,2,Rshin,HAAL0
PHYTMO,A03,1,2,Rshin,GHT
PHYTMO,A03,1,2,Rshin,GAT0
PHYTMO,A03,1,2,Rshin,GAT0
PHYTMO,A03,1,2,Rshin,HAAR0
PHYTMO,A03,1,2,Rshin,GIS
PHYTMO,A03,1,2,Rshin,GHT
PHYTMO,A03,1,2,Rshin,GAT0
PHYTMO,A03,1,2,Rshin,GAT0
PHYTMO,A03,1,2,Rshin,HAAL0
PHYTMO,A03,1,2,Rshin,GHT
PHYTMO,A03,1,2,Rshin,GAT0
PHYTMO,A03,1,2,Rshin,GAT0
PHYTMO,A03,1,2,Rshin,HAAR0
PHYTMO,A03,1,2,Rshin,GAT0
PHYTMO,A03,1,2,Rshin,GAT0
PHYTMO,A03,1,2,Rshin,GHT
PHYTMO,A03,1,2,Rshin,GIS
PHYTMO,A03,1,2,Rshin,GAT0
PHYTMO,A03,1,2,Rshin,GAT0
PHYTMO,A03,1,2,Rshin,GAT0
PHYTMO,A03,1,2,Rshin,HAAR0
PHYTMO,A03,1,2,Rshin,GHT
PHYTMO,A03,1,2,Rshin,GAT0
PHYTMO,A03,1,2,Rshin,GAT0
PHYTMO,A03,1,2,Rshin,SQT0
PHYTMO,A03,1,2,Rshin,SQT0
PHYTMO,A03,1,2,Rshin,HAAR0
PHYTMO,A03,1,2,Rshin,GHT
PHYTMO,A03,1,2,Rshin,GHT
PHYTMO,A03,1,2,Rshin,SQT0
PHYTMO,A03,1,2,Rshin,HAAR0
PHYTMO,A03,1,2,Rshin,GHT
PHYTMO,A03,1,2,Rshin,GHT
PHYTMO,A03,1,2,Rshin,HAAR0
PHYTMO,A03,1,2,Rshin,GHT
PHYTMO,A03,1,2,Rshin,GHT
PHYTMO,A03,1,2,Rshin,GHT
PHYTMO,A03,1,2,Rshin,GHT
PHYTMO,A03,1,2,Rshin,GHT
PHYTMO,A03,1,2,Rshin,GHT
PHYTMO,A03,1,2,Rshin,GHT
PHYTMO,A03,1,2,Rshin,GHT
PHYTMO,A03,1,2,Rshin,GHT
PHYTMO,A03,1,2,Rshin,GHT
PHYTMO,A03,1,2,Rshin,GHT
PHYTMO,A03,1,2,Rshin,GHT
PHYTMO,A03,1,2,Rshin,GHT
PHYTMO,A03,1,2,Rshin,GHT
PHYTMO,A03,1,2,Rshin,GHT
PHYTMO,A03,1,2,Rshin,GHT
PHYTMO,A03,1,2,Rshin,GHT
PHYTMO,A03,1,2,Rshin,GHT
PHYTMO,A03,1,2,Rshin,GHT
PHYTMO,A03,1,2,Rshin,GHT
PHYTMO,A03,1,2,Rshin,GHT
PHYTMO,A03,1,2,Rshin,GHT
PHYTMO,A03,1,2,Rshin,GHT
PHYTMO,A03,1,2,Rshin,GHT
PHYTMO,A03,1,2,Rshin,GHT
PHYTMO,A03,1,2,Rshin,GHT
PHYTMO,A03,1,2,Rshin,GHT
PHYTMO,A03,1,2,Rshin,GHT
PHYTMO,A03,1,2,Rshin,GHT
PHYTMO,A03,1,2,Rshin,GHT
PHYTMO,A03,1,2,Rshin,GHT
PHYTMO,A03,1,2,Rshin,GHT
PHYTMO,A03,1,2,Rshin,GHT
PHYTMO,A03,1,2,Rshin,GHT
PHYTMO,A03,1,2,Rshin,GHT
PHYTMO,A03,1,2,Rshin,GHT
PHYTMO,A03,1,2,Rshin,GHT
PHYTMO,A03,1,2,Rshin,GHT
PHYTMO,A03,1,2,Rshin,GHT
PHYTMO,A03,1,2,Rshin,GHT
PHYTMO,A03,1,2,Rshin,GHT
PHYTMO,A03,1,2,Rshin,GHT
PHYTMO,A03,1,2,Rthigh,HAAR1
PHYTMO,A03,1,2,Rthigh,HAAR1
PHYTMO,A03,1,2,Rthigh,HAAL0
PHYTMO,A03,1,2,Rthigh,HAAL0
PHYTMO,A03,1,2,Rthigh,HAAL0
PHYTMO,A03,1,2,Rthigh,GAT0
PHYTMO,A03,1,2,Rthigh,GAT0
PHYTMO,A03,1,2,Rthigh,HAAL0
PHYTMO,A03,1,2,Rthigh,HAAL0
PHYTMO,A03,1,2,Rthigh,GAT0
PHYTMO,A03,1,2,Rthigh,GAT0
PHYTMO,A03,1,2,Rthigh,GAT0
PHYTMO,A03,1,2,Rthigh,GAT0
PHYTMO,A03,1,2,Rthigh,GAT0
PHYTMO,A03,1,2,Rthigh,GAT0
PHYTMO,A03,1,2,Rthigh,GAT0
PHYTMO,A03,1,2,Rthigh,GAT0
PHYTMO,A03,1,2,Rthigh,HAAL0
PHYTMO,A03,1,2,Rthigh,GAT0
PHYTMO,A03,1,2,Rthigh,KFEL1
PHYTMO,A03,1,2,Rthigh,KFER0
PHYTMO,A03,1,2,Rthigh,HAAL0
PHYTMO,A03,1,2,Rthigh,HAAR1
PHYTMO,A03,1,2,Rthigh,GAT0
PHYTMO,A03,1,2,Rthigh,GAT0
PHYTMO,A03,1,2,Rthigh,GAT0
PHYTMO,A03,1,2,Rthigh,HAAL1
PHYTMO,A03,1,2,Rthigh,HAAL0
PHYTMO,A03,1,2,Rthigh,GIS
PHYTMO,A03,1,2,Rthigh,GAT0
PHYTMO,A03,1,2,Rthigh,GAT0
PHYTMO,A03,1,2,Rthigh,HAAL1
PHYTMO,A03,1,2,Rthigh,GAT0
PHYTMO,A03,1,2,Rthigh,GAT0
PHYTMO,A03,1,2,Rthigh,GIS
PHYTMO,A03,1,2,Rthigh,HAAL0
PHYTMO,A03,1,2,Rthigh,GIS
PHYTMO,A03,1,2,Rthigh,GAT0
PHYTMO,A03,1,2,Rthigh,GAT0
PHYTMO,A03,1,2,Rthigh,GIS
PHYTMO,A03,1,2,Rthigh,KFEL1
PHYTMO,A03,1,2,Rthigh,HAAR0
PHYTMO,A03,1,2,Rthigh,HAAL1
PHYTMO,A03,1,2,Rthigh,KFEL1
PHYTMO,A03,1,2,Rthigh,HAAR0
PHYTMO,A03,1,2,Rthigh,GIS
PHYTMO,A03,1,2,Rthigh,GAT0
PHYTMO,A03,1,2,Rthigh,GAT0
PHYTMO,A03,1,2,Rthigh,KFER0
PHYTMO,A03,1,2,Rthigh,HAAR0
PHYTMO,A03,1,2,Rthigh,HAAL1
PHYTMO,A03,1,2,Rthigh,HAAR1
PHYTMO,A03,1,2,Rthigh,HAAR0
PHYTMO,A03,1,2,Rthigh,HAAL1
PHYTMO,A03,1,2,Rthigh,GAT0
PHYTMO,A03,1,2,Rthigh,KFER0
PHYTMO,A03,1,2,Rthigh,GIS
PHYTMO,A03,1,2,Rthigh,GAT0
PHYTMO,A03,1,2,Rthigh,HAAL0
PHYTMO,A03,1,2,Rthigh,HAAL1
PHYTMO,A03,1,2,Rthigh,HAAL1
PHYTMO,A03,1,2,Rthigh,HAAL0
PHYTMO,A03,1,2,Rthigh,GAT0
PHYTMO,A03,1,2,Rthigh,GAT0
PHYTMO,A03,1,2,Rthigh,HAAR0
PHYTMO,A03,1,2,Rthigh,GAT0
PHYTMO,A03,1,2,Rthigh,KFEL1
PHYTMO,A03,1,2,Rthigh,KFER0
PHYTMO,A03,1,2,Rthigh,KFEL0
PHYTMO,A03,1,2,Rthigh,SQT1
PHYTMO,A03,1,2,Rthigh,HAAL1
PHYTMO,A03,1,2,Rthigh,GAT0
PHYTMO,A03,1,2,Rthigh,GAT0
PHYTMO,A03,1,2,Rthigh,GAT0
PHYTMO,A03,1,2,Rthigh,GHT
PHYTMO,A03,1,2,Rthigh,GHT
PHYTMO,A03,1,2,Rthigh,GAT0
PHYTMO,A03,1,2,Rthigh,GAT0
PHYTMO,A03,1,2,Rthigh,GIS
PHYTMO,A03,1,2,Rthigh,GHT
PHYTMO,A03,1,2,Rthigh,GAT0
PHYTMO,A03,1,2,Rthigh,GAT0
PHYTMO,A03,1,2,Rthigh,GIS
PHYTMO,A03,1,2,Rthigh,GHT
PHYTMO,A03,1,2,Rthigh,GAT0
PHYTMO,A03,1,2,Rthigh,GAT0
PHYTMO,A03,1,2,Rthigh,GAT0
PHYTMO,A03,1,2,Rthigh,GHT
PHYTMO,A03,1,2,Rthigh,HAAL1
PHYTMO,A03,1,2,Rthigh,GAT0
PHYTMO,A03,1,2,Rthigh,GAT0
PHYTMO,A03,1,2,Rthigh,GAT0
PHYTMO,A03,1,2,Rthigh,GHT
PHYTMO,A03,1,2,Rthigh,GIS
PHYTMO,A03,1,2,Rthigh,GAT0
PHYTMO,A03,1,2,Rthigh,GAT0
PHYTMO,A03,1,2,Rthigh,GHT
PHYTMO,A03,1,2,Rthigh,GHT
PHYTMO,A03,1,2,Rthigh,GAT0
PHYTMO,A03,1,2,Rthigh,GIS
PHYTMO,A03,1,2,Rthigh,GIS
PHYTMO,A03,1,2,Rthigh,GAT0
PHYTMO,A03,1,2,Rthigh,GAT0
PHYTMO,A03,1,2,Rthigh,GAT0
PHYTMO,A03,1,2,Rthigh,GIS
PHYTMO,A03,1,2,Rthigh,GHT
PHYTMO,A03,1,2,Rthigh,GAT0
PHYTMO,A03,1,2,Rthigh,GAT0
PHYTMO,A03,1,2,Rthigh,GHT
PHYTMO,A03,1,2,Rthigh,GHT
PHYTMO,A03,1,2,Rthigh,GAT0
PHYTMO,A03,1,2,Rthigh,GAT0
PHYTMO,A03,1,2,Rthigh,GAT0
PHYTMO,A03,1,2,Rthigh,GAT0
PHYTMO,A03,1,2,Rthigh,GHT
PHYTMO,A03,1,2,Rthigh,GIS
PHYTMO,A03,1,2,Rthigh,GAT0
PHYTMO,A03,1,2,Rthigh,GAT0
PHYTMO,A03,1,2,Rthigh,GHT
PHYTMO,A03,1,2,Rthigh,GHT
PHYTMO,A03,1,2,Rthigh,GAT0
PHYTMO,A03,1,2,Rthigh,GAT0
PHYTMO,A03,1,2,Rthigh,HAAL0
PHYTMO,A03,1,2,Rthigh,GHT
PHYTMO,A03,1,2,Rthigh,GAT0
PHYTMO,A03,1,2,Rthigh,GAT0
PHYTMO,A03,1,2,Rthigh,GIS
PHYTMO,A03,1,2,Rthigh,GAT0
PHYTMO,A03,1,2,Rthigh,GAT0
PHYTMO,A03,1,2,Rthigh,GIS
PHYTMO,A03,1,2,Rthigh,GAT0
PHYTMO,A03,1,2,Rthigh,GAT0
PHYTMO,A03,1,2,Rthigh,GHT
PHYTMO,A03,1,2,Rthigh,GIS
PHYTMO,A03,1,2,Rthigh,GAT0
PHYTMO,A03,1,2,Rthigh,GAT0
PHYTMO,A03,1,2,Rthigh,GHT
PHYTMO,A03,1,2,Rthigh,GHT
PHYTMO,A03,1,2,Rthigh,GAT0
PHYTMO,A03,1,2,Rthigh,GAT0
PHYTMO,A03,1,2,Rthigh,HAAL0
PHYTMO,A03,1,2,Rthigh,GHT
PHYTMO,A03,1,2,Rthigh,GAT0
PHYTMO,A03,1,2,Rthigh,GAT0
PHYTMO,A03,1,2,Rthigh,GIS
PHYTMO,A03,1,2,Rthigh,GHT
PHYTMO,A03,1,2,Rthigh,GAT0
PHYTMO,A03,1,2,Rthigh,GAT0
PHYTMO,A03,1,2,Rthigh,GHT
PHYTMO,A03,1,2,Rthigh,GAT0
PHYTMO,A03,1,2,Rthigh,GAT0
PHYTMO,A03,1,2,Rthigh,GHT
PHYTMO,A03,1,2,Rthigh,GAT0
PHYTMO,A03,1,2,Rthigh,GAT0
PHYTMO,A03,1,2,Rthigh,GHT
PHYTMO,A03,1,2,Rthigh,GHT
PHYTMO,A03,1,2,Rthigh,GAT0
PHYTMO,A03,1,2,Rthigh,GAT0
PHYTMO,A03,1,2,Rthigh,GIS
PHYTMO,A03,1,2,Rthigh,GHT
PHYTMO,A03,1,2,Rthigh,GAT0
PHYTMO,A03,1,2,Rthigh,GAT0
PHYTMO,A03,1,2,Rthigh,GAT0
PHYTMO,A03,1,2,Rthigh,GAT0
PHYTMO,A03,1,2,Rthigh,GHT
PHYTMO,A03,1,2,Rthigh,HAAL0
PHYTMO,A03,1,2,Rthigh,GAT0
PHYTMO,A03,1,2,Rthigh,GAT0
PHYTMO,A03,1,2,Rthigh,GHT
PHYTMO,A03,1,2,Rthigh,GHT
PHYTMO,A03,1,2,Rthigh,GAT0
PHYTMO,A03,1,2,Rthigh,GAT0
PHYTMO,A03,1,2,Rthigh,GHT
PHYTMO,A03,1,2,Rthigh,GHT
PHYTMO,A03,1,2,Rthigh,GAT0
PHYTMO,A03,1,2,Rthigh,GAT0
PHYTMO,A03,1,2,Rthigh,HAAL0
PHYTMO,A03,1,2,Rthigh,GHT
PHYTMO,A03,1,2,Rthigh,GAT0
PHYTMO,A03,1,2,Rthigh,GAT0
PHYTMO,A03,1,2,Rthigh,GIS
PHYTMO,A03,1,2,Rthigh,GHT
PHYTMO,A03,1,2,Rthigh,GAT0
PHYTMO,A03,1,2,Rthigh,GAT0
PHYTMO,A03,1,2,Rthigh,GAT0
PHYTMO,A03,1,2,Rthigh,GAT0
PHYTMO,A03,1,2,Rthigh,HAAL1
PHYTMO,A03,1,2,Rthigh,GIS
PHYTMO,A03,1,2,Rthigh,GAT0
PHYTMO,A03,1,2,Rthigh,GAT0
PHYTMO,A03,1,2,Rthigh,GHT
PHYTMO,A03,1,2,Rthigh,GIS
PHYTMO,A03,1,2,Rthigh,GAT0
PHYTMO,A03,1,2,Rthigh,GAT0
PHYTMO,A03,1,2,Rthigh,GHT
PHYTMO,A03,1,2,Rthigh,GHT
PHYTMO,A03,1,2,Rthigh,GAT0
PHYTMO,A03,1,2,Rthigh,GIS
PHYTMO,A03,1,2,Rthigh,HAAL0
PHYTMO,A03,1,2,Rthigh,GAT0
PHYTMO,A03,1,2,Rthigh,GAT0
PHYTMO,A03,1,2,Rthigh,GAT0
PHYTMO,A03,1,2,Rthigh,HAAL0
PHYTMO,A03,1,2,Rthigh,GHT
PHYTMO,A03,1,2,Rthigh,GAT0
PHYTMO,A03,1,2,Rthigh,GAT0
PHYTMO,A03,1,2,Rthigh,GAT0
PHYTMO,A03,1,2,Rthigh,GAT0
PHYTMO,A03,1,2,Rthigh,HAAL0
PHYTMO,A03,1,2,Rthigh,GIS
PHYTMO,A03,1,2,Rthigh,GAT0
PHYTMO,A03,1,2,Rthigh,GAT0
PHYTMO,A03,1,2,Rthigh,GHT
PHYTMO,A03,1,2,Rthigh,GIS
PHYTMO,A03,1,2,Rthigh,GAT0
PHYTMO,A03,1,2,Rthigh,GAT0
PHYTMO,A03,1,2,Rthigh,GHT
PHYTMO,A03,1,2,Rthigh,GHT
PHYTMO,A03,1,2,Rthigh,GAT0
PHYTMO,A03,1,2,Rthigh,HAAL0
PHYTMO,A03,1,2,Rthigh,HAAL1
PHYTMO,A03,1,2,Rthigh,GAT0
PHYTMO,A03,1,2,Rthigh,GAT0
PHYTMO,A03,1,2,Rthigh,GAT0
PHYTMO,A03,1,2,Rthigh,GAT0
PHYTMO,A03,1,2,Rthigh,GHT
PHYTMO,A03,1,2,Rthigh,HAAL0
PHYTMO,A03,1,2,Rthigh,GAT0
PHYTMO,A03,1,2,Rthigh,GAT0
PHYTMO,A03,1,2,Rthigh,GHT
PHYTMO,A03,1,2,Rthigh,HAAL0
PHYTMO,A03,1,2,Rthigh,GAT0
PHYTMO,A03,1,2,Rthigh,GAT0
PHYTMO,A03,1,2,Rthigh,GAT0
PHYTMO,A03,1,2,Rthigh,GHT
PHYTMO,A03,1,2,Rthigh,GIS
PHYTMO,A03,1,2,Rthigh,GAT0
PHYTMO,A03,1,2,Rthigh,GHT
PHYTMO,A03,1,2,Rthigh,GHT
PHYTMO,A03,1,2,Rthigh,GAT0
PHYTMO,A03,1,2,Rthigh,GAT0
PHYTMO,A03,1,2,Rthigh,HAAL0
PHYTMO,A03,1,2,Rthigh,GHT
PHYTMO,A03,1,2,Rthigh,GAT0
PHYTMO,A03,1,2,Rthigh,GAT0
PHYTMO,A03,1,2,Rthigh,GIS
PHYTMO,A03,1,2,Rthigh,GHT
PHYTMO,A03,1,2,Rthigh,GAT0
PHYTMO,A03,1,2,Rthigh,GAT0
PHYTMO,A03,1,2,Rthigh,GAT0
PHYTMO,A03,1,2,Rthigh,GAT0
PHYTMO,A03,1,2,Rthigh,GHT
PHYTMO,A03,1,2,Rthigh,HAAL0
PHYTMO,A03,1,2,Rthigh,GAT0
PHYTMO,A03,1,2,Rthigh,GAT0
PHYTMO,A03,1,2,Rthigh,GHT
PHYTMO,A03,1,2,Rthigh,GIS
PHYTMO,A03,1,2,Rthigh,GAT0
PHYTMO,A03,1,2,Rthigh,GAT0
PHYTMO,A03,1,2,Rthigh,GHT
PHYTMO,A03,1,2,Rthigh,GHT
PHYTMO,A03,1,2,Rthigh,GAT0
PHYTMO,A03,1,2,Rthigh,GAT0
PHYTMO,A03,1,2,Rthigh,GHT
PHYTMO,A03,1,2,Rthigh,GHT
PHYTMO,A03,1,2,Rthigh,GAT0
PHYTMO,A03,1,2,Rthigh,GAT0
PHYTMO,A03,1,2,Rthigh,GIS
PHYTMO,A03,1,2,Rthigh,GHT
PHYTMO,A03,1,2,Rthigh,GAT0
PHYTMO,A03,1,2,Rthigh,GAT0
PHYTMO,A03,1,2,Rthigh,GAT0
PHYTMO,A03,1,2,Rthigh,GHT
PHYTMO,A03,1,2,Rthigh,HAAL1
PHYTMO,A03,1,2,Rthigh,GAT0
PHYTMO,A03,1,2,Rthigh,GAT0
PHYTMO,A03,1,2,Rthigh,GAT0
PHYTMO,A03,1,2,Rthigh,GHT
PHYTMO,A03,1,2,Rthigh,GIS
PHYTMO,A03,1,2,Rthigh,GAT0
PHYTMO,A03,1,2,Rthigh,GAT0
PHYTMO,A03,1,2,Rthigh,GHT
PHYTMO,A03,1,2,Rthigh,GHT
PHYTMO,A03,1,2,Rthigh,GAT0
PHYTMO,A03,1,2,Rthigh,GAT0
PHYTMO,A03,1,2,Rthigh,GHT
PHYTMO,A03,1,2,Rthigh,GHT
PHYTMO,A03,1,2,Rthigh,GAT0
PHYTMO,A03,1,2,Rthigh,GIS
PHYTMO,A03,1,2,Rthigh,GIS
PHYTMO,A03,1,2,Rthigh,GAT0
PHYTMO,A03,1,2,Rthigh,GAT0
PHYTMO,A03,1,2,Rthigh,GAT0
PHYTMO,A03,1,2,Rthigh,GIS
PHYTMO,A03,1,2,Rthigh,GHT
PHYTMO,A03,1,2,Rthigh,GAT0
PHYTMO,A03,1,2,Rthigh,GAT0
PHYTMO,A03,1,2,Rthigh,GAT0
PHYTMO,A03,1,2,Rthigh,GHT
PHYTMO,A03,1,2,Rthigh,HAAL0
PHYTMO,A03,1,2,Rthigh,GAT0
PHYTMO,A03,1,2,Rthigh,GAT0
PHYTMO,A03,1,2,Rthigh,GAT0
PHYTMO,A03,1,2,Rthigh,GHT
PHYTMO,A03,1,2,Rthigh,GIS
PHYTMO,A03,1,2,Rthigh,GAT0
PHYTMO,A03,1,2,Rthigh,GHT
PHYTMO,A03,1,2,Rthigh,GHT
PHYTMO,A03,1,2,Rthigh,GAT0
PHYTMO,A03,1,2,Rthigh,GAT0
PHYTMO,A03,1,2,Rthigh,GIS
PHYTMO,A03,1,2,Rthigh,GIS
PHYTMO,A03,1,2,Rthigh,GAT0
PHYTMO,A03,1,2,Rthigh,GAT0
PHYTMO,A03,1,2,Rthigh,GAT0
PHYTMO,A03,1,2,Rthigh,GHT
PHYTMO,A03,1,2,Rthigh,GHT
PHYTMO,A03,1,2,Rthigh,GAT0
PHYTMO,A03,1,2,Rthigh,GAT0
PHYTMO,A03,1,2,Rthigh,GHT
PHYTMO,A03,1,2,Rthigh,GHT
PHYTMO,A03,1,2,Rthigh,GAT0
PHYTMO,A03,1,2,Rthigh,GAT0
PHYTMO,A03,1,2,Rthigh,GAT0
PHYTMO,A03,1,2,Rthigh,GAT0
PHYTMO,A03,1,2,Rthigh,GIS
PHYTMO,A03,1,2,Rthigh,GIS
PHYTMO,A03,1,2,Rthigh,GAT0
PHYTMO,A03,1,2,Rthigh,GHT
PHYTMO,A03,1,2,Rthigh,GHT
PHYTMO,A03,1,2,Rthigh,GAT0
PHYTMO,A03,1,2,Rthigh,GAT0
PHYTMO,A03,1,2,Rthigh,GIS
PHYTMO,A03,1,2,Rthigh,GHT
PHYTMO,A03,1,2,Rthigh,GAT0
PHYTMO,A03,1,2,Rthigh,GAT0
PHYTMO,A03,1,2,Rthigh,GIS
PHYTMO,A03,1,2,Rthigh,GHT
PHYTMO,A03,1,2,Rthigh,GAT0
PHYTMO,A03,1,2,Rthigh,GAT0
PHYTMO,A03,1,2,Rthigh,GAT0
PHYTMO,A03,1,2,Rthigh,GAT0
PHYTMO,A03,1,2,Rthigh,HAAL0
PHYTMO,A03,1,2,Rthigh,GIS
PHYTMO,A03,1,2,Rthigh,GAT0
PHYTMO,A03,1,2,Rthigh,GAT0
PHYTMO,A03,1,2,Rthigh,GHT
PHYTMO,A03,1,2,Rthigh,GIS
PHYTMO,A03,1,2,Rthigh,GAT0
PHYTMO,A03,1,2,Rthigh,GAT0
PHYTMO,A03,1,2,Rthigh,GHT
PHYTMO,A03,1,2,Rthigh,GHT
PHYTMO,A03,1,2,Rthigh,GAT0
PHYTMO,A03,1,2,Rthigh,GAT0
PHYTMO,A03,1,2,Rthigh,HAAL0
PHYTMO,A03,1,2,Rthigh,GHT
PHYTMO,A03,1,2,Rthigh,GAT0
PHYTMO,A03,1,2,Rthigh,GAT0
PHYTMO,A03,1,2,Rthigh,GIS
PHYTMO,A03,1,2,Rthigh,GHT
PHYTMO,A03,1,2,Rthigh,GAT0
PHYTMO,A03,1,2,Rthigh,GAT0
PHYTMO,A03,1,2,Rthigh,GAT0
PHYTMO,A03,1,2,Rthigh,GAT0
PHYTMO,A03,1,2,Rthigh,HAAL0
PHYTMO,A03,1,2,Rthigh,GIS
PHYTMO,A03,1,2,Rthigh,GAT0
PHYTMO,A03,1,2,Rthigh,GAT0
PHYTMO,A03,1,2,Rthigh,HAAL1
PHYTMO,A03,1,2,Rthigh,GIS
PHYTMO,A03,1,2,Rthigh,GAT0
PHYTMO,A03,1,2,Rthigh,GAT0
PHYTMO,A03,1,2,Rthigh,GHT
PHYTMO,A03,1,2,Rthigh,GHT
PHYTMO,A03,1,2,Rthigh,GAT0
PHYTMO,A03,1,2,Rthigh,GAT0
PHYTMO,A03,1,2,Rthigh,GHT
PHYTMO,A03,1,2,Rthigh,GHT
PHYTMO,A03,1,2,Rthigh,GAT0
PHYTMO,A03,1,2,Rthigh,GIS
PHYTMO,A03,1,2,Rthigh,GIS
PHYTMO,A03,1,2,Rthigh,GAT0
PHYTMO,A03,1,2,Rthigh,GAT0
PHYTMO,A03,1,2,Rthigh,GAT0
PHYTMO,A03,1,2,Rthigh,GAT0
PHYTMO,A03,1,2,Rthigh,GHT
PHYTMO,A03,1,2,Rthigh,HAAL0
PHYTMO,A03,1,2,Rthigh,GAT0
PHYTMO,A03,1,2,Rthigh,GAT0
PHYTMO,A03,1,2,Rthigh,GHT
PHYTMO,A03,1,2,Rthigh,HAAL0
PHYTMO,A03,1,2,Rthigh,GAT0
PHYTMO,A03,1,2,Rthigh,GAT0
PHYTMO,A03,1,2,Rthigh,GAT0
PHYTMO,A03,1,2,Rthigh,GHT
PHYTMO,A03,1,2,Rthigh,GHT
PHYTMO,A03,1,2,Rthigh,GAT0
PHYTMO,A03,1,2,Rthigh,HAAL0
PHYTMO,A03,1,2,Rthigh,GHT
PHYTMO,A03,1,2,Rthigh,GAT0
PHYTMO,A03,1,2,Rthigh,GAT0
PHYTMO,A03,1,2,Rthigh,GIS
PHYTMO,A03,1,2,Rthigh,GIS
PHYTMO,A03,1,2,Rthigh,GAT0
PHYTMO,A03,1,2,Rthigh,GAT0
PHYTMO,A03,1,2,Rthigh,GAT0
PHYTMO,A03,1,2,Rthigh,GHT
PHYTMO,A03,1,2,Rthigh,GHT
PHYTMO,A03,1,2,Rthigh,HAAL0
PHYTMO,A03,1,2,Rthigh,GAT0
PHYTMO,A03,1,2,Rthigh,GAT0
PHYTMO,A03,1,2,Rthigh,HAAR1
PHYTMO,A03,1,2,Rthigh,GIS
PHYTMO,A03,1,2,Rthigh,GAT0
PHYTMO,A03,1,2,Rthigh,GAT0
PHYTMO,A03,1,2,Rthigh,GAT0
PHYTMO,A03,1,2,Rthigh,HAAR0
PHYTMO,A03,1,2,Rthigh,GAT0
PHYTMO,A03,1,2,Rthigh,HAAR1
PHYTMO,A03,1,2,Rthigh,GHT
PHYTMO,A03,1,2,Rthigh,GAT0
PHYTMO,A03,1,2,Rthigh,GAT0
PHYTMO,A03,1,2,Rthigh,GIS
PHYTMO,A03,1,2,Rthigh,HAAR0
PHYTMO,A03,1,2,Rthigh,GAT0
PHYTMO,A03,1,2,Rthigh,GAT0
PHYTMO,A03,1,2,Rthigh,GHT
PHYTMO,A03,1,2,Rthigh,GAT0
PHYTMO,A03,1,2,Rthigh,KFEL0
PHYTMO,A03,1,2,Rthigh,GIS
PHYTMO,A03,1,2,Rthigh,HAAR0
PHYTMO,A03,1,2,Rthigh,GAT0
PHYTMO,A03,1,2,Rthigh,GAT0
PHYTMO,A03,1,2,Rthigh,GAT0
PHYTMO,A03,1,2,Rthigh,KFER0
PHYTMO,A03,1,2,Rthigh,HAAR1
PHYTMO,A03,1,2,Rthigh,GIS
PHYTMO,A03,1,2,Rthigh,GAT0
PHYTMO,A03,1,2,Rthigh,GAT0
PHYTMO,A03,1,2,Rthigh,GHT
PHYTMO,A03,1,2,Rthigh,SQT0
PHYTMO,A03,1,2,Rthigh,GAT0
PHYTMO,A03,1,2,Rthigh,KFEL0
PHYTMO,A03,1,2,Rthigh,GAT0
PHYTMO,A03,1,2,Rthigh,GAT0
PHYTMO,A03,1,2,Rthigh,GAT0
PHYTMO,A03,1,2,Rthigh,SQT1
PHYTMO,A03,1,2,Rthigh,GHT
PHYTMO,A03,1,2,Rthigh,GAT0
PHYTMO,A03,1,2,Rthigh,GAT0
PHYTMO,A03,1,2,Rthigh,GHT
PHYTMO,A03,1,2,Rthigh,GAT0
PHYTMO,A03,1,2,Rthigh,HAAL1
PHYTMO,A03,1,2,Rthigh,GHT
PHYTMO,A03,1,2,Rthigh,GHT
PHYTMO,A03,1,2,Rthigh,GAT0
PHYTMO,A03,1,2,Rthigh,GAT0
PHYTMO,A03,1,2,Rthigh,GAT0
PHYTMO,A03,1,2,Rthigh,HAAL0
PHYTMO,A03,1,2,Rthigh,HAAL1
PHYTMO,A03,1,2,Rthigh,SQT1
PHYTMO,A03,1,2,Rthigh,GAT0
PHYTMO,A03,1,2,Rthigh,GAT0
PHYTMO,A03,1,2,Rthigh,GHT
PHYTMO,A03,1,2,Rthigh,HAAR1
PHYTMO,A03,1,2,Rthigh,HAAL0
PHYTMO,A03,1,2,Rthigh,HAAL1
PHYTMO,A03,1,2,Rthigh,GAT0
PHYTMO,A03,1,2,Rthigh,GAT0
PHYTMO,A03,1,2,Rthigh,GIS
PHYTMO,A03,1,2,Rthigh,HAAL0
PHYTMO,A03,1,2,Rthigh,GAT0
PHYTMO,A03,1,2,Rthigh,GIS
PHYTMO,A03,1,2,Rthigh,GHT
PHYTMO,A03,1,2,Rthigh,GAT0
PHYTMO,A03,1,2,Rthigh,GIS
PHYTMO,A03,1,2,Rthigh,GIS
PHYTMO,A03,1,2,Rthigh,GAT0
PHYTMO,A03,1,2,Rthigh,GHT
PHYTMO,A03,1,2,Rthigh,GHT
PHYTMO,A03,1,2,Rthigh,GAT0
PHYTMO,A03,1,2,Rthigh,GAT0
PHYTMO,A03,1,2,Rthigh,KFER1
PHYTMO,A03,1,2,Rthigh,HAAL0
PHYTMO,A03,1,2,Rthigh,HAAL1
PHYTMO,A03,1,2,Rthigh,GAT0
PHYTMO,A03,1,2,Rthigh,GAT0
PHYTMO,A03,1,2,Rthigh,GIS
PHYTMO,A03,1,2,Rthigh,HAAL1
PHYTMO,A03,1,2,Rthigh,GHT
PHYTMO,A03,1,2,Rthigh,GAT0
PHYTMO,A03,1,2,Rthigh,GAT0
PHYTMO,A03,1,2,Rthigh,HAAL1
PHYTMO,A03,1,2,Rthigh,GHT
PHYTMO,A03,1,2,Rthigh,GHT
PHYTMO,A03,1,2,Rthigh,GAT0
PHYTMO,A03,1,2,Rthigh,GAT0
PHYTMO,A03,1,2,Rthigh,GHT
PHYTMO,A03,1,2,Rthigh,GAT0
PHYTMO,A03,1,2,Rthigh,HAAL1
PHYTMO,A03,1,2,Rthigh,GAT0
PHYTMO,A03,1,2,Rthigh,GAT0
PHYTMO,A03,1,2,Rthigh,GAT0
PHYTMO,A03,1,2,Rthigh,GAT0
PHYTMO,A03,1,2,Rthigh,GAT0
PHYTMO,A03,1,2,Rthigh,GAT0
PHYTMO,A03,1,2,Rthigh,GHT
PHYTMO,A03,1,2,Rthigh,GAT0
PHYTMO,A03,1,2,Rthigh,GAT0
PHYTMO,A03,1,2,Rthigh,HAAR0
PHYTMO,A03,1,2,Rthigh,GAT0
PHYTMO,A03,1,2,Rthigh,GAT0
PHYTMO,A03,1,2,Rthigh,GHT
PHYTMO,A03,1,2,Rthigh,HAAR0
PHYTMO,A03,1,2,Rthigh,GAT0
PHYTMO,A03,1,2,Rthigh,GHT
PHYTMO,A03,1,2,Rthigh,SQT0
PHYTMO,A03,1,2,Rthigh,HAAR0
PHYTMO,A03,1,2,Rthigh,HAAR0
PHYTMO,A03,1,2,Rthigh,GHT
PHYTMO,A03,1,2,Rthigh,GHT
PHYTMO,A03,1,2,Rthigh,GHT
PHYTMO,A03,1,2,Rthigh,GHT
PHYTMO,A03,1,2,Rthigh,HAAR0
PHYTMO,A03,1,2,Rthigh,SQT0
PHYTMO,A03,1,2,Rthigh,HAAR0
PHYTMO,A03,1,2,Rthigh,HAAR0
PHYTMO,A03,1,2,Rthigh,GHT
PHYTMO,A03,1,2,Rthigh,GHT
PHYTMO,A03,1,2,Rthigh,GHT
PHYTMO,A03,1,2,Rthigh,SQT1
PHYTMO,A03,1,2,Rthigh,HAAR0
PHYTMO,A03,1,2,Rthigh,HAAR0
PHYTMO,A03,1,2,Rthigh,SQT1
PHYTMO,A03,1,2,Rthigh,GHT
PHYTMO,A03,1,2,Rthigh,GHT
PHYTMO,A03,1,2,Rthigh,SQT1
PHYTMO,A03,1,2,Rthigh,GHT
PHYTMO,A03,1,2,Rthigh,GHT
PHYTMO,A03,1,2,Rthigh,GHT
PHYTMO,A03,1,2,Rthigh,GHT
PHYTMO,A03,1,2,Rthigh,GHT
PHYTMO,A03,1,2,Rthigh,GHT
PHYTMO,A03,1,2,Rthigh,GHT
PHYTMO,A03,1,2,Rthigh,GHT
PHYTMO,A03,1,2,Rthigh,GHT
PHYTMO,A03,1,2,Rthigh,GHT
PHYTMO,A03,1,2,Rthigh,GHT
PHYTMO,A03,1,2,Rthigh,GHT
PHYTMO,A03,1,2,Rthigh,GHT
PHYTMO,A03,1,2,Rthigh,GHT
PHYTMO,A03,1,2,Rthigh,GHT
PHYTMO,A03,1,2,Rthigh,GHT
PHYTMO,A03,1,2,Rthigh,GHT
PHYTMO,A03,1,2,Rthigh,GHT
PHYTMO,A03,1,2,Rthigh,GHT
PHYTMO,A03,1,2,Rthigh,GHT
PHYTMO,A03,1,2,Rthigh,GHT
PHYTMO,A03,1,2,Rthigh,GHT
PHYTMO,A03,1,2,Rthigh,GHT
PHYTMO,A03,1,2,Rthigh,GHT
PHYTMO,A03,1,2,Rthigh,GHT
PHYTMO,A03,1,2,Rthigh,GHT
PHYTMO,A03,1,2,Rthigh,GHT
PHYTMO,A03,1,2,Rthigh,GHT
PHYTMO,A03,1,2,Rthigh,GHT
PHYTMO,A03,1,2,Rthigh,GHT
PHYTMO,A03,1,2,Rthigh,GHT
PHYTMO,A03,1,2,Rthigh,GHT
PHYTMO,A03,1,2,Rthigh,GHT
PHYTMO,A03,1,2,Rthigh,GHT
PHYTMO,A03,1,2,Rthigh,GHT
PHYTMO,A03,1,2,Rthigh,GHT
PHYTMO,A03,1,2,Rthigh,GHT
